#{"t_start": 1594397513.2654078, "env_id": "InvertedDoublePendulumPyBulletEnv-v0"}
r,l,t
231.911246,25,1.494358
232.120168,25,1.572428
223.123559,24,1.647497
324.853321,35,1.757597
213.305997,23,1.841673
222.35191,24,1.916742
250.814299,27,2.010827
194.713261,21,2.076888
241.435468,26,2.157961
185.482552,20,2.222019
250.701687,27,2.314103
241.080558,26,2.407187
353.753974,38,2.539307
241.641693,26,2.639398
185.314297,20,2.709463
250.776205,27,2.797542
175.918496,19,2.859599
241.507027,26,2.959689
194.583379,21,3.03676
269.290352,29,3.154866
241.336057,26,24.713455
213.225021,23,24.787522
223.072036,24,24.8726
241.696723,26,24.963682
343.901101,37,25.084792
213.144021,23,25.15886
203.881198,22,25.242936
204.203046,22,25.315002
343.576954,37,25.443118
260.264688,28,25.532199
306.871243,33,25.637295
353.431848,38,25.759405
353.203894,38,25.892528
287.658037,31,25.994619
231.842019,25,26.072691
222.601097,24,26.14976
250.590599,27,26.23684
250.97882,27,26.323918
185.388424,20,42.43856
269.211242,29,42.531645
344.154741,37,42.651754
212.93933,23,42.728824
361.70511,39,42.86695
380.758807,41,42.996067
185.330015,20,43.067133
213.455158,23,43.1422
362.303966,39,43.266313
288.049354,31,43.369406
324.948293,35,43.479506
222.944196,24,43.558578
251.07478,27,43.646658
381.119381,41,43.778778
241.619113,26,43.860852
194.459573,21,43.931917
222.275502,24,44.006985
278.557961,30,60.170672
343.894566,37,60.287778
259.84965,28,60.375859
334.438377,36,60.48796
259.522943,28,60.57504
297.297438,32,60.681136
250.06474,27,60.766214
204.226754,22,60.835276
334.646953,36,60.948379
287.475108,31,61.054475
493.608144,53,61.230635
278.16661,30,61.35675
474.820695,51,61.536913
418.542868,45,61.679042
324.811635,35,61.792145
259.692137,28,77.85474
353.105197,38,77.974849
231.730988,25,78.059927
381.42958,41,78.189044
352.902133,38,78.310154
259.911214,28,78.397233
418.866924,45,78.538361
250.36201,27,78.62444
371.472616,40,78.752555
352.786318,38,78.871664
456.573287,49,79.033811
446.950808,48,79.184949
213.280791,23,79.258015
437.725689,47,79.454193
398.792275,43,95.534804
315.638641,34,95.663922
437.190134,47,95.820063
194.744623,21,95.885123
278.483755,30,95.979208
194.685523,21,96.060282
361.58582,39,96.185396
269.054061,29,96.276478
259.92895,28,96.368562
278.785937,30,96.46665
279.015678,30,96.562738
390.884044,42,96.705868
528.770345,57,96.890036
222.260585,24,96.966105
296.677158,32,97.066196
315.551707,34,118.646804
307.119086,33,118.751899
399.757063,43,118.89603
362.213025,39,119.023146
427.927929,46,119.192302
232.287677,25,119.277377
343.644615,37,119.392482
269.33094,29,119.48957
381.807375,41,119.635703
287.665374,31,119.734792
240.96663,26,119.829879
371.643797,40,119.991025
259.919671,28,120.081108
427.058164,46,120.222236
278.379101,30,136.232784
343.944155,37,136.37291
343.927104,37,136.495021
390.140763,42,136.653165
325.098391,35,136.767268
399.605903,43,136.93342
399.694564,43,137.08756
353.166123,38,137.205667
204.153384,22,137.28574
296.698136,32,137.397842
548.7264,59,137.614038
427.671982,46,137.759171
352.452745,38,137.901299
296.45408,32,138.004393
455.739966,49,154.132047
268.88257,29,154.222128
502.953552,54,154.402292
390.24572,42,154.54342
390.508034,42,154.678543
408.811302,44,154.823675
296.786996,32,154.947788
343.804147,37,155.068898
241.047258,26,155.151973
455.705867,49,155.313119
362.764403,39,155.440235
465.24834,50,155.600381
240.813476,26,171.637953
437.376846,47,171.789089
418.384323,45,171.93222
334.058838,36,172.047324
436.926493,47,172.19646
353.216574,38,172.320573
549.121045,59,172.506742
390.588087,42,172.666888
334.517528,36,172.77999
455.468624,49,172.951146
418.777974,45,173.114294
315.671004,34,173.223393
352.987825,38,189.290992
465.319379,50,189.448135
437.080172,47,189.594268
334.421635,36,189.709372
484.035789,52,189.873523
343.453057,37,189.997634
745.794462,80,190.247862
296.610834,32,190.347953
343.475432,37,190.468062
343.764037,37,190.589172
315.520798,34,190.710282
474.513584,51,190.871428
464.767911,50,200.418103
390.456346,42,200.561234
501.846805,54,200.727384
436.825956,47,200.889531
399.709915,43,201.028658
315.724342,34,201.147766
343.687528,37,201.285892
343.865561,37,201.416009
399.180294,43,201.557137
699.316041,75,201.795354
389.834202,42,201.926473
334.3402,36,205.909092
324.635111,35,206.022194
446.39558,48,206.17133
596.253239,64,206.374515
381.047421,41,206.500629
445.865713,48,206.659774
306.250637,33,206.76487
408.851115,44,206.904997
418.459779,45,207.047126
455.894997,49,207.206271
324.97794,35,207.31537
371.778698,40,207.43748
353.118355,38,211.397078
342.251857,37,211.510181
512.082531,55,211.678334
446.552296,48,211.83948
465.398919,50,211.994622
652.037182,70,212.210818
408.003428,44,212.349944
464.124105,50,212.516095
389.869426,42,212.651218
690.084136,74,212.885431
512.390742,55,216.884063
296.678777,32,216.988158
371.574859,40,217.113272
427.399089,46,217.26441
315.774826,34,217.368504
390.384969,42,217.512635
334.172234,36,217.619732
493.127087,53,217.784882
334.223851,36,217.906994
409.078968,44,218.045119
437.305508,47,218.188249
306.037057,33,218.28834
380.839935,41,222.258947
427.805497,46,222.407082
530.543344,57,222.584243
568.312204,61,222.775417
455.814214,49,222.933561
408.856576,44,223.07569
568.158629,61,223.272869
633.1763,68,223.500075
437.085702,47,223.64923
633.351161,68,233.370043
577.548036,62,233.579234
463.968582,50,233.736376
390.381171,42,233.867496
352.293046,38,233.985603
418.412382,45,234.128733
492.950973,53,234.313901
520.798519,56,234.48906
417.922876,45,234.639197
631.868474,68,234.854392
399.892502,43,234.981508
371.216564,40,238.966128
483.574905,52,239.12227
371.895635,40,239.245382
361.777659,39,239.361487
455.49373,49,239.515627
324.699758,35,239.622724
362.392242,39,239.740832
446.0284,48,239.91499
371.186027,40,240.034098
380.850371,41,240.17923
427.673151,46,240.321359
408.873426,44,240.45348
380.243519,41,244.431094
464.61,50,244.583231
390.015682,42,244.711349
595.880636,64,244.905525
725.316027,78,245.171766
389.863923,42,245.297882
455.863182,49,245.447017
661.981086,71,245.666216
585.198853,63,245.864396
352.909298,38,249.854021
389.826439,42,249.981137
454.905325,49,250.129271
848.329388,91,250.40352
520.726805,56,250.573675
549.35382,59,250.762847
512.156339,55,250.927997
361.608891,39,251.047104
446.226584,48,251.191236
418.596742,45,251.324357
1016.829284,109,255.508158
333.816773,36,255.623264
483.723204,52,255.781406
558.728802,60,255.968577
353.055142,38,256.114709
773.446191,83,256.372944
568.233522,61,256.55611
501.783148,54,256.718258
549.542527,59,266.50515
632.226314,68,266.715342
530.70924,57,266.92253
781.044029,84,267.187771
361.464313,39,267.306879
549.174949,59,267.485041
408.997602,44,267.61716
699.137184,75,267.852375
408.28546,44,267.985495
454.748103,49,271.992136
548.43214,59,272.173301
465.375289,50,272.332445
455.840705,49,272.490589
408.736559,44,272.620707
426.906101,46,272.769843
493.49425,53,272.930989
446.381327,48,273.094137
641.941067,69,273.300324
566.982503,61,277.373025
465.227974,50,277.524162
473.370672,51,277.685309
445.983488,48,277.835445
727.131436,78,278.069658
435.94097,47,278.242817
594.890084,64,278.447001
343.641324,37,278.566109
539.968075,58,278.74327
491.65605,53,278.901413
492.735612,53,282.927071
568.235137,61,283.122249
521.206073,56,283.31142
434.587392,47,283.460556
501.968214,54,283.630712
511.441119,55,283.807872
548.645288,59,283.985033
502.424786,54,284.154187
678.813706,73,284.382394
605.547031,65,288.425067
511.360526,55,288.591218
492.843559,53,288.764375
686.893743,74,288.986578
502.176836,54,289.148725
380.055337,41,289.272838
594.678713,64,289.464011
576.952881,62,289.658187
632.796681,68,299.792395
699.250606,75,300.055634
568.018983,61,300.241804
596.226507,64,300.435981
418.501716,45,300.570102
697.148825,75,300.81032
427.481358,46,300.972468
539.215473,58,301.183659
577.140345,62,301.37183
511.80357,55,305.382475
698.529089,75,305.609681
584.922647,63,305.810864
567.894716,61,306.006042
492.772478,53,306.166186
640.438774,69,306.373375
474.099276,51,306.526514
352.98308,38,306.64262
500.797353,54,306.813775
482.129088,52,310.878468
755.407329,81,311.131699
399.640989,43,311.260816
502.398395,54,311.422963
594.288229,64,311.62815
437.124868,47,311.769278
511.286494,55,311.943436
462.731117,50,312.094573
446.113449,48,312.235702
745.422594,80,316.304399
520.732386,56,316.469548
736.160843,79,316.712769
874.563575,94,316.995026
623.934164,67,317.214227
671.056507,72,317.431423
548.836446,59,317.609585
577.272778,62,321.64325
510.922613,55,321.816407
763.193336,82,322.100665
595.801566,64,322.298845
782.110379,84,322.581101
801.399163,86,322.840337
539.759052,58,323.017498
632.194941,68,333.11267
602.07154,65,333.307848
454.234446,49,333.454982
499.379462,54,333.620132
1247.966507,134,334.039513
586.214803,63,334.247702
726.717362,78,334.481915
876.062649,94,338.590648
585.659892,63,338.81185
744.028809,80,339.056071
912.947606,98,339.384369
632.822875,68,339.587554
745.389076,80,339.844787
351.582217,38,339.962895
538.581295,58,343.995559
482.902447,52,344.1507
1475.636882,158,344.66717
883.400461,95,344.961437
754.982369,81,345.205659
736.396246,79,345.467897
727.728249,78,349.580634
950.358892,102,349.904928
763.944584,82,350.153155
866.306888,93,350.501471
783.014416,84,350.765711
670.984799,72,350.98491
1165.665445,125,355.230767
623.26399,67,355.433952
688.959152,74,355.66216
903.936483,97,355.99246
922.778393,99,356.288729
1157.54785,124,366.934401
865.716113,93,367.241681
829.807291,89,367.508924
641.37931,69,367.717113
885.913527,95,368.01138
827.572285,89,368.278623
614.080658,66,372.319294
707.517235,76,372.57853
782.008345,84,372.830759
726.044533,78,373.064972
454.682061,49,373.214108
865.949905,93,373.528393
820.419786,88,373.813652
717.280156,77,377.91538
464.793552,50,378.065515
755.169839,81,378.315743
1043.032961,112,378.668064
651.729253,70,378.948318
688.739813,74,379.183531
894.569073,96,383.323293
530.366484,57,383.495449
1035.552528,111,383.828752
950.383358,102,384.13403
567.742111,61,384.316195
938.764434,101,384.625476
566.811941,61,388.650133
1007.294605,108,389.027476
632.79028,68,389.23066
630.314202,68,389.438849
866.357943,93,389.75914
904.4467,97,390.052407
783.184885,84,400.672056
1203.107633,129,401.063412
895.704176,96,401.349672
529.867856,57,401.52383
679.950411,73,401.745031
1276.874214,137,402.254494
1138.175229,122,406.505356
855.723911,92,406.803627
1082.385451,116,407.154947
1288.654945,138,407.612362
323.14782,35,407.715457
1099.796912,118,411.930285
1061.910327,114,412.271596
698.659074,75,412.506809
735.835203,79,412.745026
932.666162,100,413.067319
763.511813,82,417.245114
848.007776,91,417.531375
1137.375006,122,417.908717
819.538927,88,418.192976
398.672996,43,418.320091
1231.42672,132,422.630008
885.512354,95,422.943292
923.463355,99,423.245566
735.978619,79,423.479779
1091.298217,117,423.859124
1129.811113,121,434.885143
1203.999351,129,435.2785
848.637878,91,435.572768
1480.490064,159,436.062212
417.568319,45,436.199336
661.405444,71,436.448563
735.963837,79,440.543284
677.802796,73,440.760481
575.906748,62,440.985686
1134.967399,122,441.359025
829.425281,89,441.625267
689.371975,74,441.880498
1164.208926,125,446.132362
678.707965,73,446.350561
1344.333766,144,446.832999
734.496205,79,447.086228
876.410607,94,447.367484
707.556684,76,451.456199
1409.481962,151,451.920621
604.578757,65,452.115799
1232.304472,132,452.524169
923.330763,99,452.847463
977.963542,105,457.024259
929.672657,100,457.354559
1464.556745,157,457.825988
353.053055,38,457.941092
314.187484,34,458.043184
1073.199387,115,468.681851
1024.410101,110,469.017155
1279.053459,137,469.450549
622.045832,67,469.657738
716.865408,77,469.919976
826.823178,89,470.22225
848.60032,91,474.411057
614.208704,66,474.61324
550.035913,59,474.7894
1231.196714,132,475.187762
857.33946,92,475.473022
1429.354966,153,479.783938
848.271549,91,480.058187
848.109842,91,480.328433
855.54774,92,480.611691
473.532069,51,480.762827
344.062259,37,480.879934
717.352771,77,481.114147
1138.682016,122,485.355
978.914664,105,485.677293
521.867787,56,485.847447
865.705096,93,486.126702
1092.340058,117,486.476019
1136.773546,122,490.699856
1634.773172,175,491.222331
585.942208,63,491.412505
793.058892,85,491.677745
1138.388075,122,502.502581
1493.882753,160,503.006038
1707.72391,183,503.606584
1183.129751,127,503.991934
462.862823,50,508.001577
614.577588,66,508.22478
838.639376,90,508.507037
568.568721,61,508.690203
623.317627,67,508.900394
1006.828037,108,509.245709
2279.00182,244,513.865905
587.279609,63,514.066087
1063.299361,114,514.434422
695.295705,75,514.657625
744.077433,80,514.898844
875.859586,94,519.080643
886.011392,95,519.387923
1381.411303,148,519.834328
839.073162,90,520.108578
1285.085512,138,524.393471
1960.487953,210,525.09611
856.128662,92,525.395381
1241.936306,133,525.819767
1147.591655,123,536.897833
1379.034699,148,537.360254
1354.013454,145,537.806659
1222.778986,131,538.199016
1782.97732,191,542.669077
1250.555523,134,543.088458
1812.025752,194,547.5365
1382.601606,148,548.071986
1260.087707,135,548.482358
472.545889,51,548.655516
1352.167821,145,549.107927
1184.996908,127,553.350782
707.051716,76,553.587997
1531.522212,164,554.083448
446.68117,48,554.22858
820.324688,88,554.500827
1941.967962,208,559.033946
1156.771202,124,559.43431
1241.158508,133,559.866703
1156.7081,124,571.171975
1868.121779,200,571.766515
2027.509283,217,572.428116
941.912015,101,576.641945
1691.220742,181,577.216467
1035.601259,111,577.57179
1306.521737,140,577.992172
1082.506413,116,582.175973
1260.169202,135,582.603361
1080.917864,116,582.982706
1568.843482,168,583.491168
1231.859643,132,587.745033
1204.370082,129,588.132385
362.183964,39,588.268508
1053.16569,113,588.606816
1231.476013,132,592.860681
1137.251353,122,593.224011
1529.363289,164,593.80654
1006.453412,108,594.158861
1914.812715,205,605.768409
1204.149111,129,606.177782
530.253937,57,606.346935
1251.389201,134,606.777326
342.355466,37,606.889428
1569.506099,168,611.284421
1512.48081,162,611.804895
595.437585,64,612.001073
1363.579904,146,612.463493
1512.219646,162,616.861489
1032.429526,111,617.220815
1322.333315,142,617.653209
828.573543,89,617.920451
1503.790806,161,622.295426
1391.132258,149,622.741831
1511.223712,162,623.242286
1034.695719,111,627.492148
371.134466,40,627.610255
1026.048707,110,627.951566
2756.998828,295,628.863394
970.151688,104,640.432906
1690.39587,181,641.037456
1242.032342,133,641.502878
1062.799686,114,641.84619
1822.442697,195,646.298235
1679.63099,180,646.850737
361.951792,39,646.990865
1185.110527,127,651.278761
2271.38655,243,652.063474
2099.07369,225,652.743091
1259.522328,135,657.006966
1184.796848,127,657.418339
1006.536226,108,657.745638
948.63922,102,658.088949
1587.614456,170,662.479938
1484.650001,159,662.973387
1334.970622,143,663.410784
1987.073415,213,674.96128
1316.161683,141,675.426702
829.512797,89,675.715965
2251.294034,241,680.315144
1614.813761,173,680.844625
1971.501736,211,681.52224
1699.255464,182,685.986296
1391.496968,149,686.442712
1380.773043,148,686.896123
1362.940291,146,691.226058
1934.204639,207,691.88866
790.149386,85,692.149896
1418.862612,152,692.616321
2308.354455,247,697.305582
2139.06208,229,698.067274
969.481209,104,709.604756
1213.61444,130,710.074184
1763.902735,189,710.670725
632.995125,68,710.909942
2641.094408,283,715.595199
1500.800884,161,716.080642
1026.288854,110,716.417947
1875.559633,201,720.893015
1222.081003,131,721.293377
912.486703,98,721.591648
1634.463806,175,725.976632
1849.184972,198,726.599199
1568.158004,168,727.126677
1006.588597,108,731.351516
2775.343364,297,732.266347
865.021373,93,732.541598
1820.275187,195,744.70665
1230.060837,132,745.120027
1803.543152,193,745.754603
1465.084384,157,750.147594
1307.603513,140,750.585993
2063.5394,221,751.29864
1744.561396,187,755.763697
1827.34337,196,756.366245
1577.297729,169,756.893724
1446.639849,155,761.230664
2046.602786,219,761.950318
1605.711381,172,762.507825
1304.010807,140,766.807732
1631.416854,175,767.362236
1230.406024,132,767.769606
1672.228407,179,779.840574
2570.571303,275,780.710364
1830.883039,196,785.199443
1823.894526,196,785.797987
1391.684559,149,786.310452
1921.946181,206,790.798531
1549.84353,166,791.301988
1728.306567,185,791.885518
1601.023359,172,796.266499
1528.2252,164,796.755944
1372.458895,147,797.209355
1726.159067,185,801.664403
1503.877669,161,802.155849
1473.104028,158,802.658307
3105.954821,333,815.431912
1688.031502,181,815.988418
1763.156926,189,820.426451
1446.028121,155,820.960936
1849.545366,198,821.577497
1403.017172,151,825.88441
2331.34504,250,826.659114
1838.418971,197,831.168211
970.198889,104,831.500513
1652.341224,177,832.043005
1756.581399,188,832.650559
2289.502936,246,837.280765
1653.654283,177,837.832267
1034.965113,111,849.835172
2091.152946,224,850.568838
2663.249967,285,855.326161
2613.491549,280,856.232985
2512.416475,269,860.898224
2008.206946,215,861.610872
2203.42985,236,862.341536
1250.615433,134,866.601406
1316.725163,141,867.022789
1522.157336,163,867.554271
1969.793036,211,872.103405
1099.061996,118,872.484753
1738.034138,186,873.048264
1918.662498,206,885.240341
1643.896403,176,885.813862
1718.733393,184,886.363363
1315.215809,141,890.624233
1970.133331,211,891.272822
2541.429268,272,895.968089
1969.434716,211,896.598662
1230.96539,132,897.007033
499.354107,54,897.170181
1230.413151,132,901.458078
2757.596596,295,902.375911
2622.769241,281,907.150249
1625.507038,174,907.689739
1314.545156,141,908.106117
2120.769527,227,920.909751
1213.31985,130,921.309114
1961.429408,210,925.813207
1194.48346,128,926.227583
1819.893121,195,926.845144
2725.642252,292,931.577444
2467.675565,264,932.360155
1287.98574,138,936.65806
1877.748503,201,937.272619
2476.054838,265,938.127396
1322.561895,142,942.445319
2266.293447,243,943.185992
1509.922992,162,943.733489
1942.503942,208,956.540127
1475.72312,158,957.042582
2125.128578,228,961.632753
1483.344669,159,962.124199
4066.317442,435,967.336936
2251.097351,241,968.113642
1051.809967,113,972.311455
1295.530977,139,972.752857
1685.795827,181,973.292347
3281.011807,351,978.255857
1419.469753,152,978.743299
2392.801808,256,991.81818
866.377058,93,992.107442
1680.582486,180,992.656941
2214.339481,237,997.287148
1617.493864,174,997.818632
1419.260451,152,998.286056
1642.124613,176,1002.76913
2221.343646,238,1003.489784
2195.247911,235,1008.109982
1984.199131,213,1008.76758
3295.602701,353,1013.773128
2522.205567,270,1014.613892
1372.559388,147,1015.083318
1971.398564,211,1027.533631
2597.506847,278,1028.405423
2093.309055,224,1032.921526
1540.315224,165,1033.443
1528.753331,164,1033.962473
1849.379236,198,1038.468567
1482.976859,159,1038.941997
2044.176204,219,1043.493132
1572.940413,169,1043.992586
1924.319039,206,1044.619155
1811.611785,194,1049.070199
1510.817612,162,1049.549635
1380.225578,148,1050.008052
1848.095903,198,1062.017964
1446.18789,155,1062.487391
1510.262747,162,1063.01587
1875.718188,201,1067.513958
1388.926657,149,1067.956359
1928.136109,207,1068.614958
1614.793253,173,1073.045985
1764.826864,189,1073.62551
2354.134345,252,1078.286746
2336.581461,250,1079.069457
1410.426322,151,1079.542888
2519.614768,270,1084.291202
1577.539877,169,1084.830692
1642.839315,176,1096.838603
2463.955218,264,1097.668356
773.148867,83,1097.922587
1990.578426,213,1102.464715
2231.139909,239,1103.182366
2215.150361,237,1107.800562
1736.182189,186,1108.387095
2550.754104,273,1113.070351
1728.903795,185,1113.694919
1695.413433,182,1114.243417
2549.253653,273,1118.952696
2018.443666,216,1119.682358
1301.270987,140,1120.098737
2166.859013,232,1132.620114
762.867943,82,1132.873344
1444.395872,155,1133.350778
2531.94414,271,1138.017018
2032.846417,218,1138.694633
1717.924273,184,1143.10464
2260.53429,242,1143.865332
2355.088347,252,1148.494538
2034.638213,218,1149.254228
1718.706645,184,1149.818741
1555.065621,167,1154.202724
1979.640062,212,1154.959412
2176.157045,233,1167.237568
1913.121141,205,1167.87815
751.119376,81,1168.157404
1199.513328,129,1168.545756
1587.357749,170,1172.939749
1641.152155,176,1173.486246
2876.801771,308,1178.35667
2083.540351,223,1179.031284
2451.884662,263,1183.654485
1744.811168,187,1184.217996
1381.838755,148,1184.674411
1437.771387,154,1188.941288
1914.389953,205,1189.619905
1762.778286,189,1190.223453
379.613669,41,1190.344563
1447.875285,155,1203.058115
1538.198392,165,1203.565576
1661.944073,178,1204.13209
2589.095059,277,1208.759295
1951.113081,209,1209.464936
2156.340341,231,1213.974034
1681.653143,180,1214.616617
1558.619914,167,1218.937543
1980.858806,212,1219.575122
1578.267302,169,1220.090591
2532.299917,271,1224.756831
1828.920467,196,1225.369387
2935.239171,314,1238.236079
1588.283833,170,1238.763557
838.428921,90,1239.045814
1877.571785,201,1243.501863
2303.729985,247,1244.226522
1632.14726,175,1248.62752
1397.747061,150,1249.079931
2349.991248,252,1249.869648
1883.251536,202,1254.309684
1974.990282,212,1254.952267
2129.456197,228,1259.492392
2370.767109,254,1260.266095
2071.154842,222,1260.938706
1490.85035,160,1273.5892
1771.143093,190,1274.207762
1191.792497,128,1274.618135
1619.150233,174,1279.026141
1068.379494,115,1279.372455
1155.795214,124,1279.742792
2687.821669,288,1284.458076
2353.566751,252,1285.239786
1288.164889,138,1289.497656
1218.7144,131,1289.905025
1987.199405,213,1290.540604
1193.224219,128,1290.920949
1596.584839,171,1295.287916
2662.422318,285,1296.197742
1489.389198,160,1308.567983
1517.949653,163,1309.065435
1249.852322,134,1309.490821
2576.349281,276,1314.247143
1521.59817,163,1314.758608
2639.916075,283,1319.444865
2023.683637,217,1320.109469
1688.412757,181,1320.64996
1857.297263,199,1325.064972
1559.813582,167,1325.55742
2144.221665,230,1330.231666
1811.678286,194,1330.847226
2153.786041,231,1331.557872
1304.154675,140,1343.389622
2448.387787,262,1344.221378
2036.545031,218,1348.705452
2888.727753,309,1349.627291
2635.086258,282,1354.34858
2079.386361,223,1355.055222
2944.80938,315,1359.855583
1790.975514,192,1360.50117
1390.172373,149,1364.843115
773.382114,83,1365.117364
1587.79162,170,1365.657856
1297.307416,139,1366.089247
1633.101224,175,1378.371407
1753.526778,188,1378.929914
2370.861312,254,1379.792698
1884.910017,202,1384.230731
2299.182078,246,1384.960394
1867.81322,200,1389.373404
1951.628026,209,1389.99697
2605.538025,279,1394.672218
1802.176609,193,1395.262755
1867.032114,200,1395.85229
2222.734116,238,1400.416437
1736.585997,186,1400.981951
1717.654544,184,1413.594411
2664.135493,285,1414.505239
4666.906525,500,1419.864108
3159.814559,338,1424.679483
1658.426947,178,1425.228982
2709.375581,290,1429.950272
2988.539287,320,1430.948179
2784.094818,298,1435.673472
1595.467889,171,1436.190943
3328.383849,356,1449.581109
4318.635263,463,1454.866912
1793.319429,192,1455.444437
1793.75855,192,1459.84043
1680.47105,180,1460.391932
2195.908919,235,1461.123597
2061.895558,221,1465.657716
1999.692841,214,1466.295296
1559.308368,167,1470.602209
2230.008473,239,1471.322864
2540.091487,272,1483.929319
1858.81882,199,1484.515851
3212.875412,344,1489.475358
4985.153338,533,1494.978358
1400.497272,150,1495.43277
1605.109863,172,1495.941233
2907.630699,311,1500.715571
2603.932743,279,1505.41484
2452.981698,263,1506.196551
1924.153931,206,1506.808106
2155.562169,231,1519.775889
2455.421253,263,1520.551593
2634.969193,282,1525.215832
2270.641325,243,1525.935486
2898.203289,310,1530.662781
1840.936547,197,1531.239305
4525.819479,484,1536.519102
3048.055971,326,1541.314459
2205.274552,236,1542.029109
2691.612599,288,1555.158037
2533.135844,271,1559.814268
2458.270899,263,1560.648028
2558.942824,274,1565.337287
2402.145594,257,1566.139015
3681.193734,394,1571.186601
2991.228914,320,1576.026999
2223.330989,238,1576.763669
1905.911448,204,1577.402249
3495.506274,374,1591.125719
2495.191368,267,1595.765934
2887.816581,309,1596.803878
2836.572092,304,1601.5612
4942.98879,529,1606.982126
2734.64768,293,1607.880943
1914.02547,205,1612.364016
2373.740108,254,1613.180758
3617.949616,387,1627.18248
3476.979591,372,1632.132978
2661.87513,285,1633.033797
2716.69954,291,1637.732065
5756.110808,616,1643.431244
2747.510713,294,1648.154535
1932.00772,207,1648.782105
3939.740863,422,1663.948887
1724.943791,185,1664.527412
3981.366875,426,1669.619039
3562.128445,381,1674.618581
3477.37006,372,1679.630135
3026.708517,324,1680.646058
3945.613407,422,1685.764709
2757.163163,295,1700.853418
4026.728699,431,1702.203645
5227.719452,559,1711.564151
2961.813708,317,1712.513012
1446.226711,155,1712.987443
1537.855059,165,1717.292355
2563.804456,275,1718.1121
1866.826804,200,1722.561143
2831.022049,303,1723.552043
2950.802965,316,1737.85704
3597.933809,385,1742.948667
2847.192175,305,1743.854491
6254.729082,669,1753.683421
6920.079966,740,1759.716902
3336.319431,357,1775.901608
3249.229568,348,1776.932545
5094.511057,545,1782.449558
2893.210205,310,1787.254924
3117.426872,334,1792.100326
3898.061536,417,1797.235993
6066.675322,649,1814.143355
2303.925593,247,1814.948086
4618.661829,494,1820.337984
3467.531576,371,1825.293486
7144.366943,764,1831.421054
4586.554096,491,1836.773918
9354.664074,1000,1862.556344
3788.733468,406,1867.613939
3085.303391,330,1872.471353
4300.127413,461,1877.73013
3717.708889,398,1893.791725
6594.402055,707,1899.785171
7406.503908,792,1906.111919
9348.300337,1000,1916.809639
3197.050929,342,1933.716001
4694.201483,502,1939.181967
7792.278044,833,1949.517358
3141.190113,336,1950.593335
4869.174668,521,1956.106345
9358.049394,1000,1981.1501
6978.628475,746,1991.203234
2249.998216,241,1991.982943
4757.93775,509,1997.376844
9357.792552,1000,2024.36937
2196.081579,235,2028.917503
1184.310217,127,2029.296847
2318.172599,248,2030.078557
1268.691731,136,2034.329419
1568.737743,168,2034.841885
3038.354537,325,2039.755349
2223.955207,238,2040.508033
1194.168622,128,2040.895386
1559.17761,167,2052.483915
1437.264927,154,2052.950339
2064.555726,221,2053.692012
941.188598,101,2057.852793
2139.770684,229,2058.548425
1606.518995,172,2059.094921
1372.324567,147,2063.378814
1644.027867,176,2063.904292
1765.621919,189,2064.489823
1250.274811,134,2068.737683
1597.225677,171,2069.24114
3581.19613,383,2074.284723
2568.333549,275,2075.154514
1258.584689,135,2075.558881
1126.283416,121,2087.016292
1362.922797,146,2087.456691
1344.111775,144,2087.886081
1296.095683,139,2092.217017
1952.752934,209,2092.923659
1708.954658,183,2093.47516
2782.619043,298,2098.189443
1484.057717,159,2098.662873
2652.841119,284,2103.497266
2093.526126,224,2104.225928
2073.821821,222,2108.747036
2877.27266,308,2109.71992
1803.005542,193,2121.868959
1709.571004,183,2122.417458
2008.136319,215,2123.063044
1456.526275,156,2127.381968
2476.386368,265,2128.225735
1484.433889,159,2132.532648
1867.780808,200,2133.131192
1690.325707,181,2133.698707
1933.876367,207,2138.153755
1653.393008,177,2138.708259
1634.022905,175,2139.318814
1165.556762,125,2143.559667
1606.263623,172,2144.067128
1390.775026,149,2144.517539
1568.970174,168,2156.146104
1193.665519,128,2156.546468
2654.128557,284,2157.440279
1334.805932,143,2161.709158
1296.638255,139,2162.123534
1231.05002,132,2162.527902
2710.598729,290,2167.360293
1934.032624,207,2168.004879
1550.316693,166,2168.499328
2149.286448,230,2173.042455
1306.697312,140,2173.467842
2606.908938,279,2178.221162
2420.432868,259,2179.053918
1784.034441,191,2190.509326
2757.103111,295,2191.43817
1343.692576,144,2191.868561
1568.942696,168,2196.249542
1174.901909,126,2196.630888
1475.480342,158,2197.112326
2355.071003,252,2201.696491
1503.219393,161,2202.220968
2026.373274,217,2206.752085
1812.369177,194,2207.344623
1127.092751,121,2207.704951
1886.887061,202,2212.224057
1793.430726,192,2212.874649
1315.137338,141,2213.297032
1146.089476,123,2213.671371
2364.477267,253,2225.715315
1550.043342,166,2226.212767
2907.114202,311,2231.079188
2907.169362,311,2235.862535
2869.404511,307,2236.811397
3842.154861,411,2241.900021
2476.845999,265,2242.725771
2194.580871,235,2247.32495
1474.867465,158,2247.861437
1856.869121,199,2259.887364
2335.345103,250,2260.641049
1174.338465,126,2261.047418
4844.258869,518,2266.487361
1399.94853,150,2270.788269
1643.253592,176,2271.331762
3664.738212,392,2276.399367
2532.833405,271,2277.240131
1764.987228,189,2281.669156
1942.293569,208,2282.32375
1989.017829,213,2283.014378
2766.586667,296,2296.261414
3242.652872,347,2301.249947
2336.241952,250,2302.018646
3356.309844,359,2306.972146
2072.487135,222,2307.664775
3823.805038,409,2312.77642
1436.717274,154,2313.281879
2999.161171,321,2318.128283
3298.473577,353,2333.645382
5405.966981,578,2339.314532
4144.954644,444,2344.527269
2298.276461,246,2345.27695
3653.089675,391,2350.337548
4628.968329,495,2355.711431
1978.474468,212,2356.412068
4114.458924,440,2372.524709
5218.786622,558,2378.124796
6786.034097,727,2388.098861
3383.96669,362,2389.232889
4739.68871,507,2394.575744
3893.772616,417,2411.054716
2687.080464,288,2415.796025
2772.106463,297,2416.73688
8777.17943,939,2427.395565
9338.895626,1000,2451.520485
3744.349668,402,2456.569072
4505.930069,482,2461.890907
9355.218104,1000,2472.690422
3888.043418,416,2489.664014
2247.3343,241,2490.403686
2164.758327,232,2494.923792
1426.724845,153,2495.399224
5760.263947,616,2501.171469
1913.636154,205,2505.594488
3502.787127,375,2506.79558
2857.640162,307,2511.578926
6790.682117,726,2528.343157
9349.7677,1000,2539.00985
1882.685667,202,2543.441877
8249.264151,882,2549.847697
4057.903678,434,2568.114649
2812.997281,301,2572.852954
9352.694242,1000,2583.593714
9356.241138,1000,2607.927824
7020.97446,751,2614.144473
9343.390864,1000,2624.976315
6353.947495,680,2630.878678
8100.750641,867,2654.219886
5732.062616,614,2659.929073
8593.037322,919,2670.492671
4299.648676,460,2688.533063
7630.16129,816,2698.703304
3318.182491,355,2699.78829
3856.091627,413,2704.91795
4806.794864,514,2710.39793
6163.061891,659,2727.462435
4915.322633,526,2732.988456
2960.895795,317,2737.803831
5404.541421,578,2743.398915
3954.146399,423,2748.570614
3498.574274,375,2763.833482
2275.456436,244,2764.576157
3801.415349,407,2769.629748
5152.660532,551,2775.139755
2941.551139,315,2779.89908
1566.373348,168,2780.404539
5010.42279,536,2785.833471
3009.438731,322,2801.577777
1745.619234,187,2802.165311
2227.30147,239,2806.761487
9354.311974,1000,2813.733649
1445.198296,155,2818.038561
1941.84404,208,2818.711172
4554.111766,487,2824.008697
3739.458207,400,2838.906559
4665.61044,499,2844.297713
4993.248251,534,2849.762908
5966.065434,638,2855.578346
3439.907631,368,2860.485805
1529.15802,164,2861.007278
2326.572041,249,2875.371595
1350.920308,145,2875.855035
1444.035915,155,2876.318456
1042.518392,112,2880.46122
2755.78448,295,2881.324003
2214.214692,237,2885.939197
2542.168162,272,2886.797977
4263.416452,456,2892.02873
4534.621087,485,2897.357572
2990.458206,320,2911.597085
2428.754122,260,2912.386748
1530.472522,164,2912.892208
2548.75636,273,2917.635517
1180.722517,127,2918.035881
1660.45582,178,2922.39284
2724.296964,292,2923.31087
4646.925523,497,2928.630926
1294.326887,139,2929.072326
2072.421507,222,2933.607599
4627.719604,495,2947.51651
1950.257215,209,2948.167101
2878.177214,308,2952.912413
2090.924798,224,2953.581625
2906.084267,311,2958.35406
2808.116907,301,2959.260884
2092.615556,224,2963.793556
1875.604627,201,2964.395103
2176.223956,233,2968.986627
2055.554553,220,2969.650805
2476.491573,265,2983.748283
6901.553179,738,2989.881773
3513.511115,376,2994.872451
2719.350287,291,2995.790285
3420.531727,366,3000.749791
1970.478392,211,3001.377362
6860.363503,734,3021.6698
4402.62137,471,3027.003645
6958.45293,745,3033.178256
4807.799995,515,3038.602185
1605.154125,172,3042.959143
4997.700569,535,3058.782521
5529.352891,592,3064.573782
2180.155872,234,3065.283427
3933.149743,421,3070.483152
2199.488387,236,3075.033286
3345.335786,358,3076.136288
4615.783132,494,3081.535964
2913.979378,312,3099.139467
5318.975256,569,3104.870674
1649.853981,177,3105.415169
5030.546303,539,3110.928767
3314.628128,355,3115.85035
2279.407495,244,3120.403487
1792.445941,192,3120.966999
2204.314302,236,3121.680648
3131.297599,335,3135.837865
1840.981345,197,3136.476444
1764.832539,189,3140.927489
2267.248283,243,3141.684176
6923.982452,741,3151.633779
2354.919965,252,3152.428501
2279.145919,244,3156.965623
7275.213475,778,3171.598919
2614.654662,280,3176.306196
1727.667207,185,3176.855696
2647.535796,284,3181.571981
1529.686071,164,3182.072456
2073.638187,222,3182.775074
2463.683778,264,3187.365245
4627.257614,495,3192.751138
1717.44739,184,3193.326661
2064.359067,221,3205.490716
1596.153331,171,3206.019194
2025.890302,217,3206.771878
2279.501724,244,3211.341029
1732.663793,186,3211.943577
1690.539046,181,3216.309544
2063.066901,221,3217.026195
1858.849655,199,3217.685794
1763.612078,189,3222.103809
1903.655919,204,3222.801442
2500.640056,268,3227.477692
2406.890894,258,3228.248392
2353.465264,252,3240.811807
2316.242963,248,3241.562489
2242.927828,241,3246.093606
1301.340855,140,3246.548019
1576.077505,169,3247.089511
8978.723035,962,3257.845284
2092.213587,224,3262.350377
1491.287449,160,3262.823808
1604.359402,172,3263.363298
2185.804185,234,3276.274029
1931.927378,207,3276.904601
2644.314059,283,3281.549822
2117.945009,227,3282.28449
2401.523874,257,3286.894679
2914.043522,312,3287.911602
5076.187469,543,3293.390049
2654.152359,284,3298.081311
2784.472196,298,3299.016161
5441.679128,582,3319.594859
3408.932084,365,3320.764922
3654.382179,392,3325.804501
8283.035141,888,3336.214961
3459.258353,371,3337.426062
2192.255162,235,3354.580648
5040.08687,539,3360.051619
8919.341071,956,3370.740331
5601.239104,599,3376.364441
7027.479851,753,3399.897824
4392.79431,471,3401.321117
2035.221707,218,3405.792179
6237.737499,669,3411.784624
7699.559253,824,3436.701264
2889.049658,310,3437.618097
6964.741966,745,3447.580148
5178.670533,554,3453.151211
9346.453475,1000,3478.69542
4831.937543,517,3484.101332
4190.754371,449,3489.393141
4493.439516,481,3494.722983
4751.971245,509,3500.173936
6785.304902,726,3519.411415
4130.285078,442,3524.576108
9350.011281,1000,3535.482017
5300.839197,567,3541.135154
8086.634787,865,3566.760437
4160.157891,445,3571.93614
5392.596353,577,3577.488185
9349.934751,1000,3605.482621
4898.393025,524,3610.988624
9348.976964,1000,3621.793441
9354.968912,1000,3648.772954
5021.576306,538,3654.24893
6852.347191,734,3660.357481
3524.479821,378,3665.339007
3902.233815,418,3670.45966
1190.78538,128,3670.869032
1256.414895,135,3671.266392
1378.416264,148,3671.774855
5824.386944,623,3698.186853
6005.607031,643,3703.979116
8909.028227,955,3714.49467
9352.098984,1000,3739.173722
8715.325067,933,3749.794373
9344.301685,1000,3776.678799
9355.958472,1000,3783.693173
7885.7658,845,3793.952495
4500.519074,483,3799.287342
2421.430018,261,3817.185605
798.201011,86,3817.457852
2168.393906,233,3818.160491
4029.048623,433,3823.353209
9346.388124,1000,3834.16203
9341.601554,1000,3862.249551
9333.229014,1000,3873.056369
9341.586467,1000,3883.788121
9347.037819,1000,3912.130873
9350.261929,1000,3923.014763
9352.331709,1000,3951.335495
9345.893976,1000,3962.02721
9349.712007,1000,3972.745949
7378.222543,789,3996.447484
9356.094258,1000,4007.23929
9353.903263,1000,4017.951023
9356.954077,1000,4045.565113
9353.323135,1000,4056.360923
9350.783905,1000,4084.836797
8835.889846,945,4095.377374
2009.129988,216,4096.032969
3344.763663,358,4101.022503
6857.668441,734,4107.077004
3175.599303,340,4120.300019
2062.84169,221,4121.033685
3203.54788,343,4125.893101
1425.516762,153,4126.405566
3203.887826,343,4131.271988
2632.863745,282,4135.948237
2306.883578,247,4136.683905
3034.97219,325,4141.572347
4171.617035,447,4155.186718
2353.780104,252,4155.981439
2651.779836,284,4160.710736
1792.501627,192,4161.280254
3728.216203,399,4166.347858
2351.489932,252,4167.146585
3559.765368,381,4172.15013
2709.322282,290,4176.840392
2895.780493,310,4177.879336
2698.45408,289,4191.7069
2352.252037,252,4192.491613
3569.172107,382,4197.46313
4671.702783,500,4202.828005
5026.184368,538,4208.278958
5170.291979,553,4213.866034
3747.57558,401,4229.619348
3605.567738,386,4234.631902
2819.314256,302,4235.534722
4982.096478,533,4240.975666
9349.754959,1000,4251.83153
9352.14542,1000,4277.185567
7765.848346,831,4287.39084
5045.516676,540,4292.874823
9350.665062,1000,4320.913299
9353.431298,1000,4331.667069
9347.967664,1000,4359.935755
9355.971072,1000,4370.614458
9354.580675,1000,4381.350213
9355.072083,1000,4409.710981
9351.082141,1000,4420.432723
9355.499299,1000,4427.286951
9353.030168,1000,4455.487575
9353.616921,1000,4466.298397
9356.969819,1000,4494.643152
9356.731364,1000,4505.323856
9356.906073,1000,4516.083633
9356.082915,1000,4544.339306
9357.495079,1000,4555.152131
9356.51029,1000,4583.363765
9356.816143,1000,4594.11153
9356.832865,1000,4604.945374
8655.144459,926,4632.703595
9356.312263,1000,4643.418331
9351.467463,1000,4670.053532
2894.668097,310,4671.028418
5719.816057,612,4680.601116
6055.189257,648,4686.365354
4549.748161,487,4691.686188
2668.576857,286,4692.538962
1425.410479,153,4706.979084
3104.799293,333,4707.970984
2622.595528,281,4712.660245
4082.881186,437,4717.882991
9349.564605,1000,4728.649774
8255.661419,883,4751.349398
9346.302543,1000,4762.212269
3390.237818,363,4767.131739
6720.029136,719,4773.185239
4105.677724,440,4788.79242
3380.279982,362,4793.707886
3341.435878,358,4798.683407
4698.202025,503,4804.073304
1444.231263,155,4804.56475
4680.177918,501,4810.018707
8540.486579,914,4830.071927
4156.717152,445,4835.229614
7690.393692,823,4841.636434
3868.941296,414,4846.714048
1491.468071,160,4847.18848
3784.781993,405,4864.935604
9349.313913,1000,4875.656346
9335.061944,999,4886.5022
5110.797227,547,4904.328398
6073.092291,650,4910.226757
7120.655484,762,4920.251865
9353.315066,1000,4947.522645
9344.792888,1000,4958.198345
1302.614479,140,4958.608718
9350.596611,1000,4969.378503
9353.071588,1000,4997.714249
9351.398686,1000,5008.525072
9351.094146,1000,5036.839799
9352.611171,1000,5047.580559
9352.874316,1000,5058.402391
9350.910137,1000,5086.814206
9355.273068,1000,5097.576986
9346.806467,1000,5125.463324
3425.200401,367,5126.641394
9203.681784,985,5137.309087
7945.130624,850,5147.704532
6615.295417,708,5167.484504
9350.366876,1000,5178.211251
9354.104558,1000,5188.953011
9355.314747,1000,5217.317784
9357.882714,1000,5228.0115
9355.83683,1000,5256.427319
9355.517734,1000,5267.167077
9352.566445,1000,5277.828765
9356.35186,1000,5306.126477
9357.000058,1000,5316.940302
9356.480629,1000,5345.201981
9357.417944,1000,5355.933732
9355.968392,1000,5366.660478
9353.813132,1000,5395.089309
9355.844527,1000,5405.839077
9355.104724,1000,5433.988654
9352.312271,1000,5444.889559
9354.356219,1000,5451.799837
9355.321558,1000,5480.280715
9352.609634,1000,5491.020474
9347.466466,1000,5501.855318
9352.068872,1000,5529.154122
2010.180234,216,5533.594157
1219.430448,131,5533.974502
7846.346051,840,5544.333915
2302.453544,247,5545.067582
5236.662274,561,5561.20024
1462.102958,157,5561.668666
1256.141641,135,5565.960565
780.215889,84,5566.205789
1171.603246,126,5566.578126
9336.066978,1000,5577.286856
6772.14094,726,5598.969558
1404.216373,151,5599.42397
1713.453582,184,5600.042532
1218.338762,131,5600.459912
5479.537338,588,5609.941527
9341.782657,1000,5620.778373
9340.943537,1000,5648.879906
9335.303499,1000,5655.769167
1247.163878,134,5660.011021
9344.254507,1000,5682.935851
4406.256272,473,5688.344765
9353.575347,1000,5699.111548
3556.646552,381,5700.30263
1462.318102,157,5704.596532
1266.905162,136,5704.996896
1387.828264,149,5705.436295
2207.337577,237,5717.824551
2161.674104,232,5718.532194
1285.102825,138,5718.949573
1808.620001,194,5723.353575
1583.986029,170,5723.865039
2753.808463,295,5728.606347
3283.816741,352,5729.707348
4125.229974,442,5734.84902
1771.671366,190,5739.247015
1228.290568,132,5739.693422
1593.590815,171,5740.201883
2891.321534,310,5753.094598
3426.202178,367,5754.220621
2322.083166,249,5758.746733
1622.171835,174,5759.282221
1134.53003,122,5763.448005
1134.356767,122,5763.818341
1844.088412,198,5764.450916
1142.005272,123,5764.838269
2892.228222,310,5769.618611
1115.371642,120,5769.980941
1312.705816,141,5774.225798
2257.481621,242,5774.991493
1200.260042,129,5775.375843
2133.449775,229,5792.529429
2439.879428,262,5793.322149
6590.581236,706,5803.181107
9343.901182,1000,5813.990929
9338.731278,1000,5830.14861
1340.308131,144,5834.384459
2693.622619,289,5835.238235
3589.024137,385,5840.210753
2520.748687,271,5844.882998
3619.589963,388,5846.070076
2966.185093,318,5850.843414
2286.055357,245,5851.586089
1200.303859,129,5865.210461
2143.681814,230,5865.9141
1210.084516,130,5866.308458
2106.292962,226,5870.844582
1994.176248,214,5871.521194
1228.407991,132,5875.785069
1198.96607,129,5876.167416
1424.56492,153,5876.626834
1228.385388,132,5877.045214
2153.807404,231,5881.653401
1199.280592,129,5882.047759
1565.595603,168,5882.561225
6676.524567,715,5902.341198
1312.05149,141,5902.771589
7938.586599,850,5913.085961
9304.174871,996,5923.916802
2864.76689,307,5924.867666
2499.221477,268,5941.343636
1379.452029,148,5941.791043
8493.310267,909,5952.215515
9353.805832,1000,5962.975291
9353.400227,1000,5991.256988
9346.769607,1000,6002.015764
9353.787403,1000,6030.295459
9357.004075,1000,6041.021205
9353.822429,1000,6051.760963
9355.782184,1000,6080.123735
9356.755932,1000,6087.1301
9352.929563,1000,6097.810804
9349.598464,1000,6125.943366
9353.014632,1000,6136.682124
9353.077033,1000,6165.219053
9355.227332,1000,6175.971822
9353.544849,1000,6186.741608
9353.800712,1000,6215.357609
4196.368289,449,6220.570345
4288.02638,459,6225.809106
2726.170253,292,6226.804009
4728.863216,506,6232.233943
6449.068164,690,6252.937755
800.350321,86,6253.192987
7599.095749,813,6263.41027
6685.113242,715,6269.403716
4823.99796,516,6284.558486
1697.278226,182,6285.116993
9354.458745,1000,6295.880774
9354.981076,1000,6306.65256
9351.156469,1000,6334.975296
9353.953002,1000,6345.670013
9354.672699,1000,6373.495295
6207.4939,664,6379.374637
782.451489,84,6383.432324
9356.723226,1000,6394.162074
9353.790266,1000,6418.641286
9355.94969,1000,6429.384048
9356.151161,1000,6440.149829
2588.257678,277,6462.395236
9354.188669,1000,6473.216068
5601.930331,599,6478.912243
9355.867909,1000,6507.308044
9355.736953,1000,6518.048803
9357.171783,1000,6528.726505
9357.064346,1000,6557.270441
9344.168184,1000,6568.029217
9354.292999,1000,6595.391078
9351.898302,1000,6606.097806
7461.625912,798,6612.348487
717.121502,77,6612.586702
9355.339565,1000,6640.778317
9357.139625,1000,6651.741278
9357.816985,1000,6662.502055
9353.780792,1000,6690.956911
9356.089899,1000,6701.846805
9356.227589,1000,6728.903389
9354.300141,1000,6739.794285
801.034828,86,6740.062529
9357.239184,1000,6750.988455
4189.257194,448,6772.166699
9357.599765,1000,6782.925474
9356.791729,1000,6793.709273
4497.83324,481,6816.034557
9356.17634,1000,6826.761304
2430.323927,260,6827.537009
9358.231804,1000,6838.348832
9355.376956,1000,6863.423615
4994.256385,534,6868.930619
3019.186194,323,6873.713965
2716.991643,291,6878.457276
9354.322278,1000,6895.46573
2521.433933,270,6900.208039
2943.891689,315,6905.109493
3459.289479,370,6906.250529
9357.22257,1000,6917.069359
9352.954147,1000,6941.410476
2551.330597,273,6946.15879
4796.484856,513,6951.597732
5974.108649,639,6957.410013
3216.507673,344,6972.103363
847.012953,91,6972.37461
2560.599978,274,6973.19936
1764.05592,189,6977.650403
2364.57097,253,6978.45013
4877.036189,522,6983.972148
1745.962419,187,6988.40918
9349.013642,1000,7013.795246
9110.619473,974,7024.578044
2513.106711,269,7025.42181
3748.078471,401,7030.49642
6377.700464,682,7036.492869
6359.385124,680,7061.107234
9356.305152,1000,7068.137622
9350.649792,1000,7078.992484
4693.619389,502,7097.639427
9353.231539,1000,7108.507302
3149.933549,337,7113.399747
9334.33923,1000,7141.910653
9351.767806,1000,7152.793541
9355.37481,1000,7163.62138
9343.870087,1000,7191.975142
9330.966451,1000,7202.778958
9356.153974,1000,7231.174759
9353.813984,1000,7241.912516
9348.908157,1000,7252.73535
9343.291114,1000,7281.343343
9357.221375,1000,7292.117132
9344.493667,1000,7299.142515
9333.624702,1000,7327.67344
9354.901648,1000,7338.430213
9353.622494,1000,7366.985159
9347.949683,1000,7377.800986
3908.686771,418,7382.929646
9350.742376,1000,7411.508613
9354.461107,1000,7422.285405
9356.981996,1000,7433.100232
9354.946642,1000,7461.729244
9356.343519,1000,7472.496027
9354.91296,1000,7501.033957
9356.855764,1000,7511.755699
9353.860602,1000,7522.713656
9356.261919,1000,7551.152495
9352.991733,1000,7561.980334
7969.575622,852,7568.433197
7814.831491,836,7593.625087
3241.179288,347,7598.585593
8638.625106,924,7605.32772
4578.589816,490,7610.74364
6084.379864,651,7630.735806
5814.192487,622,7636.513055
4811.206938,515,7641.936984
6591.382844,705,7647.972467
9354.339345,1000,7675.318314
9355.681832,1000,7686.054069
9350.546126,1000,7714.60501
9353.640634,1000,7725.429846
9354.270516,1000,7736.190624
6562.542941,702,7759.941206
9354.925959,1000,7770.826094
7875.320533,842,7781.171494
9355.341224,1000,7808.85765
9356.45607,1000,7819.50032
9351.436641,1000,7845.818232
8652.616898,925,7856.332786
9354.685027,1000,7867.170634
9355.394397,1000,7894.222215
5646.877243,604,7899.879353
3221.496217,345,7900.974349
9357.275069,1000,7911.843224
8207.466565,878,7937.725741
8290.884548,887,7948.076145
4832.005067,517,7953.54011
5767.110545,617,7974.503157
9352.795883,1000,7985.28095
9356.703916,1000,7996.044731
9356.808607,1000,8024.301405
8799.998837,941,8034.823966
9350.70687,1000,8062.784371
9354.480126,1000,8073.548151
9352.564257,1000,8084.194825
9357.076087,1000,8112.575612
9355.687344,1000,8119.516919
9355.516592,1000,8130.235658
9354.55766,1000,8157.739649
7846.922934,839,8168.000972
9355.814335,1000,8195.481942
9354.21017,1000,8206.391855
8221.423888,879,8216.859366
9352.207193,1000,8245.243156
8339.782218,892,8251.915218
9349.976512,1000,8262.60393
9352.808205,1000,8288.444409
9353.808315,1000,8299.194176
9356.5783,1000,8327.36277
2685.272678,288,8332.108082
9350.933886,1000,8342.843837
9355.319616,1000,8370.94537
9357.38523,1000,8381.688131
9358.121444,1000,8392.511966
9347.283051,1000,8416.783019
9356.121915,1000,8427.597845
9357.189523,1000,8438.283555
8034.199096,859,8466.058791
9357.29652,1000,8476.862421
9353.06989,1000,8503.730834
9353.993484,1000,8514.505624
6763.773792,724,8520.531099
9353.723874,1000,8547.855927
9356.993535,1000,8558.647732
9356.975167,1000,8569.449547
9357.123301,1000,8597.906403
9352.940521,1000,8608.706216
9354.037264,1000,8637.094009
9354.44553,1000,8647.87981
5522.183692,591,8653.590998
9351.109328,1000,8681.848674
9350.246539,1000,8692.60745
9356.687509,1000,8703.323186
9354.727475,1000,8731.653928
8822.502363,944,8742.284587
5231.848888,560,8747.819564
5141.036584,550,8768.249474
5359.755029,574,8773.821537
6728.767031,720,8783.628448
856.428819,92,8783.941732
2160.326467,232,8784.71043
9351.440672,1000,8812.86201
8894.183401,951,8823.441622
8123.449724,869,8833.905129
9356.615082,1000,8860.51731
9345.463258,1000,8871.279088
8290.518675,887,8877.857065
1547.073933,166,8896.871341
9356.8457,1000,8907.6111
9353.282841,1000,8918.358867
9354.380587,1000,8942.980236
9353.943786,1000,8953.644926
9355.295943,1000,8964.413712
9354.689592,1000,8991.452279
9357.500905,1000,9002.278115
9353.457853,1000,9030.618866
9357.313631,1000,9041.357624
9355.029482,1000,9052.022314
1631.644199,175,9073.946234
9354.877321,1000,9081.020662
762.9045,82,9085.061335
1753.074869,188,9085.614836
9350.504106,1000,9096.304549
9346.796376,1000,9124.562224
9354.665178,1000,9135.317997
6702.065931,717,9141.295429
9357.891094,1000,9169.456015
5765.606553,617,9175.253283
3980.886315,426,9180.420978
5764.502308,617,9186.092131
8977.08516,961,9208.752721
9355.440148,1000,9219.430423
819.240836,88,9219.69166
9352.840552,1000,9247.185642
9358.16737,1000,9257.810296
9353.403273,1000,9268.586086
9351.512417,1000,9296.957865
9349.820277,1000,9307.79271
9351.122219,1000,9333.404982
9351.559712,1000,9344.081682
4717.87552,505,9349.421534
4036.932338,432,9354.615254
2661.65191,285,9370.810969
6702.666459,717,9376.94154
2952.200503,316,9381.775932
3054.029408,327,9382.768835
828.715299,89,9383.055095
2239.574272,240,9387.624246
2549.401082,273,9388.461006
3989.70522,427,9393.58266
2232.184375,239,9407.103946
3101.820125,332,9408.145893
3717.200883,398,9413.339611
2444.828804,262,9418.126961
2848.571132,305,9419.099845
2128.506842,228,9423.61695
1416.626875,152,9424.097386
3549.253052,380,9429.076911
884.664955,95,9429.37318
3259.21518,349,9443.903382
2491.897091,267,9444.720124
3446.627152,369,9449.694646
3876.189038,415,9454.811294
3494.357396,374,9455.96334
4354.29206,466,9461.308196
1734.939459,186,9465.726211
9351.174125,1000,9490.226472
6115.990818,655,9496.044759
2857.44382,306,9496.94558
4155.056611,445,9502.129287
9351.703234,1000,9525.054117
2434.126729,261,9529.659301
818.926543,88,9529.918537
3775.909071,404,9535.02918
2359.967886,253,9535.821901
4099.053425,439,9540.999605
2885.70118,309,9545.721896
2538.865461,272,9546.588683
4345.293629,465,9560.784582
1631.990236,175,9561.301051
4950.993205,530,9566.768019
4082.820455,437,9571.94172
1668.929697,179,9576.294675
4362.537473,467,9581.576474
781.856436,84,9581.850723
7571.935773,810,9598.790114
5623.675237,602,9608.319773
1435.138868,154,9608.803214
4344.623193,465,9614.089015
6522.51495,698,9620.089467
3381.12718,362,9636.95379
6408.970163,686,9642.868164
3756.619259,402,9647.976806
9354.635239,1000,9658.638493
2442.641805,262,9659.411195
4681.101342,501,9679.873788
5503.725336,589,9689.347395
2565.815494,275,9690.201171
3509.632152,376,9695.225737
9345.792056,1000,9722.349382
9348.369984,1000,9733.099149
9352.106024,1000,9743.852921
9351.98016,1000,9772.165646
9342.212882,1000,9782.884385
1655.483658,178,9783.425877
9346.326444,1000,9811.720586
1500.39945,161,9812.237055
9349.879753,1000,9823.150972
9353.391032,1000,9833.872714
9355.449069,1000,9862.180434
9354.040509,1000,9872.942214
9352.538072,1000,9900.940653
9353.174128,1000,9911.690419
9355.835215,1000,9922.500242
9353.35556,1000,9950.890037
9355.524795,1000,9961.661824
9357.108812,1000,9990.017589
9356.039406,1000,10000.830414
9355.402008,1000,10011.564166
9356.906908,1000,10039.807829
9350.644884,1000,10050.597632
1584.307566,170,10051.107096
9354.068192,1000,10078.517001
9353.499143,1000,10089.305803
9349.388529,1000,10100.092605
9354.243575,1000,10125.589772
1473.192824,158,10126.065203
9344.716749,1000,10136.763925
6522.435924,698,10142.773385
1471.68004,158,10163.190937
2356.218292,253,10164.005677
9350.285054,1000,10174.79548
9350.947343,1000,10185.652345
9354.336839,1000,10214.141231
920.612326,99,10214.436499
9355.052652,1000,10225.10019
9352.951686,1000,10251.949584
9351.413001,1000,10262.994619
9352.798291,1000,10273.927553
9350.071361,1000,10302.599605
9351.741877,1000,10313.407202
9354.268196,1000,10341.778739
9356.462773,1000,10352.557533
9352.305011,1000,10363.321313
9353.769766,1000,10390.069617
9353.377625,1000,10400.758328
9353.73858,1000,10426.949126
9355.539939,1000,10437.702897
9237.687217,988,10444.50808
7744.220437,829,10467.762209
2397.165442,257,10472.362389
9353.212977,1000,10483.196233
9356.277831,1000,10490.069478
9354.203928,1000,10518.415233
9350.753904,1000,10529.112953
968.081179,104,10533.240704
9356.060566,1000,10561.433321
9352.267049,1000,10568.317575
9354.756322,1000,10579.069345
9354.028917,1000,10607.464144
9352.276625,1000,10618.237933
9353.087791,1000,10646.829913
9355.659403,1000,10657.547651
9353.843761,1000,10668.231358
9354.713984,1000,10696.701227
9354.154714,1000,10707.59012
9351.99946,1000,10736.097022
754.172256,81,10736.33724
9355.426947,1000,10747.074997
9350.787729,1000,10757.814755
8102.543017,867,10782.357055
6748.526845,722,10788.354505
9351.233406,1000,10799.064235
8478.175109,907,10826.478144
9355.647773,1000,10837.170859
9354.764483,1000,10865.424531
9355.688175,1000,10876.101232
9354.566767,1000,10886.859006
8159.551901,873,10911.370278
5824.458994,623,10920.976006
9352.493946,1000,10931.680732
6515.681142,697,10953.952969
9354.118311,1000,10964.742774
7796.904747,834,10974.917017
9352.532964,1000,11001.592255
9354.744015,1000,11008.537565
9357.481625,1000,11019.245294
9355.899439,1000,11047.577036
949.679509,102,11051.710793
875.106982,94,11051.99305
9354.9449,1000,11062.787857
9351.288486,1000,11090.713231
9353.927734,1000,11101.481015
9353.37652,1000,11128.915943
9354.057845,1000,11139.742779
9355.758774,1000,11150.563612
9353.26634,1000,11175.401179
5356.462992,573,11184.862777
9354.351842,1000,11195.578513
9357.532064,1000,11217.352297
9355.257491,1000,11228.106068
9287.645066,993,11238.82881
9356.835324,1000,11266.543993
9355.848112,1000,11277.276745
4956.710448,530,11282.805769
2820.380286,302,11302.351529
9356.37743,1000,11313.17236
9356.158005,1000,11324.036232
9356.339443,1000,11350.639404
9357.403412,1000,11361.402182
8929.605201,955,11389.529739
9355.278459,1000,11400.248479
9355.768194,1000,11407.164763
6349.055966,679,11434.64273
5572.854214,596,11440.313883
9356.259438,1000,11451.019611
9355.325527,1000,11478.362454
9355.08096,1000,11489.117226
7669.047959,820,11495.452983
5096.205998,545,11522.320395
8313.098733,889,11528.864341
9356.297093,1000,11539.661151
9354.596602,1000,11567.004996
3795.542031,406,11572.046576
9355.761956,1000,11582.788337
9352.287333,1000,11608.628816
5945.015579,636,11614.429086
3963.891616,424,11619.612796
4000.772828,428,11624.724441
9353.175058,1000,11650.192582
5798.00724,620,11655.973834
9352.069532,1000,11666.676559
1697.654089,182,11667.229061
9352.990483,1000,11694.328684
9353.588863,1000,11705.1315
9354.042629,1000,11715.945325
9353.519687,1000,11742.797724
9355.415067,1000,11753.541486
9352.566988,1000,11781.903255
9352.853774,1000,11792.601977
9355.040338,1000,11803.441826
9356.384916,1000,11831.696498
9355.584554,1000,11842.498314
9354.652317,1000,11870.644887
9356.040897,1000,11881.380642
9355.345649,1000,11892.232502
9355.725027,1000,11920.754418
9355.579894,1000,11931.587261
9356.179861,1000,11938.54058
9357.272392,1000,11966.548027
3570.379175,382,11971.595613
9356.770089,1000,11982.233278
9355.198178,1000,12010.523984
9355.187786,1000,12021.477937
9356.797733,1000,12049.835702
9356.90145,1000,12060.694569
9356.866396,1000,12071.453344
9355.683772,1000,12099.342685
9353.318392,1000,12110.11147
9355.733453,1000,12138.271056
9356.535625,1000,12149.178967
9356.144355,1000,12160.004804
9356.0884,1000,12188.255473
9353.021167,1000,12199.058288
9356.909674,1000,12227.387028
9356.152052,1000,12234.24626
9355.795202,1000,12244.962998
9356.097989,1000,12273.22768
9355.487805,1000,12284.031496
9355.70727,1000,12294.826304
6619.982269,708,12322.023016
9356.396744,1000,12332.850854
9356.034984,1000,12361.141559
9356.243508,1000,12371.831272
2729.423548,292,12372.730088
9355.081258,1000,12383.402786
9353.347913,1000,12411.831617
9355.38967,1000,12422.537344
9355.868133,1000,12451.055256
9353.997076,1000,12461.870083
9355.99384,1000,12472.59783
9355.720364,1000,12500.876524
9354.480291,1000,12511.553225
9353.603759,1000,12539.968044
9355.478352,1000,12550.740832
9355.409681,1000,12561.511618
9354.851725,1000,12589.933443
9354.418247,1000,12596.889763
9355.493773,1000,12607.656546
9353.282295,1000,12636.15444
9352.579064,1000,12646.881186
782.32887,84,12650.944879
9353.860322,1000,12675.647324
9349.871851,1000,12686.500184
3164.740211,339,12691.422657
9349.182869,1000,12712.728015
1762.579602,189,12713.354585
9344.966538,1000,12724.075326
7686.933986,823,12734.26058
1520.025575,163,12734.747022
4164.999951,446,12750.159026
5088.504939,545,12755.671034
5968.638456,639,12761.420259
4213.345247,451,12766.626989
1660.10449,178,12771.000963
1584.332837,170,12771.519434
3213.947989,344,12786.106688
4341.220145,465,12791.34745
3110.391388,333,12792.396403
1556.722358,167,12796.781387
3372.212418,361,12797.892397
3642.664393,390,12802.923969
4158.525689,445,12808.106678
1744.274442,187,12808.749262
3110.557518,333,12822.724961
3297.721155,353,12827.618406
2625.190729,281,12828.537241
3073.96591,329,12833.333599
3876.076642,415,12838.538328
2941.130111,315,12839.537236
5295.494316,567,12845.124313
9347.495225,1000,12870.407285
930.640721,100,12870.703554
9350.473706,1000,12881.416288
9347.325568,1000,12908.771142
9350.182211,1000,12919.490883
9352.367531,1000,12930.248658
9352.141782,1000,12958.912702
9352.285679,1000,12969.661469
9352.569995,1000,12998.194394
9351.971698,1000,13009.010221
9352.31503,1000,13019.857077
9352.09038,1000,13048.203833
9353.298672,1000,13058.894547
9354.625064,1000,13087.287345
9354.786046,1000,13098.084155
9352.119183,1000,13108.809901
9355.314573,1000,13137.334819
9354.099162,1000,13148.12162
791.501151,85,13148.377853
9355.353177,1000,13176.726611
9356.093916,1000,13187.508407
9354.259219,1000,13198.332242
9354.042681,1000,13226.69201
9353.40877,1000,13237.420759
9355.643552,1000,13265.925658
884.458585,95,13266.217924
9355.579311,1000,13276.981704
9355.055162,1000,13287.726467
9355.586748,1000,13316.172313
9356.204108,1000,13326.975128
9352.082859,1000,13355.32789
9353.552818,1000,13366.130706
9354.839928,1000,13373.098037
810.452648,87,13377.186751
9351.464394,1000,13405.460441
9353.736771,1000,13416.160164
9350.256161,1000,13444.714108
9352.59414,1000,13451.646407
9355.383239,1000,13462.452225
1443.325574,155,13466.724107
9351.75179,1000,13495.331099
9352.96184,1000,13506.023815
9353.499501,1000,13534.375576
9352.671733,1000,13545.294497
9354.792945,1000,13552.22079
9353.786244,1000,13580.41741
5506.346696,589,13589.950072
791.745363,85,13590.198297
9353.967598,1000,13601.048155
9354.358248,1000,13629.355876
9355.596693,1000,13640.155688
9354.63581,1000,13668.421371
9354.85824,1000,13679.15012
9352.869057,1000,13686.145476
9355.840829,1000,13714.52326
9355.587693,1000,13725.293046
9354.899,1000,13736.053823
9353.506192,1000,13764.427604
9353.220623,1000,13775.25344
9352.748744,1000,13803.800378
9352.201006,1000,13814.464067
9352.832362,1000,13825.199822
9350.952958,1000,13853.492529
4953.113728,530,13858.998532
9351.632265,1000,13869.772322
7487.240758,801,13897.343373
9347.961755,1000,13908.158199
9353.078023,1000,13936.325793
9351.783035,1000,13943.308137
4765.783874,510,13948.712047
9353.263255,1000,13959.527875
9351.759129,1000,13986.687552
9352.932295,1000,13997.558429
9354.789734,1000,14024.98535
4242.3527,454,14030.241126
735.835914,79,14030.479342
9353.146021,1000,14041.29617
9349.960289,1000,14069.749024
9350.485826,1000,14080.54183
9350.485345,1000,14091.295601
4979.015027,533,14112.008421
9347.32949,1000,14122.661099
4960.130707,531,14128.115055
4926.80536,527,14133.516963
6026.779116,645,14153.056717
8386.740846,898,14163.555257
7128.980922,763,14173.59638
2508.525461,269,14174.425133
3363.265289,360,14192.440502
4744.753551,508,14197.846414
9120.121233,976,14208.712287
1799.91292,193,14209.304826
3482.482937,373,14214.315378
3522.347112,377,14235.460591
9348.680888,1000,14246.308447
9349.255331,1000,14257.112263
9352.478114,1000,14285.570121
9353.088283,1000,14292.428352
1743.543864,187,14296.866385
9349.916407,1000,14325.299219
9354.147817,1000,14336.120052
9354.48262,1000,14347.023958
9351.92705,1000,14375.337685
9349.357058,1000,14386.115478
9350.189356,1000,14414.489258
3948.73114,423,14415.755409
7563.593931,809,14425.918643
9353.387453,1000,14436.720458
9353.462454,1000,14465.097242
9352.30831,1000,14475.953106
9353.356822,1000,14504.42998
9354.739832,1000,14515.156727
9354.143822,1000,14525.958542
9350.743258,1000,14554.401385
9354.667299,1000,14565.109115
9351.927337,1000,14593.482895
9355.389946,1000,14604.132571
9354.697966,1000,14611.08689
4366.480824,467,14616.377697
9353.947007,1000,14644.645382
9355.15757,1000,14655.362119
9355.00198,1000,14683.654826
9356.332594,1000,14694.385576
9353.515067,1000,14705.170376
9356.392282,1000,14733.514129
9355.259579,1000,14744.445061
9351.975146,1000,14772.748778
9356.529457,1000,14783.479528
9356.335201,1000,14794.229295
9356.583721,1000,14822.422913
9353.666321,1000,14833.169677
9356.244873,1000,14861.650556
9354.416225,1000,14872.487402
9357.028955,1000,14883.455367
9356.190922,1000,14911.810368
9356.131371,1000,14922.643211
791.846933,85,14922.893438
9355.8423,1000,14951.44438
9355.796587,1000,14962.278224
9354.682346,1000,14973.07103
9354.982592,1000,15001.532893
9355.48214,1000,15012.228609
9355.103932,1000,15019.24098
9355.644235,1000,15047.63478
9356.868453,1000,15058.447604
9354.432546,1000,15086.951503
9355.541289,1000,15097.665238
9356.222038,1000,15108.514096
9356.091815,1000,15136.827821
9355.642703,1000,15147.586597
9356.256788,1000,15175.778212
9355.771987,1000,15186.556005
6369.020576,681,15192.566467
9356.892119,1000,15220.926235
9354.990926,1000,15231.698022
7387.762156,790,15241.771175
9355.097453,1000,15268.36734
9355.493602,1000,15279.130119
9354.286083,1000,15305.848396
8854.083669,947,15316.438018
9355.920029,1000,15323.289243
3991.61665,427,15328.452935
2635.345882,282,15350.540004
9355.985126,1000,15361.382855
9356.328479,1000,15372.04154
9355.018686,1000,15400.484383
8566.077522,916,15411.107035
9353.343631,1000,15418.007305
9353.216772,1000,15446.611295
9351.814034,1000,15457.368068
9352.315098,1000,15485.714825
9352.549284,1000,15496.42856
9354.712108,1000,15507.145297
9355.088224,1000,15535.316894
9355.164655,1000,15546.01061
9356.085474,1000,15574.230251
9357.043894,1000,15585.01405
9354.903583,1000,15595.707766
9356.463573,1000,15624.06253
9354.814705,1000,15634.795282
9354.657698,1000,15663.502365
9355.842427,1000,15674.269148
9355.35237,1000,15685.083975
9355.384621,1000,15713.436736
969.495432,104,15713.766035
9355.035989,1000,15724.439734
9353.50491,1000,15752.728437
9355.912244,1000,15763.534256
9354.673179,1000,15774.237981
9355.989227,1000,15802.716857
9354.939042,1000,15813.48364
9353.130051,1000,15841.836402
9356.957811,1000,15852.583167
9355.182847,1000,15859.4434
9357.939985,1000,15887.772875
9356.53798,1000,15898.62974
9354.236622,1000,15909.380508
9356.516351,1000,15937.759293
9356.293782,1000,15948.627167
9355.859318,1000,15977.051995
9356.320587,1000,15987.822782
9357.006044,1000,15998.582558
922.352327,99,15998.876825
9357.314906,1000,16026.99137
9357.277968,1000,16037.772166
9356.594284,1000,16065.975792
9357.039115,1000,16076.780609
9356.179159,1000,16087.584426
9355.352304,1000,16116.046288
9356.295719,1000,16126.86812
9355.157048,1000,16155.260918
9357.132831,1000,16166.181841
9355.186436,1000,16176.965639
9355.346094,1000,16205.254342
9356.587423,1000,16216.02413
9355.767229,1000,16244.440948
9354.299952,1000,16255.344856
9354.449879,1000,16266.09162
913.079727,98,16266.391893
9354.513248,1000,16294.672589
9354.97751,1000,16305.3603
9356.314506,1000,16333.791133
9356.080085,1000,16344.427797
9356.066132,1000,16355.179567
9354.926595,1000,16383.605394
