#{"t_start": 1604353159.919439, "env_id": "SparseMountainCar-v0"}
r,l,t
0,200,1.883847
0,200,2.577227
0,200,14.317819
0,200,15.011199
0,200,15.696768
0,200,20.250617
0,200,20.949857
0,200,25.667774
0,200,26.352365
0,200,27.033052
0,200,31.680653
0,200,32.364268
0,200,36.988432
0,200,37.658377
0,200,38.341988
0,200,42.960293
0,200,43.649767
0,200,48.29444
0,200,48.972195
0,200,49.659716
0,200,54.303412
0,200,54.992886
0,200,55.690174
0,200,60.391489
0,200,61.080963
0,200,65.681689
0,200,66.362374
0,200,67.047942
0,200,71.692615
0,200,72.433848
0,200,77.08731
0,200,77.760182
0,200,78.432078
4.16,176,83.012295
0,200,83.694933
0,200,88.328864
0,200,89.017362
0,200,89.69414
0,200,94.283147
4.61,171,94.89254
0,200,95.577131
0,200,100.180787
0,200,100.879051
5.15,165,105.350867
5.42,162,105.903618
5.78,158,106.453439
5.42,162,107.006191
0,200,111.761219
4.43,173,112.414558
5.69,159,113.018093
2.9,190,117.581709
0,200,118.253604
4.07,177,122.80843
5.87,157,123.339696
5.24,164,123.900261
0,200,128.54591
0,200,129.223665
5.87,157,129.765673
5.33,163,134.262881
3.44,184,134.887901
6.05,155,135.429909
0,200,140.018916
5.78,158,140.570693
2.9,190,141.212311
5.6,160,145.65483
6.77,147,146.153868
0,200,146.857015
0,200,151.430397
5.42,162,151.979241
5.96,156,152.499765
5.51,161,156.964746
11.27,97,157.286043
4.52,172,157.862233
5.6,160,162.354557
5.15,165,162.918051
5.33,163,163.482522
4.79,169,164.056758
4.34,174,168.591075
5.15,165,169.140897
5.87,157,169.680953
4.97,167,174.138119
5.24,164,174.71138
5.33,163,175.262177
5.6,160,179.718368
2.36,196,180.376591
5.6,160,180.925436
5.78,158,185.42069
5.78,158,185.977348
6.23,153,186.503731
5.78,158,191.000938
5.42,162,191.55369
6.23,153,192.067379
5.96,156,196.499153
6.05,155,197.028466
5.6,160,197.584147
6.23,153,198.103693
6.14,154,202.490547
4.25,175,203.085291
4.7,170,203.654644
8.21,131,208.03173
6.68,148,208.536629
3.26,186,209.166531
6.95,145,213.592447
5.78,158,214.129573
5.87,157,214.683301
6.14,154,219.078943
4.88,168,219.64146
6.23,153,220.171751
2.9,190,224.792984
11.45,95,225.112329
6.05,155,225.639689
5.78,158,226.193418
6.86,146,230.61738
6.32,152,231.13888
4.61,171,231.748274
5.06,166,236.253294
4.97,167,236.834367
6.05,155,237.370516
5.69,159,241.875536
4.97,167,242.451725
8.66,126,242.889239
5.42,162,243.450779
4.07,177,247.926502
6.32,152,248.447026
5.6,160,248.983174
8.48,128,253.361238
5.96,156,253.89348
5.51,161,254.450138
3.98,178,258.975667
9.56,116,259.362397
6.5,150,259.878037
0,200,264.467045
6.68,148,264.970967
6.23,153,265.493443
5.78,158,266.034476
3.71,181,270.644967
4.88,168,271.214321
6.32,152,271.732891
7.13,143,276.17248
5.24,164,276.754529
7.94,134,277.201808
5.87,157,281.656045
5.96,156,282.186335
6.14,154,282.719554
6.77,147,283.220546
11.9,90,287.41501
9.29,119,287.822249
9.47,117,288.222651
6.59,149,288.737316
11.27,97,292.979632
6.23,153,293.500156
8.48,128,293.939622
6.86,146,294.435732
6.5,150,305.470248
6.23,153,305.994678
6.14,154,306.531804
6.86,146,310.971391
6.86,146,311.472384
6.59,149,311.982165
9.02,122,312.400147
6.32,152,316.785046
9.47,117,317.200097
8.84,124,317.626868
9.47,117,318.014575
9.11,121,322.400451
9.47,117,322.794994
4.61,171,323.368254
9.29,119,323.787212
5.96,156,328.202386
4.25,175,328.810802
6.05,155,329.329373
6.5,150,333.756266
5.78,158,334.28265
9.83,113,334.66938
11.36,96,335.008257
5.42,162,339.488862
5.78,158,340.020128
5.24,164,340.592412
9.74,114,344.904067
9.11,121,345.307399
11.9,90,345.616002
9.2,120,346.009569
4.25,175,350.605412
3.89,179,351.2109
9.38,118,351.613256
8.3,130,352.057605
9.65,115,356.427856
9.47,117,356.822399
9.11,121,357.224755
9.74,114,357.620275
11.36,96,357.94548
5.51,161,362.429991
9.56,116,362.827464
5.42,162,363.383146
8.48,128,367.684058
9.29,119,368.08739
9.56,116,368.48291
11.72,92,368.804209
9.56,116,369.198752
7.94,134,373.544588
9.02,122,373.955733
9.38,118,374.361019
9.02,122,374.79072
4.25,175,379.325038
9.56,116,379.72544
9.74,114,380.122914
9.2,120,380.544801
10.55,105,384.80372
9.38,118,385.197287
11.81,91,385.500031
11.81,91,385.805704
7.49,139,390.205252
5.51,161,390.767769
6.14,154,391.28341
12.44,84,391.569552
5.33,163,396.024765
8.93,123,396.451536
7.85,135,396.92616
12.35,85,397.212302
5.87,157,401.677281
5.15,165,402.249565
9.56,116,402.648014
9.65,115,403.035721
11.36,96,407.292687
8.75,125,407.707738
5.6,160,408.256583
9.92,112,408.65894
4.07,177,413.187398
9.47,117,413.592684
9.56,116,413.98918
12.17,87,414.279228
10.64,104,414.654239
11.27,97,418.891673
9.38,118,419.299889
9.65,115,419.693456
10.28,108,420.056747
9.56,116,424.417233
6.41,151,424.927013
10.01,111,425.303978
9.92,112,425.684849
11.72,92,425.993452
9.74,114,430.300225
9.83,113,430.688908
9.65,115,431.075639
8.75,125,431.497526
9.56,116,435.921489
11.63,93,436.234976
12.08,88,436.540649
9.74,114,436.926403
9.74,114,437.321923
9.29,119,441.654086
12.44,84,441.944134
11.99,89,442.237111
9.74,114,442.638491
12.35,85,442.939281
9.74,114,447.240194
6.68,148,447.741186
11.72,92,448.046859
11.72,92,448.374994
9.56,116,448.776373
9.56,116,453.130997
9.2,120,453.536284
12.35,85,453.832191
9.74,114,454.222828
9.29,119,458.648745
9.83,113,459.032545
5.15,165,459.580413
3.17,187,460.223011
5.6,160,464.685062
9.74,114,465.067885
9.92,112,465.451686
9.47,117,465.83744
9.74,114,470.196948
10.1,110,470.577819
11.63,93,470.900094
7.49,139,471.369836
10.01,111,475.629731
4.88,168,476.188342
9.92,112,476.587768
9.47,117,476.982311
9.83,113,481.268574
9.83,113,481.656281
5.69,159,482.20415
11.81,91,482.528379
9.74,114,482.921945
9.56,116,487.251179
9.29,119,487.661348
9.47,117,488.063703
9.56,116,488.45727
11.63,93,492.641968
11.0,100,492.976939
11.9,90,493.27773
9.38,118,493.698641
9.38,118,494.10881
12.35,85,498.331594
12.08,88,498.647034
9.56,116,499.038648
9.56,116,499.426356
9.65,115,499.810156
4.61,171,504.262439
6.32,152,504.793706
12.35,85,505.079847
9.92,112,505.460718
9.83,113,509.904213
6.86,146,510.405205
9.29,119,510.809514
10.1,110,511.180619
12.17,87,515.393638
9.74,114,515.781345
10.1,110,516.14952
5.15,165,516.715944
9.83,113,521.019787
9.92,112,521.390891
9.56,116,521.802037
10.01,111,522.179977
9.74,114,522.593076
9.56,116,526.91352
10.1,110,527.285602
11.45,95,527.604948
9.83,113,527.992655
9.74,114,532.329701
11.27,97,532.669555
10.01,111,533.051403
9.29,119,533.455712
6.32,152,533.980142
9.92,112,538.287891
9.74,114,538.683411
10.1,110,539.062328
12.08,88,539.365072
10.64,104,539.709808
9.74,114,543.997049
9.65,115,544.388662
10.19,109,544.774416
6.23,153,545.283222
12.35,85,549.549953
9.65,115,549.93766
9.83,113,550.322437
12.08,88,550.62811
12.17,87,550.929878
9.74,114,555.265947
11.9,90,555.57455
12.26,86,555.875343
9.74,114,556.269884
9.38,118,556.675169
9.74,114,561.062999
9.56,116,561.459496
9.92,112,561.843296
9.83,113,562.224167
10.01,111,566.499688
9.38,118,566.899115
11.72,92,567.217483
9.47,117,567.615933
10.01,111,567.999733
12.35,85,572.179549
12.08,88,572.484245
9.65,115,572.885625
10.1,110,573.252823
9.74,114,573.625882
9.74,114,577.962928
6.59,149,578.483451
10.37,107,578.851627
10.82,102,579.194411
12.17,87,579.499108
9.47,117,583.874241
9.83,113,584.257065
9.83,113,584.648679
12.17,87,584.963141
9.74,114,595.852145
10.19,109,596.204695
9.56,116,596.606074
12.53,83,596.888309
12.26,86,597.177381
9.83,113,601.484153
5.51,161,602.030068
11.0,100,602.370898
9.47,117,602.771301
11.81,91,603.072092
10.37,107,607.389607
9.74,114,607.778289
9.74,114,608.156231
9.83,113,608.568353
10.01,111,612.854616
4.97,167,613.413227
12.44,84,613.698392
9.02,122,614.112467
9.83,113,614.495291
11.9,90,618.750304
9.47,117,619.139964
12.17,87,619.433918
9.65,115,619.817719
11.99,89,620.128275
11.9,90,624.441884
12.35,85,624.73584
11.99,89,625.033699
12.44,84,625.334489
12.26,86,625.621607
5.96,156,630.019202
9.65,115,630.415698
9.47,117,630.815125
5.69,159,631.363969
10.01,111,635.659024
9.74,114,636.045753
9.92,112,636.441273
10.01,111,636.840699
9.92,112,637.234266
9.74,114,641.704129
9.65,115,642.091836
6.59,149,642.612359
12.26,86,642.90729
9.83,113,647.279495
10.91,101,647.631068
12.35,85,647.912326
11.18,98,648.250226
9.83,113,648.666255
10.1,110,652.941776
10.37,107,653.294326
9.83,113,653.684962
5.06,166,654.24162
9.56,116,658.634332
11.99,89,658.947818
9.65,115,659.35408
9.74,114,659.741788
12.17,87,660.033789
9.74,114,664.335678
11.18,98,664.673579
12.35,85,664.969486
12.17,87,665.284925
6.32,152,665.828887
10.01,111,670.21281
10.01,111,670.600517
6.41,151,671.109322
10.01,111,671.500935
9.65,115,675.783293
9.74,114,676.171
11.99,89,676.489368
5.78,158,677.022588
10.01,111,677.402482
11.72,92,681.609642
12.53,83,681.8909
9.92,112,682.262005
10.91,101,682.604789
12.53,83,682.886048
10.01,111,687.208445
9.29,119,687.603965
10.73,103,687.956515
12.35,85,688.248516
9.92,112,688.640129
12.17,87,692.861938
9.74,114,693.257458
9.65,115,693.652001
5.69,159,694.185221
12.35,85,698.39238
9.92,112,698.785946
9.92,112,699.159005
9.83,113,699.545735
12.26,86,699.832853
12.53,83,703.966769
9.83,113,704.34178
9.74,114,704.736323
9.29,119,705.136726
9.92,112,705.516621
10.01,111,709.810696
10.37,107,710.168129
9.65,115,710.566579
9.74,114,710.956239
10.01,111,711.324416
9.92,112,715.643882
10.37,107,715.990572
9.83,113,716.399765
9.92,112,716.776729
12.26,86,720.924317
11.81,91,721.242686
9.83,113,721.626486
11.27,97,721.959504
12.44,84,722.237833
4.88,168,726.825864
9.56,116,727.221383
9.92,112,727.613973
12.17,87,727.913787
11.72,92,728.223367
9.92,112,732.498888
12.35,85,732.796749
9.83,113,733.183479
6.68,148,733.69912
12.53,83,733.976472
12.35,85,738.188514
12.17,87,738.487352
9.56,116,738.882871
10.01,111,739.26179
9.56,116,739.655356
10.1,110,743.971894
5.24,164,744.532458
11.54,94,744.85571
10.01,111,745.224862
9.65,115,749.570698
9.92,112,749.955475
9.92,112,750.331463
10.01,111,750.734795
9.83,113,755.161688
9.83,113,755.562091
9.74,114,755.953704
9.74,114,756.347271
9.65,115,756.743768
9.65,115,761.008546
10.01,111,761.378675
7.22,142,761.858181
10.01,111,762.235146
9.92,112,766.570239
5.87,157,767.102482
12.53,83,767.387647
11.99,89,767.69039
12.26,86,767.971649
12.53,83,772.144628
12.17,87,772.443465
5.42,162,772.993286
9.74,114,773.38197
12.26,86,773.674947
6.32,152,778.200477
12.26,86,778.510056
6.23,153,779.061831
6.86,146,779.620441
6.86,146,784.051241
7.04,144,784.543443
9.92,112,784.935056
12.35,85,785.220222
9.92,112,789.558244
10.1,110,789.936185
9.83,113,790.314127
6.59,149,790.821954
12.26,86,795.073061
9.65,115,795.457838
12.08,88,795.766441
6.41,151,796.27134
12.44,84,796.554551
9.83,113,801.004882
9.83,113,801.397472
10.01,111,801.778344
10.28,108,802.139683
12.35,85,802.426801
6.5,150,806.830255
9.65,115,807.219915
10.28,108,807.585161
12.08,88,807.876186
12.08,88,808.173069
11.45,95,812.434918
12.53,83,812.723013
9.74,114,813.113649
10.19,109,813.479872
10.19,109,813.85
10.01,111,818.139194
11.63,93,818.451703
11.45,95,818.780815
9.74,114,819.162662
10.01,111,819.536698
10.19,109,823.88351
5.87,157,824.411846
9.65,115,824.812249
10.37,107,825.164798
10.28,108,829.469617
9.83,113,829.850488
11.72,92,830.150302
5.24,164,830.705983
11.81,91,834.89654
9.56,116,835.29499
10.1,110,835.669024
11.45,95,835.9913
9.92,112,836.382914
6.5,150,840.801994
10.01,111,841.175052
10.1,110,841.55397
11.63,93,841.86355
9.74,114,846.122468
9.83,113,846.516035
10.1,110,846.906672
12.17,87,847.209415
12.08,88,847.521926
10.1,110,851.793539
9.02,122,852.219334
9.65,115,852.634386
9.29,119,853.037718
9.56,116,853.437144
12.17,87,857.612077
9.74,114,857.984158
12.17,87,858.275183
12.08,88,858.582809
10.37,107,858.939265
9.83,113,863.241154
5.24,164,863.809531
10.19,109,864.182589
9.92,112,864.552718
10.19,109,868.870233
11.81,91,869.174929
9.92,112,869.548964
11.09,99,869.881981
11.81,91,870.191561
11.0,100,874.42802
9.92,112,874.812796
10.37,107,875.179996
10.19,109,875.54817
12.08,88,875.85189
9.56,116,886.552412
11.45,95,886.874687
9.65,115,887.271184
10.01,111,887.674516
10.37,107,888.039762
10.19,109,892.291844
5.42,162,892.858268
11.81,91,893.169801
10.1,110,893.540906
12.17,87,897.779316
10.37,107,898.142608
10.37,107,898.515667
10.1,110,898.892632
10.19,109,899.272527
10.28,108,903.591017
10.01,111,903.966028
10.19,109,904.337134
10.01,111,904.715074
10.55,105,905.079343
12.35,85,909.334356
12.17,87,909.630263
10.28,108,909.995509
10.55,105,910.348059
10.64,104,910.706468
10.1,110,914.999567
9.83,113,915.398017
10.28,108,915.771076
10.01,111,916.142181
10.01,111,916.528911
10.01,111,920.851309
10.19,109,921.236086
11.27,97,921.569104
10.1,110,921.940209
10.01,111,922.313267
10.28,108,926.646408
10.28,108,927.015559
6.68,148,927.510692
12.17,87,927.804645
10.37,107,932.053799
10.19,109,932.436623
3.62,182,933.059689
10.37,107,933.43177
11.63,93,937.706315
8.12,132,938.1575
5.42,162,938.718064
10.37,107,939.083313
12.08,88,939.376287
10.55,105,943.667434
10.28,108,944.037562
9.83,113,944.426246
12.08,88,944.729966
10.37,107,948.97326
12.08,88,949.272097
10.37,107,949.638319
11.36,96,949.96743
12.17,87,950.265291
10.28,108,950.634443
10.37,107,954.897269
12.17,87,955.194152
10.64,104,955.552562
12.17,87,955.850422
12.17,87,956.147306
12.17,87,960.38474
10.28,108,960.765611
11.09,99,961.088863
10.37,107,961.474617
10.55,105,961.827167
10.55,105,966.083156
10.46,106,966.460121
10.28,108,966.830249
9.11,121,967.238465
10.28,108,967.601757
10.46,106,971.885091
11.0,100,972.230804
5.42,162,972.818713
10.55,105,973.177122
12.17,87,977.348148
10.37,107,977.715346
12.44,84,978.01223
10.46,106,978.368687
10.55,105,978.739792
12.35,85,979.030816
10.73,103,983.315126
10.64,104,983.661817
10.46,106,984.027064
12.26,86,984.323946
10.46,106,984.700911
11.54,94,988.930532
10.55,105,989.286988
12.26,86,989.584849
10.55,105,989.950094
10.64,104,990.304597
10.55,105,994.615276
9.83,113,995.004936
6.86,146,995.493232
10.46,106,995.848713
9.29,119,1000.212126
10.55,105,1000.562723
10.46,106,1000.931874
10.37,107,1001.286377
10.46,106,1001.64088
5.87,157,1006.099024
10.19,109,1006.474036
9.65,115,1006.873461
4.16,176,1011.372622
4.34,174,1011.977133
10.1,110,1012.349215
10.01,111,1012.736922
9.65,115,1017.055413
7.94,134,1017.504645
10.46,106,1017.862078
4.7,170,1018.445104
11.27,97,1018.784957
9.83,113,1023.08294
9.11,121,1023.509711
10.64,104,1023.850542
10.19,109,1024.214811
10.01,111,1028.508887
10.64,104,1028.885851
10.19,109,1029.254027
12.35,85,1029.542121
11.18,98,1029.874163
10.46,106,1033.551033
10.55,105,1033.913348
10.64,104,1034.261992
10.46,106,1034.64091
10.55,105,1034.993459
12.44,84,1038.548255
12.35,85,1038.829514
10.64,104,1039.187923
10.55,105,1039.544379
10.46,106,1039.913531
10.37,107,1043.633371
10.46,106,1044.00057
12.08,88,1044.290618
10.46,106,1044.656839
10.55,105,1045.00353
10.37,107,1048.641336
10.37,107,1049.009511
10.19,109,1049.369874
10.46,106,1049.73219
12.17,87,1050.021261
5.06,166,1053.874895
12.08,88,1054.183497
5.42,162,1054.745038
10.28,108,1055.104424
10.19,109,1058.804732
6.23,153,1059.328185
10.82,102,1059.671946
3.71,181,1060.29599
10.28,108,1064.025594
5.96,156,1064.56858
6.41,151,1065.081291
10.46,106,1065.434817
10.37,107,1069.0736
6.32,152,1069.583381
4.16,176,1070.173243
12.08,88,1070.486729
10.37,107,1074.184107
10.1,110,1074.570837
10.19,109,1074.950732
9.83,113,1075.340392
4.43,173,1079.237972
10.46,106,1079.590522
10.28,108,1079.954791
10.37,107,1080.31027
6.95,145,1084.115074
10.37,107,1084.480319
10.28,108,1084.845567
10.28,108,1085.203974
10.37,107,1085.572149
5.69,159,1089.418946
6.05,155,1089.94533
10.46,106,1090.30765
4.43,173,1094.345854
11.81,91,1094.655434
12.35,85,1094.940599
10.55,105,1095.288266
10.64,104,1095.640816
9.38,118,1099.316709
10.64,104,1099.678048
10.46,106,1100.032551
11.99,89,1100.337248
11.63,93,1100.677102
10.55,105,1104.351042
10.28,108,1104.72996
10.37,107,1105.099112
10.46,106,1105.463381
10.55,105,1105.821791
10.55,105,1109.431275
10.46,106,1109.788707
10.55,105,1110.147117
11.63,93,1110.472322
11.99,89,1110.77702
10.55,105,1114.40799
11.54,94,1114.727335
10.55,105,1115.09258
10.37,107,1115.461732
10.46,106,1115.813305
10.46,106,1119.503848
9.65,115,1119.903274
10.82,102,1120.251917
10.37,107,1120.635718
11.27,97,1120.977525
10.46,106,1124.599706
8.48,128,1125.033313
10.37,107,1125.390746
11.18,98,1125.718881
10.64,104,1126.07436
10.37,107,1129.786388
10.46,106,1130.151633
10.37,107,1130.517855
10.37,107,1130.877241
10.37,107,1131.240533
10.37,107,1134.87834
10.55,105,1135.22796
10.46,106,1135.591252
10.28,108,1135.954544
10.46,106,1139.599187
10.46,106,1139.960526
10.64,104,1140.308193
10.46,106,1140.670508
10.82,102,1141.021105
12.08,88,1141.321895
10.91,101,1144.968491
10.19,109,1145.33569
10.46,106,1145.698005
10.28,108,1146.050555
10.46,106,1149.784067
12.35,85,1150.077045
10.64,104,1150.435455
10.46,106,1150.801677
11.09,99,1151.134694
10.46,106,1161.216056
10.1,110,1161.600834
11.72,92,1161.912367
10.46,106,1162.283472
10.28,108,1162.673132
10.37,107,1166.361721
11.54,94,1166.681067
10.64,104,1167.042406
11.27,97,1167.366635
10.37,107,1167.726997
11.9,90,1168.0356
10.46,106,1171.664617
12.35,85,1171.956618
10.46,106,1172.308192
10.37,107,1172.674414
10.55,105,1173.038682
12.35,85,1176.617894
12.26,86,1176.911847
10.55,105,1177.278069
10.46,106,1177.644292
10.37,107,1178.016373
11.99,89,1181.591678
10.28,108,1181.958876
11.99,89,1182.257714
10.46,106,1182.625889
12.08,88,1182.925703
10.46,106,1186.655308
10.73,103,1187.006882
10.55,105,1187.354549
11.9,90,1187.661199
10.82,102,1188.006912
11.81,91,1191.655461
10.46,106,1192.01387
10.73,103,1192.361537
11.9,90,1192.672093
10.55,105,1193.023666
10.55,105,1196.678075
10.46,106,1197.039414
10.55,105,1197.410519
10.46,106,1197.766975
10.1,110,1198.134174
4.61,171,1202.125506
7.04,144,1202.622592
6.23,153,1203.147999
10.55,105,1203.506408
6.86,146,1207.335627
10.37,107,1207.697942
3.44,184,1208.33468
7.04,144,1212.174641
4.61,171,1212.778175
4.79,169,1213.354364
4.25,175,1217.318352
5.33,163,1217.865244
5.24,164,1218.426785
5.33,163,1222.365381
5.06,166,1222.933758
5.33,163,1223.498228
5.06,166,1227.440732
5.06,166,1228.014968
4.88,168,1228.59311
9.65,115,1228.983747
10.46,106,1232.774878
9.83,113,1233.155749
6.77,147,1233.645999
4.97,167,1234.20461
4.07,177,1238.150042
5.24,164,1238.708653
10.28,108,1239.077804
11.63,93,1242.768346
4.34,174,1243.366021
10.73,103,1243.712712
9.74,114,1244.107255
10.64,104,1244.47543
5.06,166,1248.379846
10.28,108,1248.749974
10.28,108,1249.116197
10.37,107,1249.480465
9.65,115,1253.239369
3.35,185,1253.870248
10.55,105,1254.22768
11.99,89,1254.541166
10.55,105,1258.284445
10.64,104,1258.646761
11.72,92,1258.963176
12.35,85,1259.257131
10.55,105,1259.616517
12.44,84,1263.192797
10.64,104,1263.54437
10.46,106,1263.90864
10.55,105,1264.263142
10.28,108,1264.654756
10.64,104,1268.344322
10.46,106,1268.715427
11.09,99,1269.047468
10.55,105,1269.41076
10.55,105,1269.760381
12.08,88,1273.396234
10.64,104,1273.753666
11.63,93,1274.064223
10.55,105,1274.445093
11.99,89,1274.762486
11.9,90,1275.063277
10.64,104,1278.714755
10.64,104,1279.069257
12.35,85,1279.357353
11.81,91,1279.677676
12.26,86,1279.96577
10.46,106,1283.629944
10.55,105,1283.98933
10.46,106,1284.356529
10.73,103,1284.705172
12.17,87,1285.014752
10.64,104,1288.685765
10.28,108,1289.043195
12.08,88,1289.343009
10.37,107,1289.711184
10.64,104,1290.056898
10.55,105,1293.722048
11.9,90,1294.027721
10.64,104,1294.385157
10.64,104,1294.749423
10.64,104,1295.103927
10.73,103,1298.800328
10.64,104,1299.142136
10.46,106,1299.505428
10.46,106,1299.873603
12.44,84,1300.170487
11.81,91,1303.812199
10.46,106,1304.176469
10.55,105,1304.538784
10.37,107,1304.909889
10.37,107,1305.278065
10.55,105,1308.991068
10.55,105,1309.349478
10.37,107,1309.716676
10.55,105,1310.084852
12.35,85,1310.375876
10.73,103,1314.064465
10.46,106,1314.437523
12.17,87,1314.732454
10.46,106,1315.106489
10.64,104,1315.458062
10.73,103,1319.111495
10.55,105,1319.468926
10.46,106,1319.831243
10.37,107,1320.203325
10.64,104,1320.573453
11.09,99,1324.201493
12.26,86,1324.497401
12.17,87,1324.805027
10.55,105,1325.166368
10.55,105,1325.51794
10.46,106,1329.199692
10.64,104,1329.552242
10.46,106,1329.916511
10.28,108,1330.289569
12.17,87,1330.592312
11.81,91,1334.248674
10.64,104,1334.61099
10.64,104,1334.969399
10.46,106,1335.345387
11.9,90,1335.648131
10.82,102,1335.999704
12.17,87,1339.601377
10.82,102,1339.943184
10.73,103,1340.291827
12.17,87,1340.587735
11.9,90,1340.891455
10.55,105,1344.617154
10.19,109,1344.978494
10.55,105,1345.348622
10.37,107,1345.712891
10.46,106,1346.063488
10.46,106,1349.741333
10.46,106,1350.102673
10.46,106,1350.464012
10.55,105,1350.830235
10.91,101,1351.163252
10.46,106,1354.819614
6.41,151,1355.341114
11.63,93,1355.6546
10.37,107,1356.014962
10.64,104,1359.666441
10.73,103,1360.022897
12.26,86,1360.316852
11.54,94,1360.64401
6.86,146,1361.139143
10.46,106,1364.854099
10.46,106,1365.206649
10.82,102,1365.563105
10.55,105,1365.911748
12.26,86,1366.206679
12.17,87,1369.781007
10.64,104,1370.128674
10.55,105,1370.489036
10.82,102,1370.839633
10.64,104,1371.197066
12.17,87,1374.843661
12.26,86,1375.138592
12.26,86,1375.43157
10.55,105,1375.797792
4.88,168,1376.361286
10.1,110,1380.044015
7.04,144,1380.537194
6.86,146,1381.038186
11.63,93,1381.361438
11.99,89,1384.070505
10.55,105,1384.431844
10.64,104,1384.795136
12.17,87,1385.083231
10.64,104,1385.439688
10.55,105,1388.184888
10.46,106,1388.55404
7.04,144,1389.04722
10.55,105,1389.405629
10.64,104,1389.754272
12.44,84,1392.617641
10.73,103,1393.055154
10.46,106,1393.453603
10.82,102,1393.878421
10.46,106,1394.271011
10.64,104,1397.155865
2.27,197,1397.864871
10.46,106,1398.22328
12.17,87,1398.516259
5.42,162,1401.473379
10.55,105,1401.845461
7.04,144,1402.359149
10.73,103,1402.712675
11.54,94,1405.458852
10.64,104,1405.812379
10.64,104,1406.162976
10.82,102,1406.512595
12.17,87,1406.817292
10.64,104,1415.950383
10.64,104,1416.299027
10.64,104,1416.669155
10.55,105,1417.026595
12.17,87,1417.336167
5.87,157,1420.346025
10.73,103,1420.710294
10.46,106,1421.073586
6.32,152,1421.58532
10.64,104,1424.408649
6.77,147,1424.911594
10.1,110,1425.280746
6.5,150,1425.791503
10.28,108,1428.565026
10.55,105,1428.952732
10.64,104,1429.311142
6.68,148,1429.81604
4.79,169,1432.766325
10.55,105,1433.123758
9.83,113,1433.507559
10.46,106,1433.876713
10.73,103,1434.227308
10.55,105,1436.968602
10.37,107,1437.339707
6.14,154,1437.868044
10.55,105,1438.248915
6.5,150,1441.138651
6.68,148,1441.638667
10.37,107,1442.009771
10.64,104,1442.381853
11.81,91,1442.705105
10.73,103,1445.444446
10.19,109,1445.809692
10.64,104,1446.186656
10.46,106,1446.554832
10.37,107,1449.395739
10.28,108,1449.77075
10.28,108,1450.138925
10.55,105,1450.50124
6.59,149,1451.009068
10.64,104,1453.763059
10.55,105,1454.117562
10.46,106,1454.486714
10.55,105,1454.845123
11.72,92,1455.157633
11.54,94,1457.920413
10.55,105,1458.273939
10.55,105,1458.642114
10.64,104,1458.988804
10.37,107,1459.352097
12.35,85,1462.034796
10.46,106,1462.412737
10.37,107,1462.790678
10.46,106,1463.146158
10.46,106,1463.507496
10.37,107,1466.196055
10.46,106,1466.56423
10.46,106,1466.928499
10.37,107,1467.296674
10.37,107,1467.671686
10.37,107,1470.364151
11.81,91,1470.677637
10.73,103,1471.022374
10.82,102,1471.365158
10.37,107,1471.730404
10.37,107,1474.450213
10.37,107,1474.822295
10.73,103,1475.173869
10.28,108,1475.541066
10.28,108,1478.284314
12.26,86,1478.5978
10.73,103,1478.940584
10.28,108,1479.30583
10.64,104,1479.664239
12.44,84,1479.955265
12.17,87,1482.640893
10.19,109,1483.014927
12.17,87,1483.308882
10.37,107,1483.668267
12.35,85,1483.964175
10.73,103,1486.694727
12.35,85,1486.982822
10.55,105,1487.342208
10.37,107,1487.715266
12.17,87,1488.008244
10.37,107,1490.705591
10.28,108,1491.068885
10.55,105,1491.420456
12.17,87,1491.719294
10.55,105,1492.08161
10.46,106,1494.868804
10.37,107,1495.242839
12.44,84,1495.523121
10.46,106,1495.89325
10.55,105,1496.254589
11.72,92,1498.925568
10.46,106,1499.29472
10.46,106,1499.654106
12.08,88,1499.973452
10.46,106,1500.331861
10.46,106,1503.080968
10.37,107,1503.45012
11.99,89,1503.747004
4.61,171,1504.33003
10.55,105,1504.693322
10.37,107,1507.420944
10.55,105,1507.77447
10.28,108,1508.147529
3.98,178,1508.772548
10.55,105,1511.519702
6.68,148,1512.016788
10.1,110,1512.401565
11.81,91,1512.716028
6.41,151,1515.623343
11.9,90,1515.93097
10.73,103,1516.283519
3.26,186,1516.933929
11.99,89,1519.623465
6.5,150,1520.119574
9.56,116,1520.522906
11.99,89,1520.838347
4.16,176,1523.80621
10.1,110,1524.174385
6.77,147,1524.681236
11.99,89,1524.97812
6.68,148,1527.883482
10.01,111,1528.274119
10.37,107,1528.643271
10.91,101,1528.986055
10.46,106,1529.352277
10.55,105,1532.106268
10.46,106,1532.473465
10.64,104,1532.843594
6.77,147,1533.353376
10.46,106,1533.721551
6.41,151,1536.680625
11.27,97,1537.023409
10.73,103,1537.378889
11.09,99,1537.71679
10.46,106,1540.531328
6.23,153,1541.053806
12.44,84,1541.335064
10.37,107,1541.705193
10.73,103,1542.051883
10.46,106,1544.845913
10.28,108,1545.217995
10.55,105,1545.573475
10.64,104,1545.928954
10.55,105,1546.277597
10.64,104,1548.979829
10.37,107,1549.340191
10.46,106,1549.709343
10.82,102,1550.04822
12.08,88,1550.347058
10.55,105,1553.045382
10.55,105,1553.399885
10.64,104,1553.765131
10.73,103,1554.118657
10.37,107,1554.483902
10.82,102,1557.226173
10.82,102,1557.580676
10.55,105,1557.942992
10.46,106,1558.293589
11.63,93,1558.641255
10.64,104,1561.457748
10.73,103,1561.800532
10.46,106,1562.159918
11.54,94,1562.509538
10.64,104,1562.90994
11.09,99,1565.617054
10.28,108,1565.97937
10.46,106,1566.338756
12.26,86,1566.652242
10.46,106,1567.009675
10.46,106,1569.818354
12.35,85,1570.119145
10.73,103,1570.472671
10.64,104,1570.835963
11.0,100,1571.177771
12.35,85,1573.978638
12.08,88,1574.297007
12.17,87,1574.604633
10.37,107,1574.977691
10.46,106,1575.339031
10.73,103,1578.10181
11.54,94,1578.451429
10.82,102,1578.804956
10.55,105,1579.165318
10.46,106,1579.529588
10.73,103,1582.229865
10.55,105,1582.597064
10.37,107,1582.967193
10.64,104,1583.331461
10.46,106,1583.705496
11.81,91,1586.359874
10.37,107,1586.729026
10.55,105,1587.076692
12.35,85,1587.36967
10.91,101,1587.726127
12.26,86,1588.013244
10.73,103,1590.728171
12.17,87,1591.033844
10.28,108,1591.395184
10.64,104,1591.759453
10.37,107,1592.127628
10.55,105,1594.861109
11.99,89,1595.157994
10.55,105,1595.50566
10.37,107,1595.860163
11.81,91,1596.174626
10.64,104,1598.937406
10.55,105,1599.298745
9.92,112,1599.672779
10.37,107,1600.034119
12.17,87,1600.332957
5.24,164,1603.249061
9.65,115,1603.6563
6.5,150,1604.173893
12.26,86,1604.488356
10.46,106,1607.223791
12.17,87,1607.525558
11.63,93,1607.839044
5.42,162,1608.425977
10.55,105,1611.235632
10.1,110,1611.609667
10.46,106,1611.960263
6.77,147,1612.471997
10.46,106,1612.84115
10.55,105,1615.582445
10.19,109,1615.971128
9.47,117,1616.409618
10.46,106,1616.7817
10.46,106,1619.552292
5.06,166,1620.107973
10.73,103,1620.454664
10.46,106,1620.833581
10.46,106,1621.190037
10.1,110,1630.341683
10.64,104,1630.710835
10.46,106,1631.069244
11.27,97,1631.405192
11.72,92,1631.726491
10.37,107,1634.500013
10.46,106,1634.864282
12.35,85,1635.156283
6.5,150,1635.668017
6.5,150,1638.548965
10.55,105,1638.92007
12.26,86,1639.21793
10.46,106,1639.584153
12.08,88,1639.88299
10.46,106,1642.58815
10.46,106,1642.953395
12.26,86,1643.252233
10.46,106,1643.612596
10.55,105,1643.978818
12.08,88,1646.653704
12.44,84,1646.939845
12.35,85,1647.22501
10.55,105,1647.58342
10.55,105,1647.958431
10.55,105,1648.324653
11.99,89,1651.013212
12.44,84,1651.307166
10.46,106,1651.655809
10.64,104,1652.016172
10.55,105,1652.381418
11.45,95,1655.072906
12.44,84,1655.36686
12.35,85,1655.654955
10.82,102,1655.994809
10.55,105,1656.356148
10.73,103,1659.079864
10.46,106,1659.452922
12.44,84,1659.734181
10.46,106,1660.083801
10.73,103,1660.454906
12.35,85,1660.75179
10.55,105,1663.475505
10.55,105,1663.834892
10.37,107,1664.195254
10.55,105,1664.563429
11.63,93,1664.882775
10.55,105,1667.583052
10.82,102,1667.935602
10.91,101,1668.290105
10.91,101,1668.642671
10.64,104,1669.000088
10.91,101,1671.725757
12.35,85,1672.014828
12.35,85,1672.302923
10.82,102,1672.673051
10.64,104,1673.019742
10.46,106,1675.727832
10.82,102,1676.067686
5.69,159,1676.62825
12.17,87,1676.932947
10.73,103,1679.696705
11.72,92,1680.024838
10.64,104,1680.412545
10.37,107,1680.830527
10.37,107,1681.230929
10.64,104,1684.061094
10.46,106,1684.442942
10.55,105,1684.808187
10.28,108,1685.172456
10.55,105,1685.525006
12.35,85,1688.22919
10.46,106,1688.631546
10.55,105,1688.987025
10.46,106,1689.359107
12.26,86,1689.671617
11.81,91,1689.97436
12.26,86,1692.686357
11.81,91,1693.025234
11.63,93,1693.342627
10.55,105,1693.70006
11.27,97,1694.039914
10.55,105,1696.76949
12.17,87,1697.071256
11.9,90,1697.389625
10.46,106,1697.754871
10.46,106,1698.121093
12.26,86,1700.846762
10.28,108,1701.218844
10.37,107,1701.585066
11.54,94,1701.912224
10.28,108,1702.276493
10.46,106,1705.038296
10.19,109,1705.422096
10.55,105,1705.782459
11.99,89,1706.083249
12.26,86,1706.37818
10.46,106,1709.094084
10.28,108,1709.455423
10.19,109,1709.819692
10.37,107,1710.175171
10.46,106,1710.544323
5.33,163,1713.441872
5.24,164,1714.009272
6.5,150,1714.52882
4.97,167,1717.484964
6.77,147,1717.981073
6.41,151,1718.496714
9.65,115,1718.88735
4.88,168,1721.958734
4.79,169,1722.546642
4.79,169,1723.119901
5.15,165,1726.095578
4.52,172,1726.696182
4.97,167,1727.271395
5.51,161,1730.330083
10.46,106,1730.697281
6.68,148,1731.19925
11.72,92,1731.513712
4.79,169,1734.508921
6.59,149,1735.046046
6.59,149,1735.566571
10.19,109,1738.345952
6.77,147,1738.84792
12.17,87,1739.150663
6.95,145,1739.637007
10.37,107,1740.002252
12.17,87,1742.692764
10.1,110,1743.060939
6.32,152,1743.581463
5.69,159,1744.132261
10.55,105,1746.920432
10.55,105,1747.270052
6.59,149,1747.77788
10.64,104,1748.132382
10.46,106,1750.869773
10.46,106,1751.225255
10.46,106,1751.587566
10.55,105,1751.93328
10.55,105,1752.293642
11.0,100,1754.992944
11.63,93,1755.298617
10.64,104,1755.664839
10.64,104,1756.013483
11.63,93,1756.332828
10.64,104,1759.038965
10.55,105,1759.400304
10.82,102,1759.747971
11.45,95,1760.078059
12.26,86,1760.379826
12.44,84,1760.6855
11.45,95,1763.367222
12.08,88,1763.667036
10.46,106,1764.024468
12.26,86,1764.330142
11.09,99,1764.672926
10.46,106,1767.431799
10.91,101,1767.765794
10.55,105,1768.127133
10.55,105,1768.488472
12.17,87,1768.790239
10.82,102,1771.543252
10.91,101,1771.88213
10.73,103,1772.231751
10.64,104,1772.593089
10.55,105,1772.952475
10.82,102,1775.702559
10.64,104,1776.048272
11.9,90,1776.355899
10.46,106,1776.727004
9.47,117,1777.125454
12.08,88,1779.804248
10.73,103,1780.156796
10.37,107,1780.529854
10.46,106,1780.905843
10.46,106,1781.260346
10.64,104,1784.018243
12.26,86,1784.312196
10.91,101,1784.665723
10.46,106,1785.035851
10.37,107,1785.411839
10.73,103,1788.133602
12.35,85,1788.421696
10.55,105,1788.790848
10.37,107,1789.148281
10.55,105,1789.51255
10.19,109,1792.222594
10.37,107,1792.589792
11.9,90,1792.901325
10.37,107,1793.260711
10.37,107,1793.626934
11.72,92,1796.269592
10.46,106,1796.635814
11.09,99,1796.976645
11.99,89,1797.284271
10.64,104,1797.629985
10.73,103,1800.366397
10.28,108,1800.756058
11.63,93,1801.086145
10.46,106,1801.45725
10.37,107,1801.826402
10.28,108,1804.567697
12.26,86,1804.858721
12.26,86,1805.144862
10.28,108,1805.522804
11.9,90,1805.822618
12.26,86,1806.127314
10.73,103,1808.903766
10.1,110,1809.276824
10.46,106,1809.652812
10.55,105,1810.015128
11.99,89,1810.322755
11.99,89,1813.01522
11.81,91,1813.322846
12.17,87,1813.614849
12.26,86,1813.915637
10.37,107,1814.291626
12.26,86,1816.973348
11.99,89,1817.276092
12.08,88,1817.572976
3.98,178,1818.183346
10.19,109,1818.573007
10.46,106,1821.364107
11.18,98,1821.697125
12.26,86,1821.986196
12.17,87,1822.275267
10.64,104,1822.63856
10.37,107,1825.385714
10.37,107,1825.768538
10.28,108,1826.151362
10.28,108,1826.526374
10.73,103,1826.878923
10.82,102,1829.571388
10.55,105,1829.946399
10.37,107,1830.305786
10.37,107,1830.675915
11.81,91,1830.997213
9.92,112,1833.761946
6.23,153,1834.279541
10.46,106,1834.648692
10.37,107,1835.013937
10.55,105,1844.140192
5.69,159,1844.707592
10.46,106,1845.068932
10.55,105,1845.435153
11.9,90,1845.756452
10.28,108,1848.50263
10.46,106,1848.879594
4.25,175,1849.469456
4.97,167,1852.495915
11.81,91,1852.807448
9.92,112,1853.190272
5.96,156,1853.718609
4.79,169,1856.691355
5.15,165,1857.250943
5.96,156,1857.768537
12.35,85,1858.058585
10.64,104,1860.901445
6.68,148,1861.430758
12.08,88,1861.741314
5.78,158,1862.280393
10.73,103,1865.03829
10.37,107,1865.405489
6.14,154,1865.931872
6.77,147,1866.436769
6.32,152,1869.336272
10.37,107,1869.708354
3.35,185,1870.357787
10.64,104,1870.720104
5.06,166,1873.73875
10.64,104,1874.0913
11.81,91,1874.406739
10.37,107,1874.779798
10.55,105,1877.568945
10.64,104,1877.928331
12.53,83,1878.212519
5.51,161,1878.778943
10.46,106,1879.148095
6.59,149,1882.090569
6.59,149,1882.608161
10.73,103,1882.961688
10.55,105,1883.332793
12.26,86,1886.023304
10.37,107,1886.384644
4.97,167,1886.977435
10.64,104,1887.34854
10.73,103,1890.124992
10.01,111,1890.521488
10.55,105,1890.878921
10.46,106,1891.240262
10.37,107,1891.610389
10.64,104,1894.393677
10.55,105,1894.752086
10.64,104,1895.098777
6.5,150,1895.618324
12.35,85,1895.903488
10.46,106,1898.699472
10.82,102,1899.048115
10.64,104,1899.397735
10.64,104,1899.755168
10.37,107,1900.123343
6.77,147,1903.029682
10.55,105,1903.386139
10.73,103,1903.736735
10.55,105,1904.087331
6.05,155,1907.100119
11.81,91,1907.417511
10.64,104,1907.78471
10.55,105,1908.145072
10.28,108,1908.516178
11.63,93,1911.205713
10.55,105,1911.573888
10.64,104,1911.950852
10.73,103,1912.306332
11.9,90,1912.631538
11.27,97,1915.324002
10.55,105,1915.681435
10.55,105,1916.043751
10.64,104,1916.412902
12.26,86,1916.712716
11.81,91,1919.431549
12.26,86,1919.72355
10.55,105,1920.084889
10.46,106,1920.445252
10.55,105,1920.81831
12.08,88,1923.498079
10.64,104,1923.857465
12.17,87,1924.146537
10.46,106,1924.513736
10.55,105,1924.870191
10.46,106,1927.588048
10.91,101,1927.930831
10.64,104,1928.282405
10.64,104,1928.649604
10.55,105,1929.00606
10.46,106,1931.850873
10.64,104,1932.217095
10.64,104,1932.576481
10.82,102,1932.945633
10.73,103,1933.331387
10.73,103,1936.066822
10.64,104,1936.435974
10.73,103,1936.7895
12.26,86,1937.081501
12.35,85,1937.376432
10.55,105,1937.743631
5.78,158,1940.676337
10.55,105,1941.026933
10.64,104,1941.396086
10.37,107,1941.755472
10.46,106,1944.461609
12.35,85,1944.757516
10.46,106,1945.115926
10.82,102,1945.471405
10.73,103,1945.823955
10.46,106,1948.589664
10.55,105,1948.958816
12.35,85,1949.250817
10.46,106,1949.613133
10.64,104,1949.9608
10.64,104,1952.67182
10.37,107,1953.038042
10.55,105,1953.407197
10.37,107,1953.771463
10.37,107,1954.12499
10.82,102,1956.851635
10.55,105,1957.229576
10.46,106,1957.592868
12.26,86,1957.880963
10.37,107,1958.259881
12.08,88,1960.940627
10.37,107,1961.305873
12.17,87,1961.613499
11.54,94,1961.935775
10.46,106,1962.299067
11.63,93,1964.968093
10.37,107,1965.327479
10.46,106,1965.696631
10.28,108,1966.061877
10.19,109,1966.440794
10.46,106,1969.205527
10.91,101,1969.548311
10.55,105,1969.896955
10.55,105,1970.245598
10.19,109,1970.61182
11.99,89,1973.331629
11.99,89,1973.638279
10.01,111,1974.020127
10.19,109,1974.400998
10.37,107,1974.775033
10.37,107,1977.52414
10.82,102,1977.879619
10.28,108,1978.248771
10.1,110,1978.631596
12.08,88,1978.932386
10.73,103,1981.631687
11.9,90,1981.942244
10.1,110,1982.324091
10.19,109,1982.709845
10.19,109,1983.07509
10.28,108,1985.829081
10.19,109,1986.200186
11.45,95,1986.535156
10.73,103,1986.902355
12.08,88,1987.206075
10.1,110,1989.906353
10.37,107,1990.264762
12.08,88,1990.567506
10.19,109,1990.939588
12.26,86,1991.235495
10.46,106,1993.969954
10.73,103,1994.32641
11.99,89,1994.659428
10.28,108,1995.03151
10.1,110,1995.409451
10.55,105,1998.123401
12.08,88,1998.432003
10.28,108,1998.804085
12.17,87,1999.105852
10.19,109,1999.478911
10.19,109,2002.216299
10.28,108,2002.605959
10.19,109,2002.979017
11.99,89,2003.280784
11.36,96,2003.619662
10.55,105,2006.341425
10.55,105,2006.713506
11.99,89,2007.018203
11.81,91,2007.329736
10.46,106,2007.701817
10.55,105,2008.064133
10.19,109,2010.831796
11.9,90,2011.143328
10.55,105,2011.511505
10.37,107,2011.869914
11.27,97,2012.206838
11.9,90,2014.900279
10.28,108,2015.270408
10.1,110,2015.653232
12.17,87,2015.942303
10.28,108,2016.309502
10.37,107,2019.079117
11.72,92,2019.39944
10.55,105,2019.757849
10.37,107,2020.13872
10.46,106,2020.518614
11.36,96,2023.25405
6.59,149,2023.770667
10.19,109,2024.142748
10.28,108,2024.509947
12.08,88,2027.155536
11.81,91,2027.474881
11.45,95,2027.794227
12.17,87,2028.104783
6.86,146,2028.613588
10.37,107,2031.361719
10.19,109,2031.737706
10.73,103,2032.090256
10.28,108,2032.465268
11.99,89,2032.78266
10.19,109,2035.555205
9.74,114,2035.939007
6.68,148,2036.445858
10.37,107,2036.815011
12.17,87,2037.11287
3.89,179,2040.102219
10.64,104,2040.461605
5.15,165,2041.020216
10.64,104,2043.826942
10.55,105,2044.185352
10.55,105,2044.544738
10.37,107,2044.919749
10.28,108,2045.29476
10.28,108,2048.01457
10.37,107,2048.390558
12.17,87,2048.698185
10.82,102,2049.05464
10.46,106,2049.427699
10.55,105,2058.578368
10.55,105,2058.938731
10.37,107,2059.303976
11.81,91,2059.626251
10.55,105,2059.975872
10.37,107,2062.778691
10.82,102,2063.124405
10.55,105,2063.485745
10.37,107,2063.843177
10.46,106,2064.199634
10.82,102,2066.984874
10.55,105,2067.337425
10.37,107,2067.713412
12.44,84,2067.999554
10.55,105,2068.365776
10.28,108,2071.134415
10.37,107,2071.506497
10.46,106,2071.870765
11.9,90,2072.186205
10.82,102,2072.550474
12.26,86,2075.292745
10.28,108,2075.661897
10.46,106,2076.0164
10.28,108,2076.395318
10.37,107,2076.756657
10.37,107,2079.51553
10.46,106,2079.875892
11.81,91,2080.191332
10.64,104,2080.546811
10.37,107,2080.912057
10.37,107,2083.701204
11.63,93,2084.019573
10.19,109,2084.393608
11.09,99,2084.745181
11.9,90,2085.050855
10.01,111,2087.787266
10.19,109,2088.157395
10.28,108,2088.543149
11.81,91,2088.858588
10.64,104,2089.211139
10.46,106,2091.89579
10.46,106,2092.264942
10.46,106,2092.628234
10.55,105,2092.982737
10.1,110,2093.369467
9.56,116,2096.163498
10.37,107,2096.528743
11.54,94,2096.844183
11.9,90,2097.149857
9.92,112,2097.526821
10.46,106,2100.342337
11.9,90,2100.651916
11.72,92,2100.96345
12.17,87,2101.263263
11.18,98,2101.598235
10.46,106,2104.31316
12.26,86,2104.602232
10.37,107,2104.963571
10.46,106,2105.326863
11.09,99,2105.656952
10.46,106,2108.396293
10.46,106,2108.782047
11.99,89,2109.077954
10.19,109,2109.447106
10.19,109,2109.813328
10.19,109,2112.581968
11.81,91,2112.886664
10.1,110,2113.274374
11.54,94,2113.596647
10.46,106,2113.95408
12.26,86,2116.618224
11.18,98,2116.957101
10.55,105,2117.325276
11.99,89,2117.638762
11.72,92,2117.945412
5.78,158,2120.918159
10.37,107,2121.300006
10.64,104,2121.655486
10.46,106,2122.017802
10.55,105,2122.373281
10.28,108,2125.176101
11.81,91,2125.493494
10.19,109,2125.860692
10.82,102,2126.216172
11.0,100,2126.557003
10.37,107,2129.271929
10.19,109,2129.643034
10.73,103,2129.985818
12.08,88,2130.291492
10.1,110,2130.679199
10.46,106,2133.411703
10.19,109,2133.798434
10.19,109,2134.172469
10.37,107,2134.547481
12.08,88,2134.844365
10.1,110,2137.586636
10.28,108,2137.959694
10.55,105,2138.324939
4.07,177,2138.936286
10.46,106,2141.719574
11.99,89,2142.018411
6.05,155,2142.548701
4.97,167,2143.129774
11.81,91,2145.851536
11.54,94,2146.178695
10.28,108,2146.560542
11.72,92,2146.884771
10.1,110,2147.262712
6.41,151,2150.218857
10.37,107,2150.600704
10.37,107,2150.967903
10.37,107,2151.323383
6.5,150,2154.216049
10.37,107,2154.585201
4.79,169,2155.177016
4.7,170,2155.744416
4.52,172,2158.787477
10.64,104,2159.156629
6.41,151,2159.665434
4.16,176,2162.668455
4.7,170,2163.256364
11.63,93,2163.568873
10.46,106,2163.939002
4.79,169,2166.941046
10.55,105,2167.291643
11.81,91,2167.59927
10.55,105,2167.959632
10.37,107,2170.720458
10.73,103,2171.077891
7.13,143,2171.587672
10.64,104,2171.940222
12.35,85,2172.240036
10.73,103,2174.94422
10.46,106,2175.307512
10.46,106,2175.672758
10.73,103,2176.021401
12.35,85,2176.310472
11.09,99,2179.060556
6.14,154,2179.602565
10.46,106,2179.966834
10.73,103,2180.315477
12.35,85,2180.613338
10.46,106,2183.379047
10.55,105,2183.749175
4.52,172,2184.34392
10.55,105,2184.703306
12.35,85,2187.439718
6.14,154,2187.952428
10.55,105,2188.312791
6.59,149,2188.843081
5.24,164,2191.87833
10.46,106,2192.235765
10.19,109,2192.621516
11.0,100,2192.956487
10.64,104,2193.32271
3.53,183,2196.321825
10.73,103,2196.678281
6.14,154,2197.2115
9.92,112,2200.006507
6.5,150,2200.522148
10.55,105,2200.892277
12.35,85,2201.177441
12.17,87,2201.486044
10.37,107,2204.197064
10.55,105,2204.55645
11.99,89,2204.86603
6.68,148,2205.367999
10.46,106,2205.732268
11.36,96,2208.425709
10.64,104,2208.788025
10.64,104,2209.140575
10.55,105,2209.524375
10.55,105,2209.876925
10.37,107,2212.653377
10.55,105,2212.99909
10.73,103,2213.365313
10.55,105,2213.730558
10.73,103,2214.077249
12.53,83,2216.712095
12.26,86,2217.008002
10.73,103,2217.364458
10.55,105,2217.721891
10.64,104,2218.071511
10.55,105,2220.784484
10.82,102,2221.127271
11.36,96,2221.449543
12.35,85,2221.752287
10.55,105,2222.10972
10.82,102,2224.872499
10.55,105,2225.230909
10.55,105,2225.585412
12.35,85,2225.86667
10.55,105,2226.243635
10.55,105,2229.036689
10.46,106,2229.3951
10.55,105,2229.760344
12.08,88,2230.051368
12.35,85,2230.345322
12.44,84,2230.639276
10.46,106,2233.380571
10.64,104,2233.737027
10.73,103,2234.090555
12.26,86,2234.391349
10.55,105,2234.761472
10.91,101,2237.488118
10.55,105,2237.850434
10.55,105,2238.208843
11.27,97,2238.554557
12.44,84,2238.842652
12.44,84,2241.576133
10.64,104,2241.920871
10.64,104,2242.275374
10.73,103,2242.642572
10.46,106,2243.003911
10.55,105,2245.734463
10.64,104,2246.079201
10.64,104,2246.439563
10.64,104,2246.800905
10.82,102,2247.146616
10.82,102,2249.840057
10.73,103,2250.182841
10.55,105,2250.551993
11.81,91,2250.870362
10.64,104,2251.215099
10.64,104,2253.976902
10.37,107,2254.34996
12.35,85,2254.645868
10.46,106,2255.015996
10.55,105,2255.387101
12.53,83,2258.027807
11.72,92,2258.338363
10.46,106,2258.717281
10.73,103,2259.069833
10.46,106,2259.440937
10.46,106,2262.151956
12.35,85,2262.453723
11.9,90,2262.770139
12.35,85,2263.058234
12.17,87,2263.349258
10.46,106,2263.714504
10.64,104,2272.801694
12.35,85,2273.101508
10.37,107,2273.474586
10.55,105,2273.828093
10.55,105,2274.190409
10.46,106,2276.904359
12.08,88,2277.213938
10.28,108,2277.59481
11.63,93,2277.916108
10.37,107,2278.275494
11.9,90,2280.95917
10.28,108,2281.331251
12.26,86,2281.628135
10.46,106,2281.976779
10.55,105,2282.335188
10.1,110,2285.072576
10.28,108,2285.438799
10.55,105,2285.791348
12.26,86,2286.081396
10.55,105,2286.440782
10.91,101,2289.143013
10.55,105,2289.498492
10.37,107,2289.858855
10.28,108,2290.234843
11.99,89,2290.53661
10.64,104,2293.291577
10.55,105,2293.666589
10.19,109,2294.03867
10.37,107,2294.420518
10.37,107,2294.790647
5.51,161,2297.682336
10.46,106,2298.035862
10.28,108,2298.41185
12.08,88,2298.723383
12.17,87,2301.425614
12.17,87,2301.724452
10.28,108,2302.09165
12.26,86,2302.401229
12.44,84,2302.683465
11.63,93,2303.000857
10.46,106,2305.72262
10.73,103,2306.070287
10.28,108,2306.450181
10.28,108,2306.832029
10.28,108,2307.193368
10.37,107,2309.906341
10.28,108,2310.285259
10.64,104,2310.656364
12.17,87,2310.950319
10.37,107,2311.318495
12.17,87,2313.960175
12.17,87,2314.249247
10.37,107,2314.626211
10.37,107,2314.989504
10.55,105,2315.352797
12.35,85,2317.996432
10.28,108,2318.372419
10.46,106,2318.738642
10.46,106,2319.1117
10.37,107,2319.490618
10.46,106,2322.220193
10.37,107,2322.603017
10.46,106,2322.979982
12.35,85,2323.272959
10.73,103,2323.61965
10.28,108,2326.400008
12.17,87,2326.719353
10.64,104,2327.074833
10.55,105,2327.443985
10.46,106,2327.80337
10.37,107,2330.551501
10.28,108,2330.930419
11.9,90,2331.246835
10.37,107,2331.624776
10.37,107,2331.977326
10.37,107,2334.745965
10.55,105,2335.102421
12.17,87,2335.397352
10.28,108,2335.767481
12.26,86,2336.059482
10.37,107,2338.80273
10.37,107,2339.161139
10.37,107,2339.533221
10.46,106,2339.886747
12.17,87,2340.200233
10.28,108,2342.962036
10.46,106,2343.334117
10.37,107,2343.706199
10.46,106,2344.069492
10.1,110,2344.434737
11.9,90,2347.114506
12.08,88,2347.427992
11.9,90,2347.747339
10.46,106,2348.112584
10.19,109,2348.488572
10.37,107,2351.207405
10.46,106,2351.570697
10.64,104,2351.931059
11.9,90,2352.250405
10.37,107,2352.630299
10.82,102,2355.33839
10.37,107,2355.701683
12.08,88,2356.005402
10.64,104,2356.368695
10.46,106,2356.738823
12.08,88,2359.426405
10.37,107,2359.787745
10.37,107,2360.151037
12.26,86,2360.442061
10.64,104,2360.805353
10.64,104,2363.494888
10.19,109,2363.873806
11.9,90,2364.191199
11.9,90,2364.504685
11.81,91,2364.823054
10.37,107,2365.1883
10.19,109,2367.900296
10.37,107,2368.269448
4.16,176,2368.890561
10.28,108,2369.263619
11.36,96,2371.981475
10.37,107,2372.348674
10.19,109,2372.725639
10.19,109,2373.095767
10.19,109,2373.470779
10.28,108,2376.209143
10.37,107,2376.578295
10.64,104,2376.934751
10.55,105,2377.287301
12.35,85,2377.572466
12.26,86,2380.292275
10.28,108,2380.677054
10.37,107,2381.052064
10.37,107,2381.422193
10.37,107,2381.788414
5.33,163,2384.722098
10.28,108,2385.101992
10.55,105,2385.477004
10.55,105,2385.834437
10.73,103,2388.577684
10.28,108,2388.94293
10.64,104,2389.304269
11.99,89,2389.612872
10.28,108,2389.974212
10.73,103,2392.797539
10.28,108,2393.160831
11.54,94,2393.475295
10.46,106,2393.830774
10.46,106,2394.196019
12.35,85,2396.949033
12.35,85,2397.237128
11.99,89,2397.537918
11.54,94,2397.854334
10.46,106,2398.212745
10.37,107,2400.972594
10.37,107,2401.346628
12.35,85,2401.631793
10.64,104,2401.982389
12.35,85,2402.265601
12.35,85,2402.570299
10.73,103,2405.290108
11.81,91,2405.605547
10.46,106,2405.966886
10.46,106,2406.333108
12.26,86,2406.629016
10.37,107,2409.349802
10.46,106,2409.717977
12.08,88,2410.009979
10.55,105,2410.365458
11.9,90,2410.677967
10.82,102,2413.379222
10.64,104,2413.741537
10.46,106,2414.09897
10.73,103,2414.455426
12.17,87,2414.748404
10.37,107,2417.499464
11.54,94,2417.82174
12.35,85,2418.113741
10.64,104,2418.467267
10.64,104,2418.83056
11.81,91,2421.540603
10.64,104,2421.898036
11.09,99,2422.233983
10.46,106,2422.603135
11.63,93,2422.928341
10.46,106,2423.276984
