#{"t_start": 1603814958.8892467, "env_id": "MountainCar-v0"}
r,l,t
-200.0,200,2.046866
-200.0,200,11.250254
-200.0,200,20.227437
-200.0,200,29.154574
-200.0,200,29.774139
-200.0,200,38.723295
-200.0,200,47.656438
-200.0,200,56.613603
-200.0,200,65.618811
-200.0,200,66.223362
-158.0,158,75.17452
-167.0,167,84.026589
-200.0,200,84.627137
-200.0,200,93.522245
-151.0,151,96.771206
-153.0,153,97.21461
-149.0,149,100.479586
-153.0,153,103.741559
-155.0,155,104.200978
-166.0,166,107.476964
-151.0,151,107.912361
-149.0,149,111.135299
-162.0,162,114.427299
-148.0,148,114.893725
-146.0,146,118.106653
-95.0,95,118.375899
-160.0,160,121.647881
-166.0,166,122.203387
-175.0,175,125.56445
-154.0,154,128.815414
-164.0,164,129.298855
-158.0,158,132.605869
-164.0,164,135.88686
-156.0,156,136.353285
-147.0,147,139.564211
-160.0,160,140.036642
-147.0,147,143.293611
-154.0,154,146.569597
-167.0,167,147.061044
-182.0,182,150.364055
-98.0,98,150.652318
-156.0,156,153.95633
-155.0,155,154.431763
-153.0,153,157.650697
-103.0,103,157.946967
-96.0,96,161.020769
-95.0,95,161.288012
-170.0,170,164.638066
-174.0,174,167.974107
-158.0,158,168.445537
-150.0,150,171.737537
-155.0,155,172.180941
-173.0,173,175.507974
-148.0,148,178.705889
-150.0,150,179.126272
-165.0,165,182.439292
-174.0,174,185.716279
-100.0,100,186.027563
-150.0,150,189.254504
-97.0,97,189.53476
-152.0,152,192.811746
-152.0,152,193.268162
-153.0,153,196.501109
-166.0,166,196.988553
-94.0,94,200.034329
-199.0,199,200.634877
-148.0,148,203.884839
-155.0,155,207.17684
-150.0,150,207.614239
-150.0,150,210.846184
-152.0,152,211.317614
-152.0,152,214.5946
-95.0,95,214.876858
-153.0,153,218.150842
-162.0,162,221.415819
-156.0,156,221.894254
-163.0,163,225.185254
-149.0,149,225.606638
-94.0,94,228.695454
-92.0,92,228.968703
-154.0,154,232.244689
-90.0,90,232.501923
-152.0,152,235.765898
-158.0,158,236.215308
-172.0,172,239.438246
-187.0,187,242.774287
-165.0,165,243.248719
-144.0,144,246.482668
-117.0,117,246.813969
-149.0,149,250.063931
-150.0,150,253.404977
-104.0,104,253.717261
-151.0,151,257.002255
-94.0,94,257.312538
-166.0,166,260.591527
-149.0,149,261.016914
-151.0,151,264.233847
-156.0,156,264.680254
-154.0,154,267.874165
-161.0,161,271.082088
-154.0,154,271.520489
-95.0,95,274.608303
-149.0,149,275.051707
-156.0,156,278.300669
-157.0,157,278.749077
-153.0,153,282.064099
-148.0,148,285.342087
-162.0,162,285.825528
-153.0,153,289.066481
-154.0,154,289.522897
-154.0,154,292.732823
-148.0,148,295.995798
-154.0,154,296.443205
-181.0,181,299.769237
-150.0,150,300.202631
-162.0,162,303.523659
-99.0,99,303.80992
-149.0,149,307.093913
-152.0,152,310.30484
-95.0,95,310.587097
-169.0,169,313.855076
-179.0,179,314.398571
-156.0,156,317.973831
-154.0,154,321.366923
-99.0,99,321.651182
-147.0,147,324.925166
-175.0,175,325.431628
-90.0,90,328.476403
-154.0,154,328.9118
-160.0,160,332.153755
-150.0,150,332.61718
-91.0,91,335.650943
-159.0,159,336.134383
-164.0,164,339.413372
-153.0,153,342.617293
-156.0,156,343.071707
-161.0,161,346.380723
-153.0,153,346.825128
-154.0,154,350.078093
-158.0,158,353.340067
-154.0,154,353.792479
-100.0,100,356.901312
-153.0,153,357.350722
-97.0,97,360.457554
-151.0,151,360.901959
-156.0,156,364.159928
-153.0,153,364.615343
-155.0,155,367.864305
-161.0,161,371.097251
-151.0,151,371.552667
-154.0,154,374.818644
-155.0,155,375.283067
-168.0,168,378.587079
-155.0,155,381.843046
-158.0,158,382.289453
-168.0,168,385.613483
-164.0,164,388.914491
-154.0,154,389.3619
-159.0,159,392.56482
-157.0,157,393.039252
-172.0,172,396.339259
-179.0,179,399.633262
-150.0,150,400.064655
-148.0,148,403.265573
-176.0,176,406.633643
-151.0,151,407.111079
-156.0,156,410.384061
-153.0,153,413.593987
-162.0,162,414.121468
-146.0,146,417.465516
-154.0,154,417.904917
-149.0,149,421.120848
-148.0,148,421.545235
-160.0,160,424.921312
-162.0,162,428.23233
-166.0,166,428.708764
-156.0,156,431.934704
-96.0,96,432.207953
-155.0,155,435.47393
-154.0,154,438.769936
-160.0,160,439.282401
-155.0,155,442.5714
-179.0,179,445.905438
-154.0,154,446.370863
-157.0,157,449.597804
-165.0,165,450.059225
-157.0,157,453.291172
-155.0,155,456.569159
-159.0,159,457.06461
-163.0,163,460.309568
-152.0,152,460.772991
-149.0,149,463.991924
-155.0,155,467.238884
-97.0,97,467.540159
-154.0,154,470.719056
-149.0,149,471.145446
-165.0,165,474.411421
-162.0,162,474.89186
-155.0,155,478.16184
-153.0,153,481.391784
-156.0,156,481.844196
-97.0,97,484.965041
-96.0,96,485.257308
-154.0,154,488.48525
-151.0,151,488.920646
-154.0,154,492.102546
-147.0,147,492.523932
-148.0,148,495.722847
-161.0,161,498.986822
-159.0,159,499.470263
-152.0,152,502.677186
-153.0,153,503.120589
-150.0,150,506.391572
-150.0,150,509.590487
-110.0,110,509.94481
-90.0,90,510.202044
-164.0,164,513.472025
-156.0,156,516.704972
-89.0,89,516.953197
-167.0,167,520.198156
-91.0,91,520.462396
-93.0,93,520.731642
-152.0,152,523.956583
-156.0,156,527.196534
-158.0,158,527.686982
-156.0,156,530.959965
-166.0,166,531.446408
-166.0,166,534.716389
-158.0,158,538.00839
-158.0,158,538.477817
-152.0,152,541.733785
-154.0,154,542.174187
-159.0,159,545.439163
-155.0,155,548.645084
-153.0,153,549.082483
-149.0,149,552.31543
-147.0,147,552.745822
-153.0,153,556.02281
-162.0,162,559.323818
-149.0,149,559.765221
-148.0,148,562.985156
-143.0,143,563.389524
-158.0,158,566.699541
-151.0,151,569.941496
-151.0,151,570.397912
-155.0,155,573.659886
-149.0,149,574.078267
-154.0,154,577.349248
-154.0,154,580.618228
-149.0,149,581.064635
-162.0,162,584.318601
-160.0,160,584.796036
-161.0,161,588.138082
-155.0,155,591.411065
-153.0,153,591.84446
-156.0,156,595.075406
-154.0,154,595.515807
-151.0,151,598.848845
-144.0,144,602.060773
-157.0,157,602.522194
-156.0,156,605.737123
-187.0,187,609.102191
-166.0,166,609.620664
-151.0,151,612.871626
-156.0,156,613.319035
-150.0,150,616.563992
-154.0,154,619.837976
-171.0,171,620.33543
-154.0,154,623.545356
-158.0,158,626.779303
-156.0,156,627.271752
-148.0,148,630.498693
-155.0,155,630.934091
-151.0,151,634.150022
-175.0,175,637.521095
-155.0,155,638.000531
-159.0,159,641.232477
-156.0,156,641.696901
-156.0,156,644.929847
-160.0,160,648.251876
-149.0,149,648.719302
-159.0,159,651.973268
-158.0,158,652.419674
-151.0,151,655.735697
-163.0,163,659.037707
-167.0,167,659.533158
-157.0,157,662.790127
-156.0,156,666.090135
-155.0,155,666.571574
-156.0,156,669.868579
-90.0,90,670.136824
-151.0,151,673.351753
-88.0,88,673.608988
-161.0,161,676.918004
-170.0,170,677.454494
-155.0,155,680.677431
-157.0,157,683.883353
-103.0,103,684.174619
-157.0,157,687.47863
-157.0,157,687.963072
-155.0,155,691.248065
-160.0,160,691.732508
-103.0,103,694.777283
-154.0,154,695.213681
-151.0,151,698.468648
-110.0,110,698.788939
-166.0,166,702.059921
-159.0,159,705.308883
-95.0,95,705.583133
-152.0,152,708.841102
-160.0,160,709.352568
-156.0,156,712.564496
-151.0,151,715.781428
-151.0,151,716.248854
-148.0,148,719.473793
-106.0,106,719.820109
-149.0,149,723.033038
-149.0,149,723.467434
-153.0,153,726.669352
-135.0,135,727.055704
-156.0,156,730.340698
-148.0,148,733.540616
-151.0,151,733.991026
-155.0,155,737.199951
-156.0,156,737.676385
-150.0,150,740.947366
-159.0,159,744.140276
-163.0,163,744.613708
-152.0,152,747.870677
-155.0,155,748.321088
-108.0,108,751.461951
-152.0,152,751.894344
-152.0,152,755.12629
-160.0,160,758.438309
-162.0,162,758.910739
-151.0,151,762.16871
-156.0,156,765.391648
-107.0,107,765.697927
-154.0,154,768.921865
-155.0,155,769.361265
-159.0,159,772.654268
-90.0,90,772.907499
-154.0,154,776.106414
-95.0,95,776.383666
-165.0,165,779.67867
-88.0,88,779.938907
-156.0,156,783.173856
-182.0,182,783.724358
-178.0,178,787.130462
-155.0,155,790.376421
-200.0,200,790.954948
-157.0,157,794.196903
-91.0,91,794.462145
-155.0,155,797.76916
-159.0,159,801.019122
-90.0,90,801.272352
-91.0,91,801.528586
-157.0,157,804.746519
-156.0,156,807.96245
-154.0,154,808.436883
-155.0,155,811.6378
-106.0,106,811.941077
-168.0,168,815.22507
-156.0,156,815.680485
-152.0,152,818.965479
-150.0,150,822.172402
-175.0,175,822.698882
-92.0,92,825.762675
-155.0,155,826.216088
-164.0,164,829.60818
-153.0,153,832.874159
-95.0,95,833.193448
-152.0,152,836.39937
-153.0,153,836.835768
-162.0,162,840.144784
-104.0,104,840.444057
-153.0,153,843.69502
-158.0,158,844.146431
-158.0,158,847.372372
-154.0,154,850.555273
-174.0,174,851.072745
-181.0,181,854.366747
-158.0,158,857.567665
-160.0,160,858.03409
-152.0,152,861.466219
-165.0,165,861.957666
-146.0,146,865.156582
-151.0,151,868.417554
-149.0,149,868.876973
-165.0,165,872.218019
-152.0,152,872.650413
-153.0,153,875.848327
-168.0,168,879.138326
-148.0,148,879.585734
-145.0,145,882.796661
-150.0,150,883.228054
-150.0,150,886.477016
-151.0,151,889.710963
-149.0,149,890.143358
-151.0,151,893.375303
-163.0,163,893.837725
-154.0,154,897.067669
-150.0,150,900.365675
-94.0,94,900.639925
-90.0,90,900.897159
-150.0,150,904.14512
-88.0,88,904.396349
-151.0,151,907.626293
-153.0,153,908.081708
-151.0,151,911.346684
-97.0,97,911.636949
-153.0,153,914.851879
-151.0,151,918.081824
-152.0,152,918.534236
-150.0,150,921.749166
-150.0,150,922.187565
-152.0,152,925.387482
-149.0,149,928.596407
-152.0,152,929.057828
-147.0,147,932.364841
-151.0,151,932.788228
-148.0,148,935.996152
-150.0,150,936.42254
-158.0,158,939.70253
-156.0,156,942.955495
-150.0,150,943.409909
-151.0,151,946.612828
-151.0,151,947.05323
-155.0,155,950.308198
-150.0,150,953.574174
-153.0,153,954.031591
-151.0,151,957.225502
-154.0,154,957.682919
-161.0,161,960.971916
-153.0,153,964.188849
-153.0,153,964.638258
-160.0,160,967.881214
-152.0,152,968.324619
-150.0,150,971.541551
-150.0,150,974.721449
-151.0,151,975.144835
-152.0,152,978.356763
-152.0,152,978.811177
-148.0,148,982.064142
-152.0,152,985.26506
-168.0,168,985.774524
-151.0,151,988.991457
-152.0,152,989.447873
-162.0,162,992.742875
-156.0,156,995.930781
-94.0,94,996.205032
-155.0,155,999.524057
-94.0,94,999.804312
-163.0,163,1003.096313
-160.0,160,1003.576751
-164.0,164,1006.837723
-108.0,108,1007.150007
-159.0,159,1010.40998
-154.0,154,1013.674955
-152.0,152,1014.120361
-152.0,152,1017.329286
-150.0,150,1017.782699
-155.0,155,1021.042671
-154.0,154,1024.219567
-154.0,154,1024.699004
-149.0,149,1027.925945
-162.0,162,1028.412388
-149.0,149,1031.65034
-159.0,159,1034.872276
-91.0,91,1035.148528
-149.0,149,1035.570914
-159.0,159,1038.849902
-151.0,151,1042.076843
-151.0,151,1042.550275
-104.0,104,1045.620073
-153.0,153,1046.062476
-154.0,154,1049.254385
-169.0,169,1052.55139
-150.0,150,1052.97778
-155.0,155,1056.183702
-149.0,149,1056.620099
-171.0,171,1059.897086
-150.0,150,1063.129033
-153.0,153,1063.574438
-149.0,149,1066.833409
-147.0,147,1067.286822
-162.0,162,1070.590833
-153.0,153,1073.800759
-151.0,151,1074.245165
-152.0,152,1077.474108
-149.0,149,1077.910505
-149.0,149,1081.10842
-148.0,148,1081.573844
-157.0,157,1084.781768
-146.0,146,1087.968673
-147.0,147,1088.39306
-160.0,160,1091.65003
-155.0,155,1092.10144
-146.0,146,1095.32638
-157.0,157,1098.565332
-153.0,153,1099.042767
-152.0,152,1102.33677
-154.0,154,1102.775169
-151.0,151,1106.053157
-99.0,99,1106.373449
-152.0,152,1109.599389
-153.0,153,1112.906404
-97.0,97,1113.188661
-161.0,161,1116.488669
-160.0,160,1116.960098
-90.0,90,1120.060925
-151.0,151,1120.503328
-163.0,163,1123.84037
-154.0,154,1124.30179
-179.0,179,1127.619815
-154.0,154,1130.886792
-155.0,155,1131.350215
-155.0,155,1134.576155
-145.0,145,1137.766063
-145.0,145,1138.222479
-148.0,148,1141.429402
-144.0,144,1141.872806
-148.0,148,1145.104752
-164.0,164,1145.605209
-149.0,149,1148.903215
-155.0,155,1152.157181
-155.0,155,1152.635617
-163.0,163,1155.862557
-148.0,148,1156.302959
-168.0,168,1159.569937
-148.0,148,1162.824904
-161.0,161,1163.31435
-148.0,148,1166.555304
-148.0,148,1166.980692
-155.0,155,1170.250673
-147.0,147,1173.537668
-149.0,149,1173.995085
-147.0,147,1177.193
-89.0,89,1177.442227
-154.0,154,1180.673172
-94.0,94,1180.946422
-94.0,94,1181.226677
-89.0,89,1184.330505
-91.0,91,1184.605757
-104.0,104,1187.698576
-158.0,158,1188.14198
-115.0,115,1191.270832
-105.0,105,1191.583117
-157.0,157,1194.831077
-158.0,158,1195.299505
-87.0,87,1198.383315
-156.0,156,1198.829722
-156.0,156,1202.152751
-154.0,154,1202.628185
-170.0,170,1205.902168
-99.0,99,1208.990984
-154.0,154,1209.456408
-121.0,121,1212.608281
-153.0,153,1213.075707
-154.0,154,1216.307653
-87.0,87,1216.559883
-150.0,150,1219.768808
-159.0,159,1220.230228
-151.0,151,1223.598298
-149.0,149,1224.080738
-151.0,151,1227.390755
-155.0,155,1230.630708
-153.0,153,1231.057097
-153.0,153,1234.334084
-151.0,151,1234.798507
-151.0,151,1238.001426
-175.0,175,1241.297431
-151.0,151,1241.771865
-91.0,91,1244.832653
-151.0,151,1245.260043
-92.0,92,1248.320833
-164.0,164,1248.790261
-94.0,94,1251.86106
-157.0,157,1252.329486
-149.0,149,1255.658521
-152.0,152,1256.081907
-157.0,157,1259.307847
-159.0,159,1262.535789
-159.0,159,1263.016227
-153.0,153,1266.251176
-147.0,147,1266.671559
-150.0,150,1269.910511
-156.0,156,1273.181493
-166.0,166,1273.66093
-154.0,154,1276.903886
-157.0,157,1280.114812
-148.0,148,1280.543203
-158.0,158,1283.795168
-149.0,149,1284.23657
-152.0,152,1287.472519
-150.0,150,1287.90091
-150.0,150,1291.105831
-149.0,149,1294.388824
-156.0,156,1294.838233
-148.0,148,1298.055165
-153.0,153,1298.484558
-156.0,156,1301.713499
-160.0,160,1304.993489
-151.0,151,1305.450906
-158.0,158,1308.673843
-155.0,155,1309.126256
-153.0,153,1312.368211
-156.0,156,1315.65821
-164.0,164,1316.123634
-157.0,157,1319.362587
-99.0,99,1319.659858
-157.0,157,1322.881794
-151.0,151,1326.13576
-155.0,155,1326.601185
-153.0,153,1329.8001
-153.0,153,1330.232495
-154.0,154,1333.537507
-155.0,155,1336.835513
-152.0,152,1337.29293
-158.0,158,1340.513866
-167.0,167,1340.984295
-167.0,167,1344.302319
-97.0,97,1344.596587
-155.0,155,1347.937632
-157.0,157,1351.1926
-92.0,92,1351.495876
-154.0,154,1354.768859
-154.0,154,1355.219269
-156.0,156,1358.437203
-154.0,154,1358.870598
-153.0,153,1362.090533
-156.0,156,1365.367523
-157.0,157,1365.840952
-153.0,153,1369.096919
-93.0,93,1369.360159
-152.0,152,1372.651159
-154.0,154,1373.097566
-98.0,98,1376.221413
-155.0,155,1376.660813
-153.0,153,1379.91578
-157.0,157,1383.238809
-91.0,91,1383.529074
-150.0,150,1386.830082
-149.0,149,1387.258474
-155.0,155,1390.530456
-146.0,146,1390.965852
-161.0,161,1394.278872
-149.0,149,1397.54585
-142.0,142,1397.953221
-152.0,152,1401.195176
-147.0,147,1401.652593
-157.0,157,1404.878533
-147.0,147,1405.313931
-157.0,157,1408.528861
-157.0,157,1411.756803
-150.0,150,1412.188196
-149.0,149,1415.410133
-152.0,152,1415.846531
-149.0,149,1419.036438
-148.0,148,1422.256373
-154.0,154,1422.69177
-156.0,156,1425.952742
-162.0,162,1426.420168
-159.0,159,1429.663125
-158.0,158,1432.876053
-151.0,151,1433.323461
-167.0,167,1436.606453
-88.0,88,1436.862687
-150.0,150,1440.085625
-152.0,152,1440.541039
-93.0,93,1443.636862
-149.0,149,1444.060248
-152.0,152,1447.275177
-154.0,154,1450.493111
-159.0,159,1450.95253
-152.0,152,1454.204494
-163.0,163,1454.68293
-158.0,158,1457.910872
-151.0,151,1461.110789
-151.0,151,1461.54018
-163.0,163,1464.830179
-91.0,91,1465.103428
-169.0,169,1468.385419
-155.0,155,1468.839834
-89.0,89,1471.825555
-158.0,158,1472.281971
-162.0,162,1475.554955
-162.0,162,1478.79791
-92.0,92,1479.079167
-150.0,150,1482.322123
-153.0,153,1482.787547
-182.0,182,1486.18064
-154.0,154,1489.437608
-179.0,179,1489.94407
-157.0,157,1493.17001
-150.0,150,1493.600402
-90.0,90,1496.633167
-183.0,183,1499.948189
-150.0,150,1500.369573
-90.0,90,1500.639819
-149.0,149,1503.862757
-164.0,164,1507.167769
-91.0,91,1507.448024
-150.0,150,1510.647941
-155.0,155,1511.108361
-170.0,170,1514.408368
-158.0,158,1517.639314
-153.0,153,1518.105739
-156.0,156,1521.313663
-145.0,145,1521.721036
-157.0,157,1524.955983
-150.0,150,1525.425411
-147.0,147,1528.640341
-150.0,150,1531.827246
-153.0,153,1532.255636
-164.0,164,1535.482578
-150.0,150,1535.931988
-150.0,150,1539.103879
-151.0,151,1542.315806
-153.0,153,1542.746199
-152.0,152,1545.953122
-90.0,90,1546.213359
-153.0,153,1549.447307
-157.0,157,1549.898719
-156.0,156,1553.064604
-151.0,151,1556.327578
-154.0,154,1556.777989
-156.0,156,1560.062982
-153.0,153,1560.491373
-153.0,153,1563.737332
-167.0,167,1567.028332
-186.0,186,1567.588842
-155.0,155,1570.773746
-101.0,101,1571.081026
-153.0,153,1574.327985
-101.0,101,1574.630261
-152.0,152,1577.878221
-161.0,161,1581.089148
-102.0,102,1581.430459
-161.0,161,1584.676418
-156.0,156,1585.116819
-159.0,159,1588.381795
-94.0,94,1588.652041
-156.0,156,1591.851958
-162.0,162,1592.343405
-175.0,175,1595.626399
-152.0,152,1598.859345
-99.0,99,1599.136598
-157.0,157,1602.348525
-159.0,159,1602.797935
-169.0,169,1606.145987
-150.0,150,1609.37493
-152.0,152,1609.806324
-96.0,96,1612.873118
-156.0,156,1613.317523
-154.0,154,1616.573491
-162.0,162,1617.048925
-157.0,157,1620.271863
-152.0,152,1623.509814
-170.0,170,1624.044301
-155.0,155,1627.265237
-90.0,90,1627.524473
-152.0,152,1630.727393
-161.0,161,1631.180806
-150.0,150,1634.368712
-171.0,171,1637.653706
-92.0,92,1637.948975
-156.0,156,1641.241976
-153.0,153,1641.670367
-152.0,152,1644.900311
-153.0,153,1645.351722
-156.0,156,1648.576663
-164.0,164,1651.847644
-150.0,150,1652.278035
-147.0,147,1655.490965
-152.0,152,1655.91335
-154.0,154,1659.203348
-170.0,170,1662.458315
-167.0,167,1662.942757
-153.0,153,1666.150681
-167.0,167,1669.428668
-151.0,151,1669.853055
-162.0,162,1673.096011
-155.0,155,1673.530407
-95.0,95,1676.615219
-157.0,157,1677.086649
-153.0,153,1680.296574
-159.0,159,1683.525518
-91.0,91,1683.780751
-167.0,167,1687.097773
-159.0,159,1687.568202
-154.0,154,1690.776126
-153.0,153,1693.977044
-161.0,161,1694.442468
-155.0,155,1697.697435
-169.0,169,1698.17387
-154.0,154,1701.359773
-92.0,92,1701.621011
-152.0,152,1704.857962
-95.0,95,1705.125205
-151.0,151,1708.321119
-159.0,159,1711.498014
-152.0,152,1711.929407
-151.0,151,1715.143337
-151.0,151,1715.617769
-158.0,158,1718.874738
-106.0,106,1719.186022
-102.0,102,1722.235802
-159.0,159,1722.689215
-165.0,165,1725.943181
-158.0,158,1729.242188
-164.0,164,1729.714618
-184.0,184,1733.020632
-156.0,156,1736.345663
-151.0,151,1736.806082
-163.0,163,1740.166145
-158.0,158,1740.609549
-156.0,156,1743.83649
-163.0,163,1747.106471
-158.0,158,1747.5769
-173.0,173,1750.864897
-160.0,160,1754.135878
-200.0,200,1754.711402
-156.0,156,1757.970373
-151.0,151,1761.149271
-153.0,153,1761.581665
-96.0,96,1764.628442
-164.0,164,1765.131902
-91.0,91,1768.190689
-94.0,94,1768.462937
-152.0,152,1771.701889
-163.0,163,1772.20635
-177.0,177,1775.484337
-151.0,151,1775.929743
-150.0,150,1779.194719
-146.0,146,1782.391633
-157.0,157,1782.829032
-95.0,95,1785.883816
-159.0,159,1786.337229
-151.0,151,1789.576182
-89.0,89,1789.876456
-153.0,153,1793.13943
-151.0,151,1793.597847
-96.0,96,1796.640621
-150.0,150,1797.064007
-90.0,90,1800.125798
-154.0,154,1800.568201
-158.0,158,1803.805151
-152.0,152,1804.247555
-175.0,175,1807.589601
-161.0,161,1810.855578
-112.0,112,1811.176871
-90.0,90,1814.20463
-90.0,90,1814.460864
-149.0,149,1814.882248
-146.0,146,1818.126205
-150.0,150,1821.383174
-148.0,148,1821.799553
-151.0,151,1824.976449
-147.0,147,1825.400836
-148.0,148,1828.639788
-172.0,172,1831.904764
-149.0,149,1832.325147
-90.0,90,1835.404954
-149.0,149,1835.853363
-148.0,148,1839.018248
-157.0,157,1839.474664
-150.0,150,1842.680586
-147.0,147,1843.088958
-161.0,161,1846.288888
-150.0,150,1849.504806
-152.0,152,1849.954216
-146.0,146,1853.279246
-157.0,157,1853.733661
-149.0,149,1856.93658
-148.0,148,1860.173531
-153.0,153,1860.616935
-154.0,154,1863.844877
-147.0,147,1864.259254
-153.0,153,1867.546251
-153.0,153,1870.780199
-158.0,158,1871.237615
-183.0,183,1874.50059
-154.0,154,1877.73754
-163.0,163,1878.209971
-155.0,155,1881.438915
-155.0,155,1881.872309
-156.0,156,1885.079232
-95.0,95,1885.372499
-90.0,90,1888.414272
-155.0,155,1888.874691
-107.0,107,1891.942487
-158.0,158,1892.415919
-155.0,155,1895.676892
-93.0,93,1895.959149
-169.0,169,1899.329221
-153.0,153,1902.628228
-151.0,151,1903.174726
-151.0,151,1906.476736
-150.0,150,1906.980198
-101.0,101,1910.134069
-154.0,154,1910.592487
-156.0,156,1913.888491
-156.0,156,1917.263568
-90.0,90,1917.560838
-93.0,93,1917.873124
-152.0,152,1921.146107
-170.0,170,1924.38706
-154.0,154,1924.833467
-170.0,170,1928.12847
-160.0,160,1928.605906
-162.0,162,1931.84586
-167.0,167,1935.317023
-109.0,109,1935.662338
-92.0,92,1938.803201
-160.0,160,1939.268625
-128.0,128,1942.489561
-155.0,155,1942.939972
-155.0,155,1946.190935
-157.0,157,1946.711409
-165.0,165,1950.072473
-158.0,158,1953.498596
-159.0,159,1954.00806
-155.0,155,1957.261025
-163.0,163,1960.514991
-97.0,97,1960.805256
-172.0,172,1964.063225
-156.0,156,1964.499623
-188.0,188,1967.872697
-158.0,158,1971.175709
-154.0,154,1971.633125
-174.0,174,1974.922123
-156.0,156,1975.367529
-89.0,89,1978.37427
-166.0,166,1978.876728
-91.0,91,1981.92951
-154.0,154,1982.368911
-155.0,155,1985.59385
-151.0,151,1988.788764
-156.0,156,1989.250182
-149.0,149,1992.439089
-153.0,153,1992.868481
-90.0,90,1995.856204
-155.0,155,1996.294604
-147.0,147,1999.532555
-154.0,154,2002.794528
-90.0,90,2003.046758
-148.0,148,2003.487159
-154.0,154,2006.697085
-150.0,150,2009.995091
-165.0,165,2010.478532
-152.0,152,2013.747512
-146.0,146,2014.156885
-96.0,96,2017.217675
-88.0,88,2017.47591
-166.0,166,2020.773916
-160.0,160,2021.241342
-150.0,150,2024.410231
-149.0,149,2027.618155
-146.0,146,2028.026527
-150.0,150,2031.286498
-146.0,146,2031.719894
-146.0,146,2034.900793
-153.0,153,2038.097707
-154.0,154,2038.53911
-152.0,152,2041.759044
-155.0,155,2042.20445
-147.0,147,2045.378343
-152.0,152,2048.570252
-146.0,146,2048.993639
-146.0,146,2052.204565
-149.0,149,2052.645967
-147.0,147,2055.831872
-149.0,149,2056.268269
-156.0,156,2059.474191
-148.0,148,2062.705137
-159.0,159,2063.145538
-153.0,153,2066.356464
-148.0,148,2066.788859
-154.0,154,2069.996783
-153.0,153,2073.172678
-153.0,153,2073.60307
-94.0,94,2076.682877
-154.0,154,2077.127283
-150.0,150,2080.38425
-161.0,161,2080.849675
-151.0,151,2084.069609
-155.0,155,2087.251511
-165.0,165,2087.762976
-154.0,154,2091.056979
-157.0,157,2091.511393
-164.0,164,2094.833421
-158.0,158,2098.093392
-153.0,153,2098.529791
-168.0,168,2101.856822
-163.0,163,2105.108787
-152.0,152,2105.586222
-162.0,162,2108.826176
-153.0,153,2109.268578
-150.0,150,2112.464492
-151.0,151,2115.6554
-153.0,153,2116.113818
-149.0,149,2119.318739
-169.0,169,2119.836211
-157.0,157,2123.148229
-166.0,166,2126.413206
-161.0,161,2126.879631
-153.0,153,2130.081549
-146.0,146,2130.518948
-150.0,150,2133.767909
-146.0,146,2136.942803
-151.0,151,2137.387208
-150.0,150,2140.550091
-155.0,155,2141.025525
-150.0,150,2144.238453
-148.0,148,2147.420353
-152.0,152,2147.848744
-148.0,148,2151.12473
-152.0,152,2151.568134
-157.0,157,2154.806086
-151.0,151,2158.031025
-162.0,162,2158.517469
-151.0,151,2161.720388
-158.0,158,2162.175803
-164.0,164,2165.454792
-167.0,167,2168.7548
-153.0,153,2169.192198
-147.0,147,2172.428148
-148.0,148,2172.850533
-157.0,157,2176.067465
-99.0,99,2176.340714
-93.0,93,2179.427528
-156.0,156,2179.877938
-159.0,159,2183.165935
-170.0,170,2186.416898
-159.0,159,2186.860302
-158.0,158,2190.111267
-158.0,158,2193.387251
-90.0,90,2193.63648
-116.0,116,2193.989801
-158.0,158,2197.160691
-101.0,101,2197.470974
-162.0,162,2200.721937
-164.0,164,2204.01594
-156.0,156,2204.453338
-163.0,163,2207.728324
-99.0,99,2208.017587
-95.0,95,2211.074373
-162.0,162,2211.571826
-156.0,156,2214.856821
-157.0,157,2215.296222
-157.0,157,2218.545184
-163.0,163,2221.849195
-175.0,175,2222.355656
-153.0,153,2225.63965
-160.0,160,2228.926646
-160.0,160,2229.397074
-153.0,153,2232.621013
-114.0,114,2232.967329
-159.0,159,2236.175252
-177.0,177,2239.435224
-157.0,157,2239.885635
-147.0,147,2243.175634
-147.0,147,2243.607026
-155.0,155,2246.812949
-148.0,148,2249.980836
-148.0,148,2250.427243
-147.0,147,2253.665195
-160.0,160,2254.123612
-154.0,154,2257.34655
-147.0,147,2260.52845
-157.0,157,2260.986868
-152.0,152,2264.243837
-148.0,148,2264.674229
-150.0,150,2267.871145
-152.0,152,2268.294529
-150.0,150,2271.494446
-156.0,156,2274.7364
-166.0,166,2275.209832
-152.0,152,2278.420759
-154.0,154,2281.60266
-151.0,151,2282.0861
-151.0,151,2285.304033
-166.0,166,2285.79448
-153.0,153,2288.963368
-91.0,91,2289.218601
-154.0,154,2292.472569
-93.0,93,2292.748819
-89.0,89,2295.809609
-103.0,103,2296.095869
-152.0,152,2299.314803
-163.0,163,2299.780228
-149.0,149,2302.945113
-151.0,151,2303.376506
-151.0,151,2306.580426
-152.0,152,2309.784346
-200.0,200,2310.365877
-149.0,149,2313.610835
-153.0,153,2316.824764
-152.0,152,2317.282181
-172.0,172,2320.612216
-157.0,157,2321.059625
-157.0,157,2324.308585
-155.0,155,2327.508502
-151.0,151,2327.933889
-152.0,152,2331.132806
-152.0,152,2331.568202
-159.0,159,2334.867209
-151.0,151,2338.098154
-162.0,162,2338.557573
-92.0,92,2341.619364
-168.0,168,2342.113815
-148.0,148,2345.337753
-104.0,104,2345.643032
-92.0,92,2348.686806
-148.0,148,2349.106188
-146.0,146,2352.302101
-151.0,151,2352.751511
-154.0,154,2355.964439
-157.0,157,2359.196385
-146.0,146,2359.619771
-148.0,148,2362.834702
-146.0,146,2363.268096
-146.0,146,2366.478022
-149.0,149,2366.91442
-151.0,151,2370.103327
-154.0,154,2373.480405
-151.0,151,2373.950834
-148.0,148,2377.142743
-150.0,150,2377.570132
-151.0,151,2380.797074
-156.0,156,2384.041031
-148.0,148,2384.487438
-154.0,154,2387.699365
-146.0,146,2388.140768
-155.0,155,2391.377719
-152.0,152,2394.598654
-152.0,152,2395.059073
-107.0,107,2398.156897
-160.0,160,2398.63233
-98.0,98,2401.683112
-166.0,166,2402.154542
-192.0,192,2405.525614
-157.0,157,2408.809607
-104.0,104,2409.113884
-160.0,160,2412.397878
-155.0,155,2412.850291
-147.0,147,2416.102255
-150.0,150,2416.543656
-95.0,95,2419.612454
-92.0,92,2419.879697
-161.0,161,2423.166694
-152.0,152,2423.598087
-155.0,155,2426.80601
-121.0,121,2427.161335
-156.0,156,2430.397284
-153.0,153,2433.601206
-168.0,168,2434.093653
-154.0,154,2437.303579
-102.0,102,2437.602852
-168.0,168,2440.826791
-107.0,107,2441.164098
-91.0,91,2444.202868
-164.0,164,2444.719338
-93.0,93,2447.758108
-160.0,160,2448.236545
-100.0,100,2451.303339
-88.0,88,2451.550565
-157.0,157,2454.764495
-155.0,155,2455.216907
-155.0,155,2458.431838
-158.0,158,2461.691809
-115.0,115,2462.024112
-97.0,97,2462.292357
-200.0,200,2465.721482
-154.0,154,2468.924401
-98.0,98,2469.195648
-152.0,152,2472.402571
-94.0,94,2472.67582
-174.0,174,2475.939795
-96.0,96,2476.216047
-153.0,153,2479.412961
-157.0,157,2479.866374
-158.0,158,2483.164381
-150.0,150,2486.416345
-152.0,152,2486.868758
-150.0,150,2490.062669
-154.0,154,2490.50307
-151.0,151,2493.721003
-156.0,156,2496.947945
-157.0,157,2497.39235
-97.0,97,2500.397089
-153.0,153,2500.830483
-157.0,157,2504.081447
-98.0,98,2504.362703
-158.0,158,2507.627678
-158.0,158,2508.0901
-151.0,151,2511.267997
-159.0,159,2514.498942
-157.0,157,2514.955358
-156.0,156,2518.184301
-155.0,155,2518.624702
-153.0,153,2521.821617
-155.0,155,2525.027539
-92.0,92,2525.303791
-155.0,155,2528.52873
-158.0,158,2528.98915
-151.0,151,2532.223098
-90.0,90,2532.481333
-154.0,154,2535.707273
-153.0,153,2536.146674
-99.0,99,2539.254515
-154.0,154,2539.699913
-154.0,154,2542.897827
-190.0,190,2546.2679
-153.0,153,2546.704297
-159.0,159,2549.915223
-153.0,153,2550.347618
-163.0,163,2553.546533
-91.0,91,2553.802767
-153.0,153,2557.029709
-88.0,88,2557.300956
-88.0,88,2560.337724
-160.0,160,2560.79414
-151.0,151,2563.990053
-159.0,159,2567.248022
-156.0,156,2567.691426
-149.0,149,2570.897349
-87.0,87,2571.137568
-160.0,160,2574.345491
-151.0,151,2574.796903
-156.0,156,2578.044863
-88.0,88,2578.288085
-161.0,161,2581.529039
-93.0,93,2581.788276
-94.0,94,2584.872087
-92.0,92,2585.133324
-151.0,151,2588.356262
-153.0,153,2588.806673
-154.0,154,2592.016598
-92.0,92,2592.277837
-152.0,152,2595.520792
-157.0,157,2595.987218
-152.0,152,2599.152102
-160.0,160,2602.396059
-161.0,161,2602.885505
-156.0,156,2606.136469
-164.0,164,2606.643931
-163.0,163,2609.850854
-154.0,154,2613.051772
-162.0,162,2613.511191
-170.0,170,2616.96534
-155.0,155,2620.187277
-155.0,155,2620.646694
-162.0,162,2623.919678
-152.0,152,2624.348068
-151.0,151,2627.569004
-89.0,89,2627.850261
-176.0,176,2631.150269
-150.0,150,2634.32316
-159.0,159,2634.788585
-155.0,155,2638.05256
-163.0,163,2638.530997
-153.0,153,2641.731914
-152.0,152,2644.913814
-179.0,179,2645.439293
-164.0,164,2648.700265
-173.0,173,2651.958235
-149.0,149,2652.415651
-157.0,157,2655.639591
-160.0,160,2658.895558
-152.0,152,2659.322948
-151.0,151,2662.511855
-164.0,164,2663.000299
-151.0,151,2666.210225
-156.0,156,2669.481207
-125.0,125,2669.882573
-169.0,169,2673.460835
-94.0,94,2673.729079
-149.0,149,2677.022081
-155.0,155,2677.467487
-89.0,89,2680.47723
-164.0,164,2680.957667
-154.0,154,2684.168594
-163.0,163,2684.653038
-149.0,149,2687.926019
-152.0,152,2691.114925
-166.0,166,2691.581351
-147.0,147,2694.800285
-150.0,150,2695.229676
-146.0,146,2698.484643
-91.0,91,2698.748884
-148.0,148,2701.931785
-147.0,147,2705.208772
-149.0,149,2705.65618
-90.0,90,2705.934435
-168.0,168,2709.184396
-152.0,152,2712.383312
-158.0,158,2712.83072
-159.0,159,2716.140737
-90.0,90,2716.420992
-153.0,153,2719.816087
-163.0,163,2723.129106
-152.0,152,2723.601537
-167.0,167,2727.064694
-149.0,149,2727.529117
-153.0,153,2730.85615
-151.0,151,2734.211208
-148.0,148,2734.724676
-149.0,149,2738.082736
-149.0,149,2738.51413
-156.0,156,2741.8822
-153.0,153,2742.340617
-151.0,151,2745.637625
-150.0,150,2748.883582
-164.0,164,2749.410061
-161.0,161,2752.683045
-191.0,191,2756.008075
-159.0,159,2756.481507
-158.0,158,2759.705447
-153.0,153,2762.931386
-153.0,153,2763.371787
-158.0,158,2766.613742
-155.0,155,2767.085172
-157.0,157,2770.317118
-156.0,156,2773.53405
-156.0,156,2773.997473
-167.0,167,2777.247435
-153.0,153,2777.72487
-153.0,153,2780.929791
-147.0,147,2784.14372
-148.0,148,2784.564103
-146.0,146,2787.79605
-151.0,151,2788.255469
-150.0,150,2791.454384
-150.0,150,2794.663309
-149.0,149,2795.090699
-153.0,153,2798.327649
-147.0,147,2798.752036
-149.0,149,2801.953956
-151.0,151,2802.381344
-154.0,154,2805.592271
-158.0,158,2808.839231
-100.0,100,2809.14651
-94.0,94,2809.439778
-155.0,155,2812.698748
-153.0,153,2815.862632
-153.0,153,2816.333061
-150.0,150,2819.578018
-150.0,150,2820.014416
-155.0,155,2823.180302
-177.0,177,2826.456288
-169.0,169,2826.985771
-166.0,166,2830.321812
-178.0,178,2833.619818
-95.0,95,2833.916088
-152.0,152,2837.107997
-89.0,89,2837.361228
-160.0,160,2840.607188
-149.0,149,2841.037579
-150.0,150,2844.214475
-200.0,200,2847.615574
-200.0,200,2848.204111
-147.0,147,2851.390015
-165.0,165,2854.602943
-158.0,158,2855.072372
-166.0,166,2858.377383
-95.0,95,2858.653636
-149.0,149,2861.899595
-166.0,166,2862.374027
-162.0,162,2865.601969
-156.0,156,2868.886963
-153.0,153,2869.337374
-152.0,152,2872.572322
-93.0,93,2872.858583
-157.0,157,2876.101539
-149.0,149,2876.517919
-172.0,172,2879.82193
-147.0,147,2883.02485
-152.0,152,2883.476261
-150.0,150,2886.635141
-165.0,165,2887.128591
-94.0,94,2890.177369
-159.0,159,2890.6498
-168.0,168,2893.884748
-149.0,149,2897.117695
-151.0,151,2897.576114
-160.0,160,2900.838087
-153.0,153,2904.04601
-163.0,163,2904.532454
-107.0,107,2907.604254
-164.0,164,2908.068677
-92.0,92,2911.134472
-182.0,182,2911.646941
-162.0,162,2914.870877
-159.0,159,2918.192907
-164.0,164,2918.662333
-151.0,151,2921.92831
-97.0,97,2922.198556
-91.0,91,2925.251339
-154.0,154,2925.707755
-148.0,148,2928.964724
-178.0,178,2929.493206
-159.0,159,2932.723149
-150.0,150,2935.983121
-99.0,99,2936.280392
-150.0,150,2939.516341
-163.0,163,2939.994778
-151.0,151,2943.21071
-157.0,157,2943.67313
-148.0,148,2946.899071
-152.0,152,2950.093983
-168.0,168,2950.569416
-160.0,160,2953.77634
-160.0,160,2954.22675
-166.0,166,2957.569797
-157.0,157,2960.83177
-153.0,153,2961.289186
-168.0,168,2964.549158
-88.0,88,2964.8134
-153.0,153,2968.070368
-86.0,86,2968.318594
-151.0,151,2971.534525
-157.0,157,2971.976929
-149.0,149,2975.139812
-171.0,171,2978.438819
-157.0,157,2978.88923
-164.0,164,2982.244287
-155.0,155,2985.438199
-168.0,168,2985.92264
-155.0,155,2989.160591
-152.0,152,2989.640029
-149.0,149,2992.813921
-145.0,145,2995.978806
-147.0,147,2996.405195
-147.0,147,2999.612118
-149.0,149,3000.044512
-160.0,160,3003.30048
-151.0,151,3006.51541
-147.0,147,3006.949806
-149.0,149,3010.184755
-96.0,96,3010.468013
-147.0,147,3013.632898
-152.0,152,3014.082308
-151.0,151,3017.330268
-147.0,147,3017.741643
-115.0,115,3020.913534
-149.0,149,3021.332916
-155.0,155,3024.543843
-97.0,97,3024.832107
-200.0,200,3028.163143
-147.0,147,3031.354051
-148.0,148,3031.773433
-200.0,200,3035.125488
-147.0,147,3038.315396
-151.0,151,3038.783823
-160.0,160,3042.003757
-147.0,147,3045.229698
-200.0,200,3045.856269
-149.0,149,3049.114239
-148.0,148,3049.540627
-147.0,147,3052.743547
-155.0,155,3055.974492
-154.0,154,3056.437914
-152.0,152,3059.635829
-154.0,154,3060.113264
-99.0,99,3063.183062
-150.0,150,3063.67351
-146.0,146,3066.847402
-155.0,155,3070.125391
-178.0,178,3070.661879
-161.0,161,3074.04196
-148.0,148,3074.48036
-154.0,154,3077.685281
-148.0,148,3080.960266
-178.0,178,3081.493752
-150.0,150,3084.667645
-148.0,148,3087.860556
-91.0,91,3088.124796
-164.0,164,3091.481856
-160.0,160,3091.933267
-151.0,151,3095.151201
-88.0,88,3095.40243
-153.0,153,3098.651392
-184.0,184,3099.238927
-93.0,93,3102.298716
-165.0,165,3102.793167
-149.0,149,3105.949043
-149.0,149,3109.17098
-200.0,200,3109.760517
-147.0,147,3112.995466
-149.0,149,3113.436869
-200.0,200,3116.834965
-153.0,153,3120.093936
-200.0,200,3123.436983
-152.0,152,3123.86137
-147.0,147,3127.073298
-150.0,150,3127.497684
-173.0,173,3130.858748
-161.0,161,3134.146746
-161.0,161,3134.632188
-157.0,157,3137.932195
-149.0,149,3141.169146
-159.0,159,3141.658592
-148.0,148,3144.847499
-160.0,160,3145.318928
-101.0,101,3148.446779
-164.0,164,3148.9082
-92.0,92,3152.047061
-94.0,94,3152.312303
-165.0,165,3155.550255
-149.0,149,3155.971638
-155.0,155,3159.179562
-154.0,154,3162.420516
-148.0,148,3162.857915
-154.0,154,3166.082855
-161.0,161,3166.53827
-149.0,149,3169.751198
-155.0,155,3173.008166
-161.0,161,3173.475593
-172.0,172,3176.725555
-148.0,148,3177.141935
-164.0,164,3180.375882
-148.0,148,3183.550776
-100.0,100,3183.837038
-159.0,159,3187.064979
-152.0,152,3187.496373
-148.0,148,3190.744333
-149.0,149,3191.16872
-149.0,149,3194.382649
-119.0,119,3194.731967
-159.0,159,3197.939892
-150.0,150,3201.117789
-158.0,158,3201.582211
-164.0,164,3204.798143
-200.0,200,3208.147196
-196.0,196,3208.72272
-155.0,155,3211.988697
-147.0,147,3215.191616
-173.0,173,3215.716094
-146.0,146,3218.946039
-153.0,153,3219.40846
-149.0,149,3222.649414
-200.0,200,3226.040505
-200.0,200,3229.614763
-200.0,200,3230.230325
-148.0,148,3233.50631
-153.0,153,3236.722242
-154.0,154,3237.152634
-154.0,154,3240.389584
-152.0,152,3240.846001
-163.0,163,3244.078947
-93.0,93,3244.371214
-154.0,154,3247.61517
-152.0,152,3250.887153
-154.0,154,3251.342568
-151.0,151,3254.568508
-152.0,152,3254.989892
-168.0,168,3258.292904
-151.0,151,3261.491818
-195.0,195,3262.080355
-149.0,149,3265.267261
-149.0,149,3268.513219
-151.0,151,3268.943611
-149.0,149,3272.183564
-154.0,154,3272.659998
-152.0,152,3275.868924
-165.0,165,3279.152917
-160.0,160,3279.63836
-152.0,152,3282.93036
-154.0,154,3283.431817
-150.0,150,3286.683781
-171.0,171,3289.948757
-158.0,158,3290.439204
-154.0,154,3293.696172
-151.0,151,3294.148585
-157.0,157,3297.397547
-175.0,175,3300.656517
-160.0,160,3301.147965
-158.0,158,3304.351886
-89.0,89,3304.608119
-157.0,157,3307.927144
-181.0,181,3311.215142
-159.0,159,3311.67456
-149.0,149,3314.915514
-151.0,151,3315.344905
-154.0,154,3318.55283
-149.0,149,3321.768763
-158.0,158,3322.219171
-158.0,158,3325.45412
-150.0,150,3325.875504
-165.0,165,3329.12947
-150.0,150,3332.347403
-151.0,151,3332.790807
-100.0,100,3335.888631
-92.0,92,3336.159878
-164.0,164,3339.464891
-165.0,165,3339.933318
-101.0,101,3343.012124
-129.0,129,3343.407485
-161.0,161,3346.669457
-155.0,155,3347.120869
-89.0,89,3350.176656
-174.0,174,3350.719149
-93.0,93,3353.789948
-97.0,97,3354.085218
-150.0,150,3357.300147
-152.0,152,3357.730539
-153.0,153,3360.931458
-200.0,200,3364.323549
-163.0,163,3364.792977
-200.0,200,3368.128017
-161.0,161,3371.409009
-149.0,149,3371.853415
-153.0,153,3375.079353
-149.0,149,3378.26926
-151.0,151,3378.699653
-147.0,147,3381.903573
-151.0,151,3382.325958
-155.0,155,3385.600943
-151.0,151,3388.780842
-149.0,149,3389.213236
-90.0,90,3389.47047
-155.0,155,3392.722434
-150.0,150,3396.004426
-155.0,155,3396.451834
-160.0,160,3399.733825
-155.0,155,3400.178231
-154.0,154,3403.431196
-169.0,169,3406.692167
-154.0,154,3407.147583
-97.0,97,3410.222385
-175.0,175,3410.730849
-154.0,154,3413.967799
-91.0,91,3414.228036
-160.0,160,3417.531047
-156.0,156,3420.756988
-114.0,114,3421.101301
-102.0,102,3421.407581
-158.0,158,3424.677561
-153.0,153,3427.900499
-149.0,149,3428.320882
-90.0,90,3431.408697
-153.0,153,3431.876123
-154.0,154,3435.20816
-152.0,152,3435.690599
-155.0,155,3438.997614
-158.0,158,3442.238569
-151.0,151,3442.696986
-91.0,91,3445.742762
-149.0,149,3446.175156
-157.0,157,3449.406101
-155.0,155,3449.849505
-165.0,165,3453.134499
-148.0,148,3456.341423
-95.0,95,3456.610668
-164.0,164,3459.890658
-99.0,99,3460.180923
-185.0,185,3463.487936
-148.0,148,3463.953361
-151.0,151,3467.125252
-200.0,200,3470.564387
-154.0,154,3471.027809
-150.0,150,3474.28678
-158.0,158,3474.756207
-200.0,200,3478.115269
-170.0,170,3481.373239
-151.0,151,3481.825651
-152.0,152,3485.083621
-153.0,153,3488.295549
-200.0,200,3488.869071
-152.0,152,3492.110025
-200.0,200,3495.481097
-166.0,166,3495.953529
-148.0,148,3499.144437
-150.0,150,3502.358366
-156.0,156,3502.846812
-200.0,200,3506.170842
-182.0,182,3509.527901
-154.0,154,3509.980314
-174.0,174,3513.298338
-89.0,89,3513.546565
-151.0,151,3516.757492
-156.0,156,3519.998445
-105.0,105,3520.303723
-146.0,146,3523.51465
-155.0,155,3523.984078
-101.0,101,3527.051874
-98.0,98,3527.358154
-155.0,155,3530.580091
-156.0,156,3531.022494
-158.0,158,3534.312492
-108.0,108,3534.634786
-160.0,160,3537.868734
-148.0,148,3538.290118
-154.0,154,3541.505049
-88.0,88,3541.780299
-154.0,154,3544.998233
-153.0,153,3548.196147
-157.0,157,3548.681589
-156.0,156,3551.884509
-155.0,155,3552.351935
-146.0,146,3555.561861
-154.0,154,3558.730749
-168.0,168,3559.221197
-160.0,160,3562.420113
-99.0,99,3562.715381
-108.0,108,3565.846235
-146.0,146,3566.262615
-158.0,158,3569.473541
-154.0,154,3569.901932
-150.0,150,3573.086835
-153.0,153,3576.48293
-155.0,155,3576.927336
-154.0,154,3580.146269
-155.0,155,3580.58567
-151.0,151,3583.807606
-160.0,160,3587.087597
-153.0,153,3587.527998
-153.0,153,3590.805985
-150.0,150,3591.259399
-169.0,169,3594.572419
-101.0,101,3594.865686
-150.0,150,3598.090626
-163.0,163,3601.357603
-149.0,149,3601.801008
-147.0,147,3605.045965
-154.0,154,3605.486367
-159.0,159,3608.711306
-161.0,161,3612.019322
-148.0,148,3612.470733
-157.0,157,3615.695672
-157.0,157,3616.1651
-155.0,155,3619.347001
-151.0,151,3622.60497
-154.0,154,3623.035363
-148.0,148,3626.249291
-152.0,152,3626.735735
-148.0,148,3629.965679
-150.0,150,3633.173603
-155.0,155,3633.620011
-148.0,148,3636.826933
-200.0,200,3640.167979
-147.0,147,3640.588365
-148.0,148,3643.815303
-148.0,148,3644.280729
-147.0,147,3647.501663
-200.0,200,3650.82269
-150.0,150,3651.243074
-149.0,149,3654.467012
-92.0,92,3654.742264
-153.0,153,3657.936174
-160.0,160,3658.384583
-94.0,94,3661.3653
-151.0,151,3661.822717
-148.0,148,3665.045654
-175.0,175,3668.350667
-200.0,200,3668.963225
-104.0,104,3672.054043
-154.0,154,3672.524471
-151.0,151,3675.731394
-164.0,164,3679.047417
-101.0,101,3679.337682
-163.0,163,3682.574632
-151.0,151,3683.007026
-152.0,152,3686.227962
-172.0,172,3689.515959
-149.0,149,3689.946351
-152.0,152,3693.141263
-150.0,150,3693.573658
-155.0,155,3696.828624
-152.0,152,3700.021535
-173.0,173,3700.525995
-155.0,155,3703.717904
-149.0,149,3704.157305
-159.0,159,3707.371234
-155.0,155,3710.578156
-151.0,151,3711.006547
-157.0,157,3714.198456
-157.0,157,3714.707922
-148.0,148,3717.901833
-174.0,174,3721.195835
-158.0,158,3721.638238
-156.0,156,3724.878191
-165.0,165,3728.134159
-151.0,151,3728.582568
-166.0,166,3731.792494
-101.0,101,3732.075751
-88.0,88,3735.110518
-148.0,148,3735.553923
-148.0,148,3738.801882
-149.0,149,3739.219263
-150.0,150,3742.423183
-148.0,148,3742.863585
-147.0,147,3746.071509
-154.0,154,3749.317467
-147.0,147,3749.734848
-149.0,149,3752.939769
-149.0,149,3753.372163
-151.0,151,3756.571079
-147.0,147,3759.778002
-149.0,149,3760.200387
-158.0,158,3763.449349
-162.0,162,3763.924782
-177.0,177,3767.239803
-92.0,92,3767.527065
-149.0,149,3770.762014
-172.0,172,3774.098054
-156.0,156,3774.561477
-99.0,99,3777.657299
-108.0,108,3777.960575
-91.0,91,3778.233824
-161.0,161,3781.513814
-152.0,152,3784.73475
-163.0,163,3785.203177
-93.0,93,3788.252957
-169.0,169,3788.755415
-147.0,147,3791.962338
-168.0,168,3795.231317
-200.0,200,3795.829863
-157.0,157,3799.074821
-147.0,147,3802.256721
-156.0,156,3802.753174
-148.0,148,3805.987121
-149.0,149,3806.414511
-145.0,145,3809.623436
-200.0,200,3812.938457
-157.0,157,3813.399878
-149.0,149,3816.661851
-149.0,149,3817.092244
-147.0,147,3820.280149
-154.0,154,3823.499083
-146.0,146,3823.92347
-147.0,147,3827.132395
-147.0,147,3827.552778
-145.0,145,3830.736681
-149.0,149,3831.155062
-150.0,150,3834.410028
-149.0,149,3837.605942
-93.0,93,3837.870182
-174.0,174,3841.154176
-94.0,94,3841.426424
-95.0,95,3841.701675
-156.0,156,3844.930618
-159.0,159,3848.223619
-146.0,146,3848.62999
-154.0,154,3851.857932
-157.0,157,3852.310345
-132.0,132,3855.424183
-160.0,160,3858.672143
-150.0,150,3859.092526
-176.0,176,3862.407548
-152.0,152,3862.835938
-102.0,102,3865.891724
-161.0,161,3866.368158
-147.0,147,3869.57408
-149.0,149,3872.794015
-165.0,165,3873.266446
-154.0,154,3876.51841
-150.0,150,3876.95781
-173.0,173,3880.254816
-155.0,155,3883.460737
-152.0,152,3883.917154
-147.0,147,3887.124077
-153.0,153,3887.587499
-151.0,151,3890.817443
-164.0,164,3894.0614
-148.0,148,3894.490792
-157.0,157,3897.716732
-153.0,153,3898.157133
-150.0,150,3901.350044
-170.0,170,3904.589997
-146.0,146,3905.022391
-180.0,180,3908.325402
-149.0,149,3911.534327
-90.0,90,3911.857621
-157.0,157,3915.09357
-158.0,158,3915.55299
-166.0,166,3918.848994
-146.0,146,3919.262371
-155.0,155,3922.519339
-147.0,147,3925.700239
-97.0,97,3925.983498
-147.0,147,3929.270493
-172.0,172,3929.788965
-163.0,163,3933.032922
-149.0,149,3933.464315
-148.0,148,3936.659228
-148.0,148,3939.908189
-149.0,149,3940.357598
-200.0,200,3943.738681
-148.0,148,3946.998653
-165.0,165,3947.476087
-153.0,153,3950.707032
-91.0,91,3950.974276
-156.0,156,3954.145166
-150.0,150,3954.581564
-168.0,168,3957.853546
-200.0,200,3961.209605
-93.0,93,3961.478851
-155.0,155,3964.712798
-161.0,161,3965.19824
-152.0,152,3968.426183
-148.0,148,3971.706173
-165.0,165,3972.166592
-97.0,97,3975.239393
-156.0,156,3975.689804
-157.0,157,3979.033852
-108.0,108,3979.359148
-162.0,162,3982.686181
-89.0,89,3982.938411
-150.0,150,3986.138327
-148.0,148,3986.561713
-200.0,200,3990.118956
-200.0,200,3993.517053
-153.0,153,3994.009501
-151.0,151,3997.246452
-200.0,200,4000.600509
-149.0,149,4001.034906
-153.0,153,4004.258844
-164.0,164,4007.520817
-200.0,200,4008.098344
-156.0,156,4011.368325
-89.0,89,4011.646578
-166.0,166,4014.901545
-170.0,170,4018.155511
-91.0,91,4018.440771
-99.0,99,4018.740044
-160.0,160,4021.956976
-154.0,154,4025.196929
-152.0,152,4025.648341
-91.0,91,4028.671097
-153.0,153,4029.102489
-158.0,158,4032.338438
-149.0,149,4032.766829
-165.0,165,4036.011786
-91.0,91,4036.273025
-163.0,163,4039.539002
-175.0,175,4042.818991
-200.0,200,4046.19607
-156.0,156,4046.65749
-152.0,152,4049.913457
-153.0,153,4050.363868
-153.0,153,4053.588807
-169.0,169,4056.842774
-155.0,155,4057.27817
-155.0,155,4060.55816
-167.0,167,4061.046606
-92.0,92,4064.084374
-159.0,159,4064.541791
-151.0,151,4067.773737
-156.0,156,4071.014692
-99.0,99,4071.306958
-160.0,160,4074.541906
-93.0,93,4074.802144
-152.0,152,4077.992051
-148.0,148,4078.421442
-200.0,200,4081.791515
-200.0,200,4085.188611
-148.0,148,4085.654035
-149.0,149,4088.872969
-151.0,151,4092.086899
-200.0,200,4092.662423
-145.0,145,4095.838318
-200.0,200,4099.213394
-148.0,148,4099.646789
-150.0,150,4102.849708
-200.0,200,4106.239798
-162.0,162,4106.699218
-148.0,148,4109.886122
-153.0,153,4110.320518
-91.0,91,4113.336267
-103.0,103,4113.626531
-171.0,171,4116.907522
-162.0,162,4117.394967
-159.0,159,4120.654938
-153.0,153,4123.874873
-151.0,151,4124.336294
-147.0,147,4127.543217
-163.0,163,4128.006639
-160.0,160,4131.256601
-93.0,93,4131.544864
-162.0,162,4134.777811
-94.0,94,4135.070078
-154.0,154,4138.323042
-154.0,154,4141.577008
-101.0,101,4141.890294
-153.0,153,4145.076198
-166.0,166,4145.581659
-167.0,167,4148.893677
-162.0,162,4152.152648
-87.0,87,4152.412885
-166.0,166,4155.659845
-160.0,160,4156.139281
-149.0,149,4159.361218
-157.0,157,4159.814632
-184.0,184,4163.083612
-152.0,152,4166.330571
-155.0,155,4166.770972
-149.0,149,4169.961881
-149.0,149,4170.383265
-89.0,89,4173.409023
-157.0,157,4173.847423
-150.0,150,4177.044336
-95.0,95,4177.31158
-162.0,162,4180.574554
-150.0,150,4183.796492
-97.0,97,4184.092761
-153.0,153,4187.319702
-155.0,155,4187.805145
-155.0,155,4190.998055
-152.0,152,4191.440458
-152.0,152,4194.601339
-159.0,159,4197.894341
-150.0,150,4198.310721
-155.0,155,4201.560683
-151.0,151,4201.997081
-153.0,153,4205.232029
-159.0,159,4208.434949
-171.0,171,4208.936405
-152.0,152,4212.182364
-161.0,161,4215.438332
-156.0,156,4215.910763
-164.0,164,4219.15472
-88.0,88,4219.42897
-101.0,101,4219.718233
-149.0,149,4222.905139
-149.0,149,4226.081033
-151.0,151,4226.510425
-147.0,147,4229.683316
-88.0,88,4229.934546
-149.0,149,4233.269586
-200.0,200,4236.718729
-89.0,89,4236.99398
-153.0,153,4237.434381
-151.0,151,4240.638303
-155.0,155,4243.849229
-159.0,159,4244.316654
-151.0,151,4247.511567
-155.0,155,4247.957973
-147.0,147,4251.151885
-104.0,104,4251.45416
-155.0,155,4254.669091
-150.0,150,4257.839982
-152.0,152,4258.292393
-149.0,149,4261.499316
-160.0,160,4261.953731
-150.0,150,4265.194685
-154.0,154,4268.383592
-163.0,163,4268.85402
-94.0,94,4271.868768
-93.0,93,4272.157031
-153.0,153,4275.354946
-149.0,149,4275.781335
-161.0,161,4278.999267
-148.0,148,4279.436666
-148.0,148,4282.657602
-148.0,148,4285.843506
-155.0,155,4286.278903
-159.0,159,4289.519857
-96.0,96,4289.82013
-104.0,104,4292.897936
-158.0,158,4293.338337
-150.0,150,4296.542258
-154.0,154,4296.991668
-148.0,148,4300.168563
-154.0,154,4303.402511
-154.0,154,4303.846915
-144.0,144,4307.035823
-147.0,147,4307.46121
-92.0,92,4310.517997
-153.0,153,4310.957397
-161.0,161,4314.192346
-146.0,146,4314.617733
-150.0,150,4317.865694
-155.0,155,4321.125666
-91.0,91,4321.399915
-89.0,89,4321.69018
-155.0,155,4324.919123
-146.0,146,4328.101023
-90.0,90,4328.368268
-157.0,157,4328.82168
-147.0,147,4332.077648
-160.0,160,4335.337619
-200.0,200,4335.908139
-200.0,200,4339.238174
-148.0,148,4342.4471
-200.0,200,4345.858208
-148.0,148,4346.285599
-146.0,146,4349.470501
-147.0,147,4349.893888
-154.0,154,4353.115824
-200.0,200,4356.46788
-146.0,146,4356.897271
-182.0,182,4360.248325
-152.0,152,4363.491281
-200.0,200,4364.048789
-153.0,153,4367.2427
-144.0,144,4370.433609
-160.0,160,4370.899033
-147.0,147,4374.084937
-150.0,150,4374.506321
-153.0,153,4377.689222
-153.0,153,4380.909158
-146.0,146,4381.321533
-155.0,155,4384.55448
-151.0,151,4384.991879
-95.0,95,4388.03265
-152.0,152,4388.467046
-92.0,92,4391.46578
-155.0,155,4391.91619
-88.0,88,4394.971977
-155.0,155,4395.40437
-152.0,152,4398.607289
-156.0,156,4399.078718
-155.0,155,4402.363713
-92.0,92,4402.620947
-180.0,180,4405.919954
-145.0,145,4409.08584
-159.0,159,4409.54626
-157.0,157,4412.73917
-92.0,92,4413.028434
-91.0,91,4416.088223
-104.0,104,4416.379488
-200.0,200,4419.778586
-152.0,152,4420.27604
-90.0,90,4423.319814
-161.0,161,4423.789242
-89.0,89,4426.85904
-151.0,151,4427.291434
-152.0,152,4430.546401
-91.0,91,4430.820651
-90.0,90,4433.862424
-168.0,168,4434.344863
-147.0,147,4437.570804
-149.0,149,4437.999194
-89.0,89,4441.006936
-156.0,156,4441.467356
-156.0,156,4444.68729
-102.0,102,4445.006582
-98.0,98,4448.06537
-163.0,163,4448.541805
-155.0,155,4451.792767
-156.0,156,4455.001692
-91.0,91,4455.26293
-147.0,147,4455.678309
-148.0,148,4458.896242
-147.0,147,4462.114176
-147.0,147,4462.570591
-147.0,147,4465.765503
-152.0,152,4466.191893
-149.0,149,4469.367787
-148.0,148,4472.571706
-149.0,149,4473.029123
-154.0,154,4476.242052
-149.0,149,4476.656431
-147.0,147,4479.986465
-149.0,149,4480.432873
-149.0,149,4483.66682
-148.0,148,4486.842715
-153.0,153,4487.279113
-152.0,152,4490.504052
-150.0,150,4490.937447
-148.0,148,4494.113342
-150.0,150,4497.338281
-158.0,158,4497.814716
-161.0,161,4501.027644
-92.0,92,4501.315907
-200.0,200,4504.705997
-169.0,169,4507.980982
-166.0,166,4508.456415
-100.0,100,4511.536222
-89.0,89,4511.794458
-155.0,155,4515.029407
-97.0,97,4515.311664
-153.0,153,4518.533601
-152.0,152,4518.957987
-154.0,154,4522.168914
-163.0,163,4522.637341
-156.0,156,4525.862281
-151.0,151,4529.04318
-149.0,149,4529.490588
-155.0,155,4532.758566
-153.0,153,4533.220988
-153.0,153,4536.429913
-93.0,93,4536.694154
-158.0,158,4539.891068
-148.0,148,4543.13002
-98.0,98,4543.438301
-149.0,149,4546.595179
-150.0,150,4547.015561
-155.0,155,4550.241503
-152.0,152,4550.674897
-149.0,149,4553.857798
-150.0,150,4554.287189
-162.0,162,4557.490109
-149.0,149,4560.671009
-149.0,149,4561.099399
-146.0,146,4564.375385
-148.0,148,4564.837807
-146.0,146,4568.019706
-147.0,147,4571.244646
-148.0,148,4571.682045
-148.0,148,4574.947021
-153.0,153,4575.449479
-150.0,150,4578.659405
-163.0,163,4581.897356
-167.0,167,4582.409824
-89.0,89,4585.437582
-147.0,147,4585.869979
-148.0,148,4589.068893
-148.0,148,4589.495281
-158.0,158,4592.762259
-153.0,153,4593.213671
-148.0,148,4596.388565
-148.0,148,4599.531429
-90.0,90,4599.783659
-91.0,91,4600.062914
-167.0,167,4603.27284
-172.0,172,4606.517797
-147.0,147,4606.941183
-150.0,150,4610.168125
-151.0,151,4610.63455
-90.0,90,4613.693338
-147.0,147,4614.127734
-155.0,155,4617.35968
-200.0,200,4620.718742
-148.0,148,4621.159143
-151.0,151,4624.377076
-148.0,148,4624.806467
-92.0,92,4627.886275
-149.0,149,4628.304655
-147.0,147,4631.525592
-200.0,200,4634.905673
-89.0,89,4635.184927
-147.0,147,4638.398857
-147.0,147,4638.826246
-155.0,155,4642.043179
-147.0,147,4642.466564
-89.0,89,4645.501332
-148.0,148,4645.943733
-147.0,147,4649.101612
-155.0,155,4652.341565
-151.0,151,4652.787972
-153.0,153,4656.009909
-166.0,166,4656.476334
-159.0,159,4659.674249
-146.0,146,4662.900189
-95.0,95,4663.20847
-91.0,91,4663.462702
-157.0,157,4666.709661
-161.0,161,4669.95562
-93.0,93,4670.209852
-148.0,148,4670.641245
-90.0,90,4673.731062
-150.0,150,4674.20149
-150.0,150,4677.441444
-148.0,148,4680.72944
-151.0,151,4681.190861
-90.0,90,4684.24965
-155.0,155,4684.695055
-156.0,156,4687.951023
-177.0,177,4688.487512
-152.0,152,4691.715455
-149.0,149,4694.902359
-148.0,148,4695.325745
-149.0,149,4698.541676
-149.0,149,4698.975071
-149.0,149,4702.17699
-150.0,150,4705.385915
-150.0,150,4705.815306
-91.0,91,4706.080548
-150.0,150,4709.273458
-179.0,179,4712.558452
-148.0,148,4712.999855
-151.0,151,4716.20978
-148.0,148,4716.64718
-90.0,90,4719.643911
-147.0,147,4720.063293
-150.0,150,4723.252199
-147.0,147,4726.457121
-152.0,152,4726.915539
-160.0,160,4730.135474
-150.0,150,4730.592891
-147.0,147,4733.809823
-150.0,150,4737.02175
-152.0,152,4737.447138
-151.0,151,4740.657064
-200.0,200,4744.013123
-89.0,89,4744.264352
-148.0,148,4744.724772
-153.0,153,4747.942705
-148.0,148,4751.112594
-150.0,150,4751.588027
-99.0,99,4754.634804
-148.0,148,4755.073204
-159.0,159,4758.322165
-97.0,97,4758.601421
-99.0,99,4761.624175
-200.0,200,4762.230728
-156.0,156,4765.481691
-152.0,152,4768.698624
-147.0,147,4769.115003
-150.0,150,4772.311917
-147.0,147,4772.74331
-146.0,146,4775.962244
-88.0,88,4776.222482
-146.0,146,4779.398376
-144.0,144,4779.808751
-144.0,144,4782.968631
-152.0,152,4783.402026
-90.0,90,4786.457811
-154.0,154,4786.899213
-94.0,94,4789.940986
-163.0,163,4790.398403
-153.0,153,4793.610331
-154.0,154,4796.840275
-148.0,148,4797.290685
-145.0,145,4800.483596
-148.0,148,4800.89497
-148.0,148,4804.118909
-151.0,151,4807.317827
-146.0,146,4807.735205
-145.0,145,4810.892083
-150.0,150,4811.329482
-148.0,148,4814.531401
-147.0,147,4814.943775
-148.0,148,4818.136686
-164.0,164,4821.417676
-146.0,146,4821.840062
-149.0,149,4825.026967
-147.0,147,4825.487386
-92.0,92,4828.516147
-160.0,160,4828.970561
-152.0,152,4832.147457
-146.0,146,4832.568841
-97.0,97,4835.675674
-147.0,147,4836.11107
-147.0,147,4839.33801
-96.0,96,4839.607256
-90.0,90,4842.690066
-149.0,149,4843.116455
-147.0,147,4846.318374
-151.0,151,4846.791805
-98.0,98,4849.874615
-150.0,150,4850.301003
-174.0,174,4853.564979
-150.0,150,4856.768899
-151.0,151,4857.2093
-154.0,154,4860.428235
-160.0,160,4863.61614
-150.0,150,4864.047536
-162.0,162,4867.338533
-162.0,162,4867.819972
-153.0,153,4871.0329
-152.0,152,4874.204792
-152.0,152,4874.662209
-148.0,148,4877.863126
-146.0,146,4878.272499
-156.0,156,4881.468412
-157.0,157,4884.706364
-171.0,171,4885.210824
-153.0,153,4888.423752
-147.0,147,4888.834126
-151.0,151,4892.062068
-104.0,104,4892.394371
-153.0,153,4895.599293
-149.0,149,4898.781193
-147.0,147,4899.193568
-173.0,173,4902.507589
-150.0,150,4902.937982
-145.0,145,4906.100864
-145.0,145,4909.313793
-150.0,150,4909.759199
-146.0,146,4912.927087
-154.0,154,4913.385505
-150.0,150,4916.580416
-161.0,161,4917.057852
-168.0,168,4920.2928
-148.0,148,4923.63785
-150.0,150,4924.1323
-151.0,151,4927.409287
-145.0,145,4927.833674
-146.0,146,4931.007566
-153.0,153,4934.21449
-161.0,161,4934.709942
-152.0,152,4937.983926
-147.0,147,4938.411316
-161.0,161,4941.647264
-95.0,95,4941.912507
-156.0,156,4945.107419
-171.0,171,4948.401421
-161.0,161,4948.879858
-150.0,150,4952.117809
-169.0,169,4955.41081
-149.0,149,4955.848209
-148.0,148,4959.071146
-200.0,200,4962.436213
-151.0,151,4962.871611
-148.0,148,4966.097551
-148.0,148,4966.525942
-146.0,146,4969.693829
-161.0,161,4970.14424
-148.0,148,4973.310125
-148.0,148,4976.526057
-147.0,147,4976.981472
-147.0,147,4980.178385
-200.0,200,4983.618521
-148.0,148,4984.093954
-148.0,148,4987.326902
-150.0,150,4987.787321
-146.0,146,4990.976228
-149.0,149,4991.393609
-148.0,148,4994.573509
-192.0,192,4997.941577
-147.0,147,4998.379976
-97.0,97,5001.404733
-148.0,148,5001.822113
-156.0,156,5005.045051
-169.0,169,5008.372084
-169.0,169,5008.871539
-154.0,154,5012.085469
-171.0,171,5015.408497
-98.0,98,5015.70677
-149.0,149,5016.137161
-161.0,161,5019.407142
-149.0,149,5022.66311
-154.0,154,5023.117524
-154.0,154,5026.366486
-154.0,154,5026.79888
-161.0,161,5030.091882
-152.0,152,5033.264773
-151.0,151,5033.691162
-154.0,154,5036.895082
-93.0,93,5037.165329
-147.0,147,5040.320204
-151.0,151,5040.761607
-154.0,154,5043.971532
-159.0,159,5047.176453
-154.0,154,5047.642879
-171.0,171,5050.910857
-153.0,153,5054.11678
-147.0,147,5054.546171
-156.0,156,5057.78112
-164.0,164,5058.253551
-185.0,185,5061.586588
-200.0,200,5064.899608
-200.0,200,5068.241654
-162.0,162,5068.711082
-169.0,169,5071.948033
-99.0,99,5072.231291
-146.0,146,5075.432209
-153.0,153,5075.875612
-150.0,150,5079.11957
-154.0,154,5082.354518
-90.0,90,5082.60875
-147.0,147,5085.828685
-100.0,100,5086.136966
-91.0,91,5086.440242
-156.0,156,5089.712224
-149.0,149,5092.875107
-154.0,154,5093.313507
-152.0,152,5096.568474
-200.0,200,5099.904516
-153.0,153,5100.340912
-156.0,156,5103.540829
-149.0,149,5103.968219
-96.0,96,5106.993977
-107.0,107,5107.291248
-94.0,94,5107.55749
-153.0,153,5110.759409
-92.0,92,5111.016643
-152.0,152,5114.241583
-154.0,154,5117.458515
-94.0,94,5117.731764
-152.0,152,5120.966712
-159.0,159,5121.432137
-158.0,158,5124.6821
-155.0,155,5125.118497
-153.0,153,5128.297395
-179.0,179,5131.577384
-94.0,94,5131.839623
-96.0,96,5132.106867
-89.0,89,5135.156647
-160.0,160,5135.616065
-148.0,148,5138.796965
-96.0,96,5139.084227
-155.0,155,5142.309166
-151.0,151,5145.548119
-155.0,155,5145.981514
-154.0,154,5149.200448
-155.0,155,5149.676882
-150.0,150,5152.867791
-150.0,150,5156.062702
-148.0,148,5156.476079
-163.0,163,5159.716033
-149.0,149,5160.149428
-149.0,149,5163.329326
-98.0,98,5163.603576
-161.0,161,5166.808497
-200.0,200,5170.16856
-148.0,148,5170.588943
-160.0,160,5173.802872
-159.0,159,5176.998786
-151.0,151,5177.448195
-158.0,158,5180.705163
-163.0,163,5181.201616
-95.0,95,5184.211359
-160.0,160,5184.670778
-90.0,90,5187.688529
-91.0,91,5187.942761
-160.0,160,5191.198729
-154.0,154,5191.63913
-157.0,157,5194.847054
-104.0,104,5195.161341
-150.0,150,5198.432322
-163.0,163,5201.693295
-160.0,160,5202.147709
-150.0,150,5205.351631
-166.0,166,5205.844078
-100.0,100,5208.892857
-164.0,164,5209.376297
-154.0,154,5212.58122
-164.0,164,5215.776131
-158.0,158,5216.243557
-156.0,156,5219.495521
-97.0,97,5219.77978
-90.0,90,5222.803536
-156.0,156,5223.248942
-148.0,148,5226.460869
-194.0,194,5229.813926
-91.0,91,5230.068158
-156.0,156,5233.321123
-200.0,200,5233.941688
-149.0,149,5237.206664
-155.0,155,5240.414588
-175.0,175,5240.946073
-91.0,91,5243.97083
-90.0,90,5244.220057
-150.0,150,5247.433987
-98.0,98,5247.749274
-150.0,150,5248.177664
-151.0,151,5251.370575
-155.0,155,5254.603521
-93.0,93,5254.861756
-149.0,149,5258.094704
-157.0,157,5258.539109
-93.0,93,5261.615914
-154.0,154,5262.046305
-151.0,151,5265.296268
-156.0,156,5265.755687
-93.0,93,5268.793455
-151.0,151,5269.240864
-96.0,96,5272.28664
-155.0,155,5272.742055
-151.0,151,5275.944974
-177.0,177,5279.215955
-103.0,103,5279.526238
-156.0,156,5282.762187
-158.0,158,5283.213599
-161.0,161,5286.452551
-94.0,94,5286.738812
-180.0,180,5290.041823
-150.0,150,5293.246745
-163.0,163,5293.73619
-152.0,152,5296.930102
-158.0,158,5297.374506
-155.0,155,5300.632476
-96.0,96,5300.909729
-89.0,89,5303.984531
-91.0,91,5304.238763
-159.0,159,5307.463703
-91.0,91,5307.719936
-149.0,149,5310.895832
-89.0,89,5311.171082
-93.0,93,5311.455341
-143.0,143,5314.667269
-159.0,159,5317.89421
-157.0,157,5318.376651
-94.0,94,5318.649899
-156.0,156,5321.991945
-157.0,157,5325.180851
-151.0,151,5325.605239
-155.0,155,5328.835183
-97.0,97,5329.121443
-200.0,200,5332.450478
-145.0,145,5335.628375
-169.0,169,5336.124828
-156.0,156,5339.342761
-154.0,154,5342.530666
-153.0,153,5342.971069
-150.0,150,5346.144961
-100.0,100,5346.439229
-164.0,164,5349.710211
-154.0,154,5350.164625
-154.0,154,5353.400574
-151.0,151,5356.58948
-154.0,154,5357.032885
-154.0,154,5360.236805
-151.0,151,5360.698226
-95.0,95,5363.736996
-92.0,92,5363.99423
-166.0,166,5367.280225
-157.0,157,5367.740645
-97.0,97,5370.79643
-93.0,93,5371.05967
-156.0,156,5374.309632
-154.0,154,5374.758041
-152.0,152,5377.932935
-149.0,149,5378.347312
-158.0,158,5381.66834
-150.0,150,5384.934317
-150.0,150,5385.378722
-92.0,92,5388.411486
-147.0,147,5388.870905
-151.0,151,5392.064816
-148.0,148,5392.504216
-165.0,165,5395.702132
-163.0,163,5398.964104
-100.0,100,5399.276389
-162.0,162,5402.556381
-149.0,149,5402.988773
-153.0,153,5406.170673
-155.0,155,5406.625088
-150.0,150,5409.801986
-150.0,150,5413.000899
-166.0,166,5413.459317
-153.0,153,5416.662237
-151.0,151,5417.110645
-172.0,172,5420.352604
-152.0,152,5423.576539
-158.0,158,5424.022946
-157.0,157,5427.273909
-94.0,94,5427.545156
-148.0,148,5430.765091
-149.0,149,5431.197486
-151.0,151,5434.413419
-88.0,88,5434.667648
-152.0,152,5437.855554
-165.0,165,5441.063478
-147.0,147,5441.507883
-147.0,147,5444.764851
-92.0,92,5445.021085
-154.0,154,5448.208991
-148.0,148,5448.64639
-154.0,154,5451.874332
-149.0,149,5452.306727
-171.0,171,5455.53667
-180.0,180,5458.88272
-148.0,148,5459.31011
-105.0,105,5462.380908
-93.0,93,5462.650154
-174.0,174,5465.936149
-150.0,150,5466.355531
-165.0,165,5469.638524
-161.0,161,5472.904501
-162.0,162,5473.408962
-151.0,151,5476.582853
-155.0,155,5479.78177
-92.0,92,5480.050014
-146.0,146,5483.251932
-183.0,183,5483.791424
-164.0,164,5487.061404
-170.0,170,5490.337391
-94.0,94,5490.63266
-147.0,147,5491.057046
-93.0,93,5494.085807
-159.0,159,5494.544225
-146.0,146,5497.72012
-160.0,160,5500.994104
-158.0,158,5501.459528
-90.0,90,5504.561356
-146.0,146,5504.975734
-171.0,171,5508.301765
-146.0,146,5508.740165
-165.0,165,5511.997133
-147.0,147,5515.179033
-188.0,188,5515.717525
-168.0,168,5518.965485
-152.0,152,5522.189424
-156.0,156,5522.691881
-99.0,99,5525.721646
-99.0,99,5526.012908
-163.0,163,5529.242853
-153.0,153,5529.675247
-148.0,148,5532.95624
-148.0,148,5533.385629
-162.0,162,5536.642597
-157.0,157,5539.844516
-200.0,200,5540.458076
-89.0,89,5543.486836
-160.0,160,5543.960268
-153.0,153,5547.218237
-150.0,150,5550.421156
-157.0,157,5550.88458
-153.0,153,5554.073486
-155.0,155,5554.529901
-151.0,151,5557.710801
-94.0,94,5558.041102
-156.0,156,5561.468225
-174.0,174,5564.76423
-178.0,178,5565.306724
-158.0,158,5568.563693
-153.0,153,5571.834674
-155.0,155,5572.321118
-152.0,152,5575.544055
-89.0,89,5575.798288
-153.0,153,5579.055256
-90.0,90,5579.308487
-91.0,91,5579.573728
-150.0,150,5582.776648
-146.0,146,5585.963553
-88.0,88,5586.238804
-161.0,161,5589.499776
-89.0,89,5589.752006
-156.0,156,5590.219433
-165.0,165,5593.561479
-156.0,156,5596.786418
-148.0,148,5597.22782
-149.0,149,5600.424735
-149.0,149,5600.896165
-157.0,157,5604.092077
-153.0,153,5607.278982
-151.0,151,5607.716381
-156.0,156,5611.279628
-169.0,169,5614.636688
-155.0,155,5615.15416
-97.0,97,5618.241975
-150.0,150,5618.679374
-147.0,147,5621.86828
-150.0,150,5622.320692
-151.0,151,5625.54363
-147.0,147,5625.968017
-151.0,151,5629.213976
-150.0,150,5632.44492
-155.0,155,5632.917351
-159.0,159,5636.165312
-103.0,103,5636.473593
-99.0,99,5639.490343
-92.0,92,5639.788614
-168.0,168,5643.056593
-167.0,167,5643.541034
-145.0,145,5646.742953
-147.0,147,5647.158331
-152.0,152,5650.391278
-148.0,148,5653.620221
-181.0,181,5654.144699
-148.0,148,5657.354627
-169.0,169,5660.622604
-148.0,148,5661.083024
-148.0,148,5664.316972
-147.0,147,5664.739356
-160.0,160,5668.021348
-146.0,146,5671.261301
-91.0,91,5671.542557
-98.0,98,5671.821811
-165.0,165,5675.060764
-92.0,92,5675.324004
-116.0,116,5678.407815
-155.0,155,5678.843212
-151.0,151,5682.085167
-102.0,102,5682.371428
-150.0,150,5685.569343
-151.0,151,5685.994731
-148.0,148,5689.179633
-148.0,148,5692.37955
-148.0,148,5692.807941
-148.0,148,5696.056902
-161.0,161,5696.509315
-157.0,157,5699.740259
-90.0,90,5699.99249
-93.0,93,5703.029257
-114.0,114,5703.356556
-150.0,150,5706.559475
-150.0,150,5706.997874
-150.0,150,5710.215808
-159.0,159,5713.493796
-92.0,92,5713.77305
-94.0,94,5714.038292
-159.0,159,5717.279246
-150.0,150,5717.703633
-161.0,161,5720.951593
-150.0,150,5724.187542
-149.0,149,5724.62394
-163.0,163,5727.882911
-155.0,155,5731.087833
-157.0,157,5731.530236
-148.0,148,5734.746166
-153.0,153,5735.179562
-149.0,149,5738.374475
-149.0,149,5738.792855
-169.0,169,5742.102873
-151.0,151,5745.352834
-149.0,149,5745.776221
-162.0,162,5748.97914
-91.0,91,5749.259395
-106.0,106,5752.386245
-93.0,93,5752.676511
-160.0,160,5755.951495
-147.0,147,5756.374881
-152.0,152,5759.567791
-147.0,147,5760.003188
-88.0,88,5763.037955
-89.0,89,5763.289184
-150.0,150,5766.494105
-162.0,162,5766.947518
-96.0,96,5769.989291
-147.0,147,5770.415679
-94.0,94,5773.495487
-149.0,149,5773.91687
-150.0,150,5777.144813
-150.0,150,5777.5692
-149.0,149,5780.747096
-148.0,148,5783.979042
-149.0,149,5784.412438
-150.0,150,5787.595339
-148.0,148,5788.028734
-153.0,153,5791.211635
-150.0,150,5794.445582
-155.0,155,5794.901998
-157.0,157,5798.130941
-89.0,89,5798.396183
-154.0,154,5801.588093
-149.0,149,5802.015482
-172.0,172,5805.311486
-155.0,155,5808.522413
-148.0,148,5808.971823
-163.0,163,5812.20477
-166.0,166,5812.733252
-151.0,151,5815.934169
-93.0,93,5816.197408
-150.0,150,5819.423349
-152.0,152,5822.625268
-95.0,95,5822.902521
-169.0,169,5826.146478
-158.0,158,5826.611902
-200.0,200,5829.993985
-153.0,153,5833.26997
-151.0,151,5833.703365
-148.0,148,5836.948323
-152.0,152,5837.398734
-161.0,161,5840.603655
-151.0,151,5843.830596
-151.0,151,5844.28501
-147.0,147,5847.490932
-95.0,95,5847.765183
-154.0,154,5850.961096
-147.0,147,5851.376474
-156.0,156,5854.578393
-95.0,95,5854.866656
-154.0,154,5858.068574
-96.0,96,5858.363843
-152.0,152,5861.561758
-97.0,97,5861.839011
-155.0,155,5865.036926
-155.0,155,5865.482332
-90.0,90,5868.517098
-155.0,155,5868.963505
-146.0,146,5872.142402
-159.0,159,5875.385358
-164.0,164,5875.874804
-116.0,116,5879.027678
-158.0,158,5879.471082
-200.0,200,5882.838151
-156.0,156,5886.112135
-150.0,150,5886.569552
-150.0,150,5889.788486
-148.0,148,5890.207869
-149.0,149,5893.438814
-163.0,163,5896.668757
-95.0,95,5896.932999
-150.0,150,5900.145927
-154.0,154,5900.58833
-148.0,148,5903.81327
-150.0,150,5904.231652
-156.0,156,5907.495626
-147.0,147,5910.651503
-92.0,92,5910.92275
-148.0,148,5911.35014
-153.0,153,5914.544051
-156.0,156,5917.733959
-161.0,161,5918.192377
-161.0,161,5921.466361
-156.0,156,5924.730336
-148.0,148,5925.165734
-148.0,148,5928.365661
-149.0,149,5928.793039
-147.0,147,5931.965931
-154.0,154,5932.411337
-154.0,154,5935.63027
-161.0,161,5938.858213
-92.0,92,5939.113446
-154.0,154,5942.311361
-157.0,157,5942.759769
-91.0,91,5945.773516
-91.0,91,5946.024745
-163.0,163,5949.266701
-153.0,153,5949.708103
-93.0,93,5952.758883
-149.0,149,5953.19428
-153.0,153,5956.462259
-101.0,101,5956.755527
-148.0,148,5959.935425
-148.0,148,5960.35881
-170.0,170,5963.593759
-150.0,150,5966.803685
-147.0,147,5967.22607
-155.0,155,5970.39596
-95.0,95,5970.667207
-154.0,154,5973.921173
-151.0,151,5974.369581
-102.0,102,5977.463402
-155.0,155,5977.925823
-149.0,149,5981.092709
-149.0,149,5981.536114
-145.0,145,5984.717013
-89.0,89,5984.964238
-94.0,94,5988.007012
-157.0,157,5988.46543
-146.0,146,5991.659341
-157.0,157,5994.859258
-148.0,148,5995.27564
-153.0,153,5998.517593
-150.0,150,5998.94298
-151.0,151,6002.110867
-155.0,155,6002.563279
-151.0,151,6005.78922
-148.0,148,6008.992141
-150.0,150,6009.416527
-163.0,163,6012.660483
-150.0,150,6013.086872
-90.0,90,6016.109627
-148.0,148,6016.573049
-149.0,149,6019.79899
-151.0,151,6022.978888
-151.0,151,6023.446314
-150.0,150,6026.751327
-152.0,152,6027.22676
-159.0,159,6030.453701
-146.0,146,6033.625593
-146.0,146,6034.038969
-150.0,150,6037.290934
-157.0,157,6037.751354
-148.0,148,6040.96228
-147.0,147,6041.38967
-149.0,149,6044.621615
-147.0,147,6047.798511
-166.0,166,6048.28996
-147.0,147,6051.478866
-146.0,146,6051.898249
-154.0,154,6055.129193
-162.0,162,6058.388164
-159.0,159,6058.857591
-149.0,149,6062.067517
-147.0,147,6062.483897
-149.0,149,6065.72385
-145.0,145,6068.969809
-147.0,147,6069.426224
-145.0,145,6072.606123
-159.0,159,6073.070546
-148.0,148,6076.243441
-154.0,154,6079.45937
-200.0,200,6080.054913
-145.0,145,6083.241817
-154.0,154,6083.692228
-147.0,147,6086.871125
-164.0,164,6090.104073
-149.0,149,6090.548478
-149.0,149,6093.760405
-146.0,146,6094.178787
-156.0,156,6097.420741
-200.0,200,6100.774798
-148.0,148,6101.19318
-145.0,145,6104.382086
-160.0,160,6107.639055
-200.0,200,6108.215582
-200.0,200,6111.54962
-166.0,166,6114.866643
-151.0,151,6115.329065
-145.0,145,6118.520974
-146.0,146,6121.723893
-146.0,146,6122.140273
-145.0,145,6125.350199
-148.0,148,6125.789599
-155.0,155,6129.004529
-146.0,146,6129.433921
-152.0,152,6132.630835
-159.0,159,6135.924837
-152.0,152,6136.374247
-146.0,146,6139.57016
-144.0,144,6139.977531
-144.0,144,6143.205474
-147.0,147,6143.655885
-148.0,148,6146.852798
-156.0,156,6150.116773
-145.0,145,6150.525147
-145.0,145,6153.715054
-146.0,146,6154.122424
-152.0,152,6157.327345
-149.0,149,6160.544277
-96.0,96,6160.825534
-145.0,145,6161.255926
-147.0,147,6164.411803
-152.0,152,6167.616724
-97.0,97,6167.926006
-157.0,157,6171.115914
-152.0,152,6171.559318
-88.0,88,6174.589079
-150.0,150,6175.045495
-107.0,107,6178.131308
-167.0,167,6178.610745
-189.0,189,6181.910753
-158.0,158,6185.13269
-88.0,88,6185.390925
-87.0,87,6185.634147
-92.0,92,6188.68693
-90.0,90,6188.937159
-87.0,87,6189.185384
-105.0,105,6192.289213
-145.0,145,6192.719605
-147.0,147,6195.900505
-152.0,152,6196.395957
-154.0,154,6199.598876
-94.0,94,6199.870123
-154.0,154,6203.073042
-149.0,149,6206.281967
-99.0,99,6206.562223
-150.0,150,6209.805179
-105.0,105,6210.118464
-92.0,92,6210.393715
-104.0,104,6213.446498
-146.0,146,6213.873887
-148.0,148,6217.108836
-88.0,88,6217.391093
-154.0,154,6220.61303
-90.0,90,6220.866261
-164.0,164,6224.125231
-185.0,185,6227.463274
-90.0,90,6227.734521
-153.0,153,6230.930434
-147.0,147,6231.352819
-89.0,89,6231.612056
-162.0,162,6234.858014
-158.0,158,6238.142008
-90.0,90,6238.409251
-155.0,155,6241.638194
-156.0,156,6242.080598
-146.0,146,6245.262498
-93.0,93,6245.521734
-153.0,153,6248.796719
-153.0,153,6249.253135
-147.0,147,6252.43003
-149.0,149,6255.677991
-149.0,149,6256.124399
-149.0,149,6259.353341
-94.0,94,6259.619584
-148.0,148,6262.863543
-155.0,155,6263.295935
-155.0,155,6266.498855
-92.0,92,6266.773105
-155.0,155,6269.976024
-152.0,152,6270.418427
-183.0,183,6273.814523
-148.0,148,6277.04847
-153.0,153,6277.504887
-163.0,163,6280.778872
-97.0,97,6281.058125
-151.0,151,6284.260044
-155.0,155,6287.640124
-149.0,149,6288.131573
-155.0,155,6291.39855
-176.0,176,6291.898005
-92.0,92,6294.953791
-151.0,151,6295.385184
-159.0,159,6298.600114
-155.0,155,6301.813043
-167.0,167,6302.287476
-150.0,150,6305.515418
-157.0,157,6305.972834
-148.0,148,6309.17175
-152.0,152,6312.387682
-92.0,92,6312.671941
-145.0,145,6315.883868
-155.0,155,6316.333278
-152.0,152,6319.562221
-153.0,153,6320.022641
-152.0,152,6323.283613
-173.0,173,6326.517561
-153.0,153,6326.980983
-174.0,174,6330.284995
-146.0,146,6330.70738
-156.0,156,6333.924312
-149.0,149,6337.129233
-97.0,97,6337.400481
-150.0,150,6340.601398
-97.0,97,6340.873646
-157.0,157,6344.146629
-148.0,148,6344.609052
-147.0,147,6347.841998
-147.0,147,6348.27239
-149.0,149,6351.522353
-168.0,168,6354.757301
-92.0,92,6355.019541
-172.0,172,6358.342569
-92.0,92,6358.620823
-148.0,148,6361.896809
-147.0,147,6362.332207
-149.0,149,6365.511103
-153.0,153,6365.969521
-92.0,92,6368.979264
-94.0,94,6369.249511
-151.0,151,6372.443422
-149.0,149,6372.86881
-162.0,162,6376.103758
-153.0,153,6376.548164
-151.0,151,6379.719053
-104.0,104,6380.007316
-159.0,159,6383.218243
-152.0,152,6386.439179
-152.0,152,6386.863566
-91.0,91,6389.889324
-156.0,156,6390.328724
-149.0,149,6393.522636
-148.0,148,6393.935011
-93.0,93,6397.003808
-166.0,166,6397.483246
-148.0,148,6400.661142
-93.0,93,6400.924382
-147.0,147,6404.142315
-103.0,103,6404.434582
-94.0,94,6407.462341
-162.0,162,6407.940777
-147.0,147,6411.198747
-151.0,151,6411.638148
-152.0,152,6414.865089
-93.0,93,6415.131332
-148.0,148,6418.369282
-152.0,152,6421.576205
-153.0,153,6422.025615
-153.0,153,6425.226533
-153.0,153,6425.658927
-150.0,150,6428.921901
-150.0,150,6432.159853
-149.0,149,6432.58424
-146.0,146,6435.861226
-149.0,149,6436.348671
-159.0,159,6439.648679
-91.0,91,6439.919926
-159.0,159,6443.195912
-92.0,92,6443.497187
-91.0,91,6446.531953
-153.0,153,6446.960343
-148.0,148,6450.131234
-96.0,96,6450.416494
-151.0,151,6453.619413
-92.0,92,6453.886657
-157.0,157,6457.154635
-98.0,98,6457.435891
-147.0,147,6460.649821
-148.0,148,6461.092224
-149.0,149,6464.291141
-100.0,100,6464.574398
-147.0,147,6467.766308
-151.0,151,6468.238738
-172.0,172,6471.554761
-158.0,158,6474.817735
-158.0,158,6475.285161
-149.0,149,6478.505096
-147.0,147,6478.931485
-149.0,149,6482.14141
-89.0,89,6482.40465
-171.0,171,6485.62959
-90.0,90,6485.896834
-147.0,147,6489.093747
-154.0,154,6492.31068
-152.0,152,6492.76109
-150.0,150,6495.951998
-150.0,150,6496.377387
-146.0,146,6499.618341
-153.0,153,6500.073756
-91.0,91,6503.100515
-147.0,147,6503.548924
-148.0,148,6506.806893
-147.0,147,6510.059858
-147.0,147,6510.482243
-148.0,148,6513.684161
-151.0,151,6514.134572
-95.0,95,6517.239402
-157.0,157,6517.690814
-89.0,89,6520.735589
-96.0,96,6521.027855
-148.0,148,6524.255798
-153.0,153,6524.699202
-151.0,151,6527.903122
-157.0,157,6528.377554
-92.0,92,6531.446351
-93.0,93,6531.711593
-164.0,164,6534.96656
-151.0,151,6535.403959
-148.0,148,6538.616888
-150.0,150,6541.848834
-90.0,90,6542.104066
-147.0,147,6542.546469
-93.0,93,6545.58624
-92.0,92,6545.870499
-90.0,90,6548.944301
-158.0,158,6549.390708
-200.0,200,6552.73976
-155.0,155,6555.947684
-147.0,147,6556.392091
-159.0,159,6559.637047
-152.0,152,6560.074446
-159.0,159,6563.309395
-156.0,156,6566.574371
-146.0,146,6566.998758
-149.0,149,6570.214689
-149.0,149,6570.654089
-89.0,89,6573.707873
-147.0,147,6574.116245
-150.0,150,6577.331175
-149.0,149,6577.776581
-151.0,151,6580.955478
-160.0,160,6584.20444
-146.0,146,6584.616816
-147.0,147,6587.884795
-158.0,158,6588.346215
-153.0,153,6591.576159
-94.0,94,6591.842403
-149.0,149,6595.05433
-173.0,173,6598.349333
-171.0,171,6598.854794
-156.0,156,6602.084738
-91.0,91,6602.344975
-148.0,148,6605.49885
-147.0,147,6605.931244
-159.0,159,6609.145174
-148.0,148,6612.348093
-154.0,154,6612.831534
-144.0,144,6616.010431
-90.0,90,6616.264663
-148.0,148,6619.506618
-165.0,165,6619.969039
-146.0,146,6623.210994
-92.0,92,6623.487247
-153.0,153,6626.703177
-151.0,151,6627.150585
-146.0,146,6630.33749
-146.0,146,6633.531403
-183.0,183,6634.046871
-155.0,155,6637.251792
-146.0,146,6637.672175
-162.0,162,6640.96918
-149.0,149,6644.253174
-147.0,147,6644.706588
-146.0,146,6647.892491
-152.0,152,6648.368926
-98.0,98,6651.449733
-151.0,151,6651.890135
-148.0,148,6655.102063
-93.0,93,6655.380316
-152.0,152,6658.594245
-147.0,147,6659.013628
-149.0,149,6662.26259
-152.0,152,6665.471514
-155.0,155,6665.908913
-156.0,156,6669.091814
-146.0,146,6669.514199
-163.0,163,6672.776173
-145.0,145,6675.997108
-156.0,156,6676.436509
-156.0,156,6679.691476
-157.0,157,6680.164907
-90.0,90,6683.202676
-151.0,151,6683.628064
-169.0,169,6686.872021
-152.0,152,6690.100964
-151.0,151,6690.523349
-151.0,151,6693.737278
-149.0,149,6694.156661
-160.0,160,6697.394612
-147.0,147,6700.642572
-165.0,165,6701.102992
-168.0,168,6704.381982
-161.0,161,6707.656966
-153.0,153,6708.114383
-95.0,95,6711.198194
-152.0,152,6711.686639
-156.0,156,6714.974636
-150.0,150,6715.411034
-97.0,97,6718.446801
-158.0,158,6718.91723
-149.0,149,6722.137164
-94.0,94,6722.435436
-149.0,149,6725.649366
-149.0,149,6726.074753
-94.0,94,6729.117527
-150.0,150,6729.541914
-154.0,154,6732.781867
-145.0,145,6736.001802
-92.0,92,6736.277054
-147.0,147,6736.736472
-93.0,93,6739.755223
-161.0,161,6740.211639
-157.0,157,6743.436579
-151.0,151,6746.705558
-147.0,147,6747.11393
-151.0,151,6750.330863
-169.0,169,6750.864349
-149.0,149,6754.02523
-160.0,160,6757.284201
-156.0,156,6757.724602
-151.0,151,6760.946539
-151.0,151,6761.381936
-150.0,150,6764.565838
-151.0,151,6767.750741
-90.0,90,6768.035
-151.0,151,6771.299975
-154.0,154,6771.763398
-157.0,157,6774.982332
-148.0,148,6775.425737
-92.0,92,6778.516553
-91.0,91,6778.80882
-90.0,90,6779.069057
-151.0,151,6782.283988
-147.0,147,6785.442867
-149.0,149,6785.868254
-89.0,89,6788.887006
-149.0,149,6789.325406
-150.0,150,6792.537333
-147.0,147,6792.966725
-91.0,91,6796.014503
-153.0,153,6796.450901
-160.0,160,6799.707869
-164.0,164,6803.008878
-145.0,145,6803.44928
-156.0,156,6806.673218
-151.0,151,6807.122628
-149.0,149,6810.319542
-167.0,167,6813.568503
-172.0,172,6814.059951
-157.0,157,6817.289895
-159.0,159,6817.75632
-152.0,152,6820.967247
-101.0,101,6821.275528
-158.0,158,6824.542506
-91.0,91,6824.798739
-146.0,146,6828.05771
-156.0,156,6831.492841
-150.0,150,6831.931241
-91.0,91,6832.19348
-158.0,158,6835.548538
-89.0,89,6835.810777
-172.0,172,6839.067745
-155.0,155,6842.300693
-154.0,154,6842.784133
-147.0,147,6846.005069
-146.0,146,6846.454479
-108.0,108,6849.508262
-147.0,147,6849.925642
-91.0,91,6852.93939
-94.0,94,6853.201628
-96.0,96,6856.258414
-160.0,160,6856.745859
-147.0,147,6859.936768
-156.0,156,6860.401191
-151.0,151,6863.587095
-149.0,149,6866.836056
-150.0,150,6867.272454
-148.0,148,6870.478376
-93.0,93,6870.743618
-99.0,99,6871.027877
-151.0,151,6874.247812
-100.0,100,6874.528067
-147.0,147,6877.754007
-161.0,161,6881.028992
-153.0,153,6881.493416
-150.0,150,6884.722359
-157.0,157,6885.166764
-150.0,150,6888.373687
-145.0,145,6891.575606
-149.0,149,6892.012004
-151.0,151,6895.240947
-150.0,150,6895.665334
-98.0,98,6898.740136
-160.0,160,6899.205561
-95.0,95,6902.307388
-152.0,152,6902.771811
-92.0,92,6905.82059
-92.0,92,6906.084831
-168.0,168,6909.332792
-153.0,153,6909.783202
-146.0,146,6913.003137
-95.0,95,6913.284394
-148.0,148,6916.50633
-96.0,96,6916.802601
-158.0,158,6920.004519
-158.0,158,6920.460934
-160.0,160,6923.744928
-93.0,93,6924.020179
-159.0,159,6927.24712
-155.0,155,6930.478065
-157.0,157,6930.941487
-152.0,152,6934.155417
-154.0,154,6934.642861
-167.0,167,6937.915845
-154.0,154,6941.142787
-152.0,152,6941.592195
-150.0,150,6944.854169
-153.0,153,6945.286563
-154.0,154,6948.609592
-150.0,150,6951.883576
-161.0,161,6952.39304
-161.0,161,6955.642002
-152.0,152,6958.863939
-183.0,183,6959.375405
