#{"t_start": 1604034881.6783702, "env_id": "SparseMountainCar-v0"}
r,l,t
0,200,1.830668
0,200,2.428213
0,200,13.023871
0,200,13.630423
0,200,14.236977
0,200,18.645996
0,200,19.245542
0,200,23.640548
0,200,24.245099
0,200,24.842644
0,200,29.228642
0,200,29.832191
0,200,34.199172
0,200,34.790711
0,200,35.387255
0,200,39.78126
0,200,40.375802
0,200,44.81685
0,200,45.419399
0,200,46.04497
0,200,50.458993
0,200,51.086565
0,200,51.699124
0,200,56.125157
2.72,192,56.710691
0,200,61.138727
0,200,61.753287
0,200,62.363844
2.9,190,66.745838
0,200,67.357395
2.9,190,71.743393
2.09,199,72.344941
0,200,72.949493
5.69,159,77.190358
6.32,152,77.670796
0,200,78.284355
0,200,82.708388
0,200,83.317943
2.36,196,83.921493
3.26,186,88.367546
2.45,195,88.955081
2.63,193,93.343081
6.59,149,93.790489
3.35,185,94.349999
0,200,98.752011
5.87,157,99.226444
0,200,99.834998
6.59,149,104.068857
3.17,187,104.647385
0,200,105.244929
4.61,171,109.550854
2.45,195,110.164413
3.53,183,110.721922
6.41,151,115.000822
3.89,179,115.534308
6.68,148,115.978713
6.95,145,120.193555
5.69,159,120.673995
6.95,145,121.110391
6.23,153,125.358262
5.42,162,125.8387
0,200,126.438247
6.32,152,130.716146
3.17,187,131.282662
2.81,191,131.878207
6.14,154,136.126077
6.05,155,136.591501
5.33,163,137.09496
6.68,148,141.386873
2.99,189,141.996428
9.11,121,142.382781
8.48,128,142.774137
6.41,151,147.016004
6.59,149,147.470417
6.05,155,147.940847
6.59,149,152.185715
6.68,148,152.646136
9.83,113,152.994453
6.68,148,153.446866
6.14,154,157.728768
2.0,200,158.335321
5.69,159,158.82777
6.41,151,163.082648
8.3,130,163.469
6.14,154,163.931422
6.5,150,168.236346
6.59,149,168.689759
2.36,196,169.279298
5.87,157,169.748724
9.47,117,173.907515
7.04,144,174.341911
5.87,157,174.815343
4.88,168,179.112259
7.58,138,179.523634
5.42,162,180.00207
0,200,184.389069
8.93,123,184.758405
2.18,198,185.358953
5.96,156,189.631847
6.86,146,190.063241
6.32,152,190.525662
6.77,147,190.964061
2.45,195,195.410114
6.5,150,195.865529
6.14,154,196.321945
5.42,162,200.662902
9.47,117,201.016225
5.78,158,201.50567
6.68,148,205.746536
5.96,156,206.210959
6.14,154,206.664372
6.23,153,207.133801
6.23,153,211.408697
6.77,147,211.844093
5.42,162,212.372575
5.87,157,216.687508
6.86,146,217.12791
5.15,165,217.640377
7.04,144,221.847211
7.13,143,222.312635
6.23,153,222.79007
7.49,139,223.20645
6.68,148,227.426297
9.29,119,227.786625
6.68,148,228.250047
6.86,146,228.689447
9.38,118,232.830222
0,200,233.429769
5.78,158,233.920216
5.6,160,238.163083
5.87,157,238.634513
6.5,150,239.088927
4.97,167,243.396854
9.2,120,243.764189
6.41,151,244.209594
3.17,187,248.577576
9.2,120,248.930897
6.59,149,249.402328
6.59,149,249.860745
5.87,157,254.126634
6.5,150,254.581048
9.2,120,254.939374
6.32,152,255.389785
4.88,168,259.705719
6.41,151,260.155128
5.78,158,260.625558
6.32,152,264.883438
8.75,125,265.25778
8.84,124,265.625116
6.5,150,269.85497
6.05,155,270.314389
6.77,147,270.762797
6.5,150,271.230223
9.2,120,275.389014
8.12,132,275.787377
6.23,153,276.268816
6.41,151,276.718226
6.68,148,286.95856
6.23,153,287.415977
6.59,149,287.878398
9.83,113,292.042193
6.86,146,292.473586
6.05,155,292.953024
12.17,87,293.227273
9.47,117,297.433107
5.6,160,297.91955
5.42,162,298.425011
5.78,158,298.913456
9.11,121,303.062238
8.75,125,303.446588
8.75,125,303.834942
6.32,152,308.105835
5.51,161,308.606291
5.24,164,309.110751
5.06,166,309.610206
9.65,115,313.734966
9.29,119,314.105304
9.47,117,314.466633
9.38,118,314.820956
10.01,111,318.96173
9.2,120,319.334069
5.87,157,319.81751
11.54,94,320.110777
6.5,150,324.358649
9.38,118,324.706967
9.38,118,325.059288
5.69,159,325.531719
9.47,117,329.681502
11.18,98,329.991785
11.72,92,330.277044
10.01,111,330.609347
9.74,114,330.949657
9.29,119,335.120459
3.53,183,335.676966
9.38,118,336.029287
5.78,158,340.295176
9.38,118,340.648498
9.11,121,341.014832
9.65,115,341.370155
9.47,117,341.729483
9.02,122,345.885271
6.68,148,346.324672
12.08,88,346.600923
9.65,115,346.941233
12.08,88,350.998932
9.74,114,351.339242
4.88,168,351.86372
9.56,116,352.211037
6.68,148,356.42788
11.99,89,356.70213
10.55,105,357.012413
9.38,118,357.362732
12.35,85,357.627975
9.29,119,361.804781
11.0,100,362.117066
9.2,120,362.486402
9.29,119,362.836722
9.38,118,367.00352
9.2,120,367.365851
11.72,92,367.6401
9.65,115,367.983413
11.27,97,368.283686
9.29,119,372.450485
9.2,120,372.812815
11.27,97,373.102079
9.38,118,373.460405
9.38,118,373.832745
9.65,115,377.972518
9.2,120,378.349862
9.29,119,378.725204
9.11,121,379.089536
7.85,135,383.269346
9.02,122,383.638682
9.11,121,384.026036
9.11,121,384.401378
5.6,160,388.669268
9.11,121,389.052618
5.24,164,389.551072
5.24,164,393.842983
10.28,108,394.186297
5.6,160,394.660729
9.47,117,395.017054
9.38,118,399.131804
11.45,95,399.42307
9.02,122,399.804418
8.84,124,400.174757
9.74,114,400.534083
11.63,93,404.658842
11.0,100,404.956113
11.36,96,405.239371
9.2,120,405.604705
10.82,102,405.908982
8.93,123,410.07578
8.12,132,410.472142
9.2,120,410.854489
3.62,182,415.240488
8.12,132,415.629842
8.93,123,415.993173
8.48,128,416.372519
9.56,116,420.536314
9.2,120,420.919664
9.38,118,421.283996
9.29,119,421.645326
5.51,161,425.964262
9.38,118,426.321588
9.29,119,426.67591
11.9,90,426.943154
9.2,120,427.318496
9.56,116,431.435249
9.2,120,431.791574
9.38,118,432.143895
9.65,115,432.496216
12.17,87,432.755452
9.02,122,436.897228
5.6,160,437.389676
5.51,161,437.878122
9.2,120,442.067941
12.08,88,442.33118
9.38,118,442.690508
9.56,116,443.033822
9.11,121,443.400154
9.38,118,447.568954
8.93,123,447.932286
3.8,180,448.471777
12.35,85,448.724008
4.7,170,453.098995
8.84,124,453.482345
8.93,123,453.848678
7.85,135,458.081537
9.2,120,458.487907
12.35,85,458.75515
9.56,116,459.151512
8.84,124,459.568893
9.56,116,463.905845
5.6,160,464.395292
8.93,123,464.78865
9.11,121,465.162991
3.98,178,469.517961
9.29,119,469.881292
11.36,96,470.174559
4.34,174,474.527527
9.65,115,474.89286
5.06,166,475.399323
11.81,91,475.678576
9.47,117,476.025893
3.98,178,480.333819
5.24,164,480.834276
9.47,117,481.195605
9.38,118,485.375415
9.38,118,485.743751
9.65,115,486.090066
2.63,193,486.667592
11.18,98,490.766329
9.02,122,491.130661
4.88,168,491.658142
4.43,173,496.0011
8.75,125,496.371437
4.34,174,496.895916
7.58,138,497.30729
3.71,181,501.738329
9.02,122,502.099659
10.91,101,502.399932
9.38,118,502.749251
4.7,170,507.073192
8.75,125,507.448534
8.75,125,507.822875
3.89,179,512.205871
11.45,95,512.496135
9.56,116,512.840449
0,200,513.471024
8.93,123,517.710888
9.11,121,518.073219
3.35,185,518.642738
10.82,102,518.948017
8.57,127,523.194887
9.56,116,523.54921
9.56,116,523.897527
9.02,122,524.266864
9.38,118,528.40964
9.2,120,528.773972
3.35,185,529.331481
11.54,94,529.624749
8.84,124,533.789544
8.75,125,534.165887
8.93,123,534.535223
9.11,121,534.906562
9.65,115,539.083369
8.84,124,539.454708
9.29,119,539.817038
7.31,141,540.250433
11.0,100,540.555711
4.25,175,544.883656
8.57,127,545.290026
8.84,124,545.672375
8.39,129,549.867198
8.03,133,550.272568
8.66,126,550.665926
11.45,95,550.953188
11.54,94,551.238448
8.39,129,561.471776
8.3,130,561.876145
8.66,126,562.253489
8.75,125,562.626829
8.93,123,566.795628
2.36,196,567.382163
9.02,122,567.747496
11.63,93,568.023748
9.92,112,572.196552
11.09,99,572.490819
11.72,92,572.766071
9.38,118,573.117391
8.84,124,577.300203
8.84,124,577.670541
8.84,124,578.04288
8.75,125,578.418222
9.02,122,582.594029
8.84,124,582.964366
9.02,122,583.335705
8.93,123,583.714049
8.75,125,584.096398
9.29,119,588.253187
3.98,178,588.799685
9.38,118,589.160013
4.25,175,593.493964
3.98,178,594.03746
11.54,94,594.317715
11.9,90,594.592965
10.91,101,598.714723
9.02,122,599.093067
9.11,121,599.451394
9.11,121,599.812723
3.62,182,604.20773
8.93,123,604.587075
9.11,121,604.947404
8.84,124,605.313737
9.11,121,609.50756
8.75,125,609.885905
8.39,129,610.273258
11.81,91,610.545506
8.12,132,610.946872
0,200,615.371905
8.3,130,615.78328
8.84,124,616.181643
9.02,122,620.321417
8.93,123,620.690753
10.55,105,621.011045
8.66,126,621.390391
9.65,115,625.530164
3.26,186,626.119702
11.36,96,626.410967
8.93,123,626.79732
8.3,130,630.990141
4.25,175,631.534638
8.66,126,631.91999
11.63,93,632.19524
11.45,95,636.260946
11.81,91,636.531192
9.38,118,636.90253
12.08,88,637.163768
8.93,123,637.5281
10.46,106,641.639848
8.75,125,642.0262
8.84,124,642.396538
11.18,98,642.700816
9.11,121,643.069151
3.17,187,647.470162
3.17,187,648.023667
4.79,169,652.330593
12.08,88,652.591831
8.12,132,653.000204
9.2,120,653.356528
11.63,93,653.637784
12.17,87,657.704491
9.02,122,658.064819
8.84,124,658.435158
11.99,89,658.699399
11.72,92,658.973648
11.18,98,663.083394
4.88,168,663.582849
11.45,95,663.861103
8.84,124,664.238447
9.11,121,668.425263
8.66,126,668.7956
9.02,122,669.153927
11.36,96,669.458205
8.75,125,669.847559
8.66,126,674.051391
9.11,121,674.421729
11.72,92,674.69798
2.9,190,679.069966
2.63,193,679.661504
11.81,91,679.931751
11.72,92,680.207002
4.34,174,684.552963
8.48,128,684.946322
8.57,127,685.339681
11.72,92,685.630947
4.07,177,689.958891
8.84,124,690.326226
9.02,122,690.694561
9.83,113,691.038875
8.39,129,695.261724
9.02,122,695.625056
11.54,94,695.903309
11.45,95,696.193573
9.02,122,696.581928
9.2,120,700.764741
11.9,90,701.041993
8.75,125,701.415333
8.66,126,701.804688
4.25,175,706.11862
3.62,182,706.707158
11.18,98,707.015438
9.02,122,707.396785
10.82,102,711.536559
8.66,126,711.927915
11.9,90,712.20817
2.54,194,712.802712
12.17,87,716.893441
4.52,172,717.405909
11.9,90,717.687165
4.34,174,718.200633
10.82,102,722.28936
10.91,101,722.594638
12.26,86,722.853874
11.81,91,723.137132
8.84,124,723.528489
8.66,126,727.711301
4.52,172,728.219765
10.55,105,728.533051
11.45,95,728.81731
11.45,95,732.967092
11.9,90,733.237339
11.9,90,733.518595
8.84,124,733.901944
7.94,134,734.297305
11.81,91,738.405049
8.93,123,738.778389
2.36,196,739.357917
8.93,123,739.727254
10.91,101,743.902059
2.9,190,744.476585
8.75,125,744.849924
8.39,129,749.098796
8.66,126,749.471136
8.57,127,749.84948
9.47,117,750.206806
8.57,127,754.449674
8.57,127,754.830023
11.45,95,755.135298
8.93,123,755.512643
11.99,89,755.779886
2.99,189,760.176894
11.99,89,760.465157
11.54,94,760.748415
12.17,87,761.003648
11.9,90,761.282902
10.19,109,765.41667
11.36,96,765.703932
8.93,123,766.088282
3.53,183,766.63478
8.57,127,770.800577
12.08,88,771.066819
8.48,128,771.441162
8.75,125,771.819505
11.72,92,775.901227
0,200,776.510782
8.39,129,776.92516
8.21,131,777.328527
7.76,136,781.579402
8.21,131,781.975763
8.21,131,782.385136
8.12,132,782.780497
9.11,121,786.97332
8.3,130,787.384693
3.62,182,787.943202
8.12,132,792.14203
8.93,123,792.524378
8.57,127,792.92074
8.57,127,793.311095
8.48,128,797.532944
3.89,179,798.07744
7.4,140,798.510835
7.85,135,798.9112
10.73,103,803.049972
8.57,127,803.43132
11.45,95,803.719583
11.63,93,804.002841
2.99,189,808.405854
7.58,138,808.819231
8.39,129,809.20258
11.99,89,809.471826
8.48,128,813.697677
10.19,109,814.017969
7.58,138,814.44636
8.3,130,814.836716
8.93,123,819.06557
8.3,130,819.455926
0,200,820.054471
10.46,106,820.368758
3.35,185,824.722727
0,200,825.31927
8.21,131,825.72464
8.39,129,835.876894
8.12,132,836.291271
8.3,130,836.688634
11.27,97,836.981901
3.53,183,841.345879
8.21,131,841.734232
7.85,135,842.1376
8.57,127,842.524953
3.17,187,846.925965
0,200,847.529515
8.57,127,851.754367
4.97,167,852.246814
8.84,124,852.628162
8.57,127,853.03153
10.55,105,857.160293
3.44,184,857.722806
11.54,94,858.014072
8.03,133,858.44046
8.84,124,862.643291
11.63,93,862.926551
11.0,100,863.238834
8.39,129,863.637197
3.35,185,867.986162
2.36,196,868.582705
11.63,93,868.87397
2.54,194,873.279986
6.68,148,873.731398
7.67,137,874.162791
10.73,103,874.468069
7.94,134,878.734958
11.9,90,879.029227
2.99,189,879.593743
7.67,137,879.99811
8.39,129,884.208947
8.3,130,884.594299
8.57,127,885.006675
12.26,86,885.261908
8.48,128,889.419697
0,200,890.019245
8.93,123,890.385577
0,200,894.816617
0,200,895.414161
7.94,134,895.814526
8.66,126,896.193872
11.63,93,900.298614
10.1,110,900.624911
8.03,133,901.022275
11.81,91,901.296523
8.03,133,905.494349
9.38,118,905.84667
8.21,131,906.233022
8.21,131,906.63639
8.57,127,910.796182
12.35,85,911.052416
8.39,129,911.440769
8.84,124,911.829123
11.27,97,912.124392
8.66,126,916.288188
4.07,177,916.824677
8.39,129,917.216034
8.48,128,917.602386
8.39,129,921.819229
5.06,166,922.323689
11.36,96,922.60995
12.17,87,922.875192
8.66,126,927.078022
8.84,124,927.456367
8.75,125,927.832711
7.67,137,928.23808
8.12,132,932.462931
4.16,176,932.992413
4.97,167,933.505882
2.99,189,937.650659
11.36,96,937.937921
5.24,164,938.431371
3.98,178,942.278877
8.75,125,942.653219
11.81,91,942.922465
10.91,101,943.244758
8.93,123,943.634114
3.08,188,947.469609
8.3,130,947.863969
8.84,124,948.236308
9.11,121,948.607647
11.09,99,952.131859
9.2,120,952.497192
7.67,137,952.905564
8.39,129,953.301925
2.99,189,957.133418
8.66,126,957.510761
0,200,958.119316
11.18,98,961.715594
11.99,89,961.982838
2.36,196,962.570374
11.81,91,962.84162
11.54,94,966.357825
2.72,192,966.932349
12.26,86,967.187582
11.9,90,967.47084
8.66,126,971.134179
8.84,124,971.511523
8.93,123,971.878858
2.63,193,972.462389
8.66,126,976.084692
8.66,126,976.460034
11.99,89,976.728279
8.84,124,977.111628
8.66,126,980.765959
4.34,174,981.289436
11.72,92,981.563686
8.12,132,981.954041
3.35,185,985.75951
8.12,132,986.165881
9.2,120,986.52721
11.9,90,986.797466
10.73,103,990.347692
3.71,181,990.884181
12.17,87,991.153427
4.07,177,991.679906
8.21,131,995.354256
8.39,129,995.74261
11.63,93,996.034876
8.39,129,996.422229
8.84,124,1000.018507
9.02,122,1000.386843
9.02,122,1000.755178
12.17,87,1001.015416
11.45,95,1001.297673
9.02,122,1004.93699
8.84,124,1005.31033
4.25,175,1005.844818
8.39,129,1009.487138
11.9,90,1009.754382
9.11,121,1010.142736
8.57,127,1010.526085
8.93,123,1010.89342
2.27,197,1014.699889
8.93,123,1015.077234
2.36,196,1015.673777
2.18,198,1019.529291
8.03,133,1019.942668
8.66,126,1020.332023
7.58,138,1023.986354
3.89,179,1024.539858
8.57,127,1024.934217
8.21,131,1025.325574
8.66,126,1028.9739
11.72,92,1029.256157
12.17,87,1029.53341
3.98,178,1030.070899
11.99,89,1033.601117
9.11,121,1033.967451
11.9,90,1034.234694
8.93,123,1034.605032
9.38,118,1034.966362
8.21,131,1038.681748
8.21,131,1039.084115
11.99,89,1039.370376
8.93,123,1039.75873
8.21,131,1043.360012
8.39,129,1043.775393
8.57,127,1044.163745
3.08,188,1044.746276
8.48,128,1048.347559
9.2,120,1048.711891
11.09,99,1049.005158
9.38,118,1049.369491
9.02,122,1052.97878
11.27,97,1053.27505
7.85,135,1053.683422
7.94,134,1054.102805
9.2,120,1057.700083
11.9,90,1057.974333
3.44,184,1058.544853
8.93,123,1058.923198
8.66,126,1062.554507
10.1,110,1062.88481
11.54,94,1063.179077
3.17,187,1063.737587
8.3,130,1067.351881
10.55,105,1067.673174
11.0,100,1067.984457
11.09,99,1068.293739
8.57,127,1068.675087
8.75,125,1072.270365
11.18,98,1072.569637
8.3,130,1072.972003
3.08,188,1076.822513
8.84,124,1077.192851
8.84,124,1077.575199
8.93,123,1077.942534
11.27,97,1078.235801
8.12,132,1081.895138
8.84,124,1082.263473
3.17,187,1082.835994
11.36,96,1083.125258
10.91,101,1092.643934
9.11,121,1093.009268
8.48,128,1093.402626
9.02,122,1093.76996
2.0,200,1097.668514
8.12,132,1098.071882
9.2,120,1098.444221
11.27,97,1098.736487
8.66,126,1102.340773
9.83,113,1102.681083
4.16,176,1103.202558
8.57,127,1106.837872
2.9,190,1107.4174
8.57,127,1107.803753
2.54,194,1111.635245
7.94,134,1112.032607
9.38,118,1112.384928
8.84,124,1112.751262
12.17,87,1113.016504
11.81,91,1116.55573
9.2,120,1116.930071
11.9,90,1117.21433
8.93,123,1117.582665
11.36,96,1117.867926
9.11,121,1121.483221
2.81,191,1122.062749
3.71,181,1122.600239
8.66,126,1126.253569
2.09,199,1126.844107
11.54,94,1127.144381
8.75,125,1127.516721
9.47,117,1131.119004
10.01,111,1131.454309
11.72,92,1131.725557
8.75,125,1132.100899
11.72,92,1135.603091
11.54,94,1135.893356
11.9,90,1136.1616
11.99,89,1136.438853
0,200,1137.053413
9.2,120,1140.709746
9.38,118,1141.062067
8.84,124,1141.445416
12.08,88,1141.710658
8.57,127,1145.356982
9.29,119,1145.729321
9.56,116,1146.09065
9.11,121,1146.452981
11.99,89,1146.718222
12.08,88,1150.250442
3.53,183,1150.812955
11.54,94,1151.094211
10.19,109,1151.436523
9.65,115,1155.018788
11.45,95,1155.304048
8.66,126,1155.6894
8.93,123,1156.064741
9.2,120,1159.729082
8.21,131,1160.123441
11.09,99,1160.432724
10.64,104,1160.756017
11.9,90,1161.020259
9.92,112,1164.579503
11.99,89,1164.848748
11.72,92,1165.134008
10.28,108,1165.458303
9.29,119,1165.831645
10.46,106,1169.398896
7.22,142,1169.830289
11.9,90,1170.099534
8.21,131,1170.507907
9.11,121,1170.904268
11.18,98,1174.48353
11.81,91,1174.756779
11.9,90,1175.028026
8.57,127,1175.409374
8.57,127,1179.081721
11.54,94,1179.383997
8.57,127,1179.768348
8.03,133,1180.162707
8.3,130,1180.567076
11.45,95,1184.106301
0,200,1184.713856
8.57,127,1185.091199
8.48,128,1188.754538
11.09,99,1189.060817
8.75,125,1189.444168
10.82,102,1189.758453
8.84,124,1190.12779
9.11,121,1193.732076
11.0,100,1194.032348
11.18,98,1194.330621
12.08,88,1194.591859
2.72,192,1198.406336
8.84,124,1198.773671
8.93,123,1199.151015
11.9,90,1199.436275
11.81,91,1199.70452
11.18,98,1203.242744
9.83,113,1203.580052
11.18,98,1203.875321
3.71,181,1204.431828
9.38,118,1208.013092
8.66,126,1208.388434
9.02,122,1208.754768
8.21,131,1209.153131
11.63,93,1212.698362
8.84,124,1213.065698
8.75,125,1213.437036
8.93,123,1213.80337
8.57,127,1217.399648
9.83,113,1217.748966
9.2,120,1218.113298
2.63,193,1218.692827
11.63,93,1222.235055
8.93,123,1222.600389
9.11,121,1222.967723
9.11,121,1223.331054
9.11,121,1223.689381
12.17,87,1227.229608
3.98,178,1227.765096
10.19,109,1228.109409
8.93,123,1228.483751
10.64,104,1232.087035
8.3,130,1232.473387
9.11,121,1232.838721
11.81,91,1233.108967
8.93,123,1236.686227
11.18,98,1236.977493
12.08,88,1237.254745
11.0,100,1237.55602
8.48,128,1237.95038
11.0,100,1241.512628
9.83,113,1241.846931
11.45,95,1242.139198
8.57,127,1242.524549
9.29,119,1242.884877
11.81,91,1246.402083
10.28,108,1246.732384
8.12,132,1247.120738
3.8,180,1247.664235
8.39,129,1251.30255
8.66,126,1251.693907
11.81,91,1251.962151
9.29,119,1252.327484
11.36,96,1255.837684
11.09,99,1256.12895
2.54,194,1256.739506
11.99,89,1257.005748
8.93,123,1260.613036
11.81,91,1260.886286
8.48,128,1261.282647
9.11,121,1261.67
9.65,115,1262.017317
11.0,100,1265.594577
10.01,111,1265.946899
9.2,120,1266.305224
10.55,105,1266.624517
8.84,124,1270.252823
8.75,125,1270.627164
10.82,102,1270.933443
8.3,130,1271.339814
10.01,111,1271.701143
11.99,89,1275.237366
3.17,187,1275.797878
8.84,124,1276.186231
11.09,99,1276.484503
0,200,1280.37505
3.8,180,1280.93556
11.9,90,1281.203804
0,200,1285.111367
3.35,185,1285.67488
0,200,1286.295446
8.84,124,1289.928758
8.93,123,1290.299095
11.63,93,1290.584355
2.63,193,1294.427858
10.01,111,1294.757159
8.75,125,1295.141509
3.8,180,1295.677998
11.18,98,1299.236241
8.84,124,1299.605577
11.99,89,1299.889837
9.29,119,1300.252167
9.38,118,1300.609493
8.75,125,1303.330974
9.56,116,1303.673285
9.11,121,1304.032613
0,200,1304.627155
3.26,186,1307.574842
9.47,117,1307.93517
9.2,120,1308.291495
12.08,88,1308.568748
9.38,118,1311.258199
8.84,124,1311.644551
12.08,88,1311.921804
9.92,112,1312.272123
8.84,124,1314.960574
0,200,1315.57113
3.53,183,1316.126637
3.62,182,1319.011266
9.47,117,1319.357582
3.71,181,1319.903079
11.54,94,1320.198348
12.08,88,1322.820739
9.29,119,1323.183069
9.29,119,1323.539393
8.12,132,1323.936755
8.93,123,1332.648696
11.45,95,1332.950972
10.1,110,1333.279272
9.47,117,1333.635596
9.83,113,1333.973904
10.64,104,1336.620317
9.02,122,1337.001664
11.09,99,1337.314949
9.47,117,1337.673276
11.63,93,1337.957536
11.72,92,1340.534885
9.38,118,1340.889208
11.9,90,1341.162457
7.94,134,1341.564823
2.72,192,1344.486486
11.27,97,1344.77575
8.84,124,1345.146087
2.27,197,1348.09978
9.47,117,1348.469116
8.66,126,1348.855468
9.2,120,1349.234815
8.84,124,1349.609156
10.01,111,1352.32363
8.93,123,1352.704978
10.19,109,1353.037282
11.36,96,1353.340557
9.83,113,1356.013994
9.74,114,1356.355305
11.09,99,1356.659582
10.01,111,1356.990884
6.77,147,1357.451303
9.83,113,1360.147762
8.39,129,1360.548126
10.01,111,1360.895443
10.01,111,1361.249766
7.4,140,1364.037307
9.65,115,1364.416653
9.56,116,1364.796999
11.9,90,1365.07225
8.93,123,1367.827762
10.91,101,1368.126034
11.09,99,1368.431312
12.17,87,1368.692551
9.02,122,1369.086909
9.11,121,1371.77536
11.45,95,1372.06062
8.84,124,1372.46699
11.0,100,1372.786281
11.45,95,1373.069539
11.45,95,1375.693932
10.73,103,1376.01022
9.38,118,1376.367545
9.56,116,1376.717865
9.92,112,1377.050168
8.84,124,1379.750629
11.18,98,1380.040894
9.29,119,1380.397219
9.47,117,1380.76055
10.73,103,1383.398955
10.19,109,1383.730257
11.72,92,1384.003506
10.64,104,1384.318793
11.99,89,1384.587038
9.29,119,1387.254469
8.48,128,1387.650831
8.84,124,1388.03418
10.91,101,1388.339458
8.84,124,1388.729814
9.74,114,1391.419265
9.83,113,1391.76458
11.9,90,1392.029822
9.29,119,1392.393153
11.99,89,1392.665401
0,200,1395.59407
12.26,86,1395.850305
11.9,90,1396.132561
12.17,87,1396.392798
10.55,105,1399.044215
9.74,114,1399.409548
9.56,116,1399.764872
9.65,115,1400.106183
10.37,107,1400.432481
9.47,117,1403.136945
9.38,118,1403.505281
11.72,92,1403.782534
11.27,97,1404.072798
9.11,121,1406.72922
10.01,111,1407.077538
11.72,92,1407.350787
10.1,110,1407.687093
11.99,89,1407.970351
9.92,112,1410.635781
10.19,109,1410.977092
9.56,116,1411.330414
10.01,111,1411.677731
9.2,120,1412.037058
8.75,125,1414.735518
11.99,89,1415.004764
9.47,117,1415.35208
12.08,88,1415.617321
10.01,111,1415.949624
11.54,94,1418.572015
10.28,108,1418.899313
2.9,190,1419.489851
10.1,110,1419.830162
9.56,116,1422.49359
9.74,114,1422.860924
0,200,1423.483491
9.74,114,1426.142916
11.0,100,1426.459204
9.47,117,1426.812527
10.19,109,1427.142827
9.29,119,1427.500153
11.54,94,1430.117538
11.27,97,1430.414809
10.01,111,1430.748113
9.38,118,1431.113446
11.81,91,1431.397705
10.82,102,1434.002079
11.9,90,1434.269322
8.66,126,1434.648669
9.2,120,1435.009997
10.46,106,1435.321281
12.08,88,1437.931661
9.29,119,1438.311007
7.49,139,1438.730389
2.72,192,1441.648048
9.65,115,1441.991361
9.56,116,1442.333673
9.83,113,1442.672982
9.83,113,1443.031309
11.45,95,1445.647694
9.38,118,1446.002017
11.9,90,1446.273264
9.92,112,1446.625585
0,200,1449.59329
9.65,115,1449.972636
12.35,85,1450.222864
9.83,113,1450.566177
8.84,124,1450.934513
10.37,107,1453.558905
11.18,98,1453.852172
10.55,105,1454.183474
12.08,88,1454.452719
11.81,91,1454.721965
11.54,94,1457.353363
8.75,125,1457.731708
9.65,115,1458.090035
8.84,124,1458.480391
9.56,116,1461.140816
9.02,122,1461.51816
11.81,91,1461.797414
9.65,115,1462.146732
11.63,93,1462.426988
7.85,135,1465.170488
9.2,120,1465.531818
8.57,127,1465.90716
9.38,118,1466.254477
9.74,114,1468.905893
9.02,122,1469.293247
9.02,122,1469.661582
9.65,115,1470.03192
9.29,119,1470.385242
9.83,113,1473.019643
8.57,127,1473.425013
9.92,112,1473.771328
9.29,119,1474.13566
12.08,88,1476.770062
0,200,1477.359599
9.65,115,1477.710919
9.29,119,1478.066243
8.03,133,1480.800735
9.2,120,1481.16807
9.74,114,1481.514386
9.83,113,1481.863706
9.92,112,1484.545148
0,200,1485.1497
9.2,120,1485.504023
11.18,98,1485.800293
8.66,126,1488.520772
0,200,1489.130328
10.64,104,1489.463632
9.74,114,1489.802941
12.08,88,1492.40131
11.63,93,1492.678562
11.9,90,1492.946807
9.11,121,1493.322149
9.56,116,1493.683478
11.45,95,1496.284849
8.66,126,1496.658191
2.0,200,1497.264742
9.47,117,1497.616063
9.29,119,1500.337544
9.65,115,1500.674851
9.92,112,1501.008155
10.1,110,1501.336453
11.45,95,1503.972857
9.74,114,1504.319173
9.38,118,1504.692513
10.37,107,1505.015808
10.01,111,1505.349111
9.56,116,1508.024549
9.2,120,1508.379874
9.74,114,1508.732195
9.74,114,1509.07851
0,200,1511.994168
9.92,112,1512.335479
11.72,92,1512.615735
10.1,110,1512.942032
9.47,117,1515.603458
11.81,91,1515.874705
12.08,88,1516.138946
9.92,112,1516.477254
3.62,182,1519.373894
9.65,115,1519.726216
9.47,117,1520.073532
11.09,99,1520.367801
11.0,100,1520.679084
11.99,89,1523.258437
9.56,116,1523.624769
9.2,120,1524.012122
9.47,117,1524.370448
9.92,112,1524.724771
11.72,92,1533.231526
8.84,124,1533.632891
9.47,117,1534.007233
9.65,115,1534.368562
0,200,1537.336267
9.92,112,1537.673574
11.63,93,1537.954831
9.56,116,1538.30515
9.56,116,1541.000607
12.26,86,1541.273856
10.1,110,1541.599153
12.17,87,1541.855386
10.01,111,1542.197698
10.28,108,1544.881145
8.75,125,1545.250481
9.65,115,1545.595796
8.84,124,1545.964131
3.44,184,1548.861773
11.99,89,1549.133019
0,200,1549.749581
9.65,115,1550.0989
9.56,116,1552.79736
9.65,115,1553.145677
12.08,88,1553.406916
11.63,93,1553.684168
9.02,122,1554.062513
2.63,193,1556.969162
9.29,119,1557.323486
9.65,115,1557.67981
2.45,195,1560.600472
11.72,92,1560.909754
9.74,114,1561.251065
10.01,111,1561.586371
9.2,120,1564.276823
9.92,112,1564.615131
9.38,118,1564.97446
10.91,101,1565.275733
8.48,128,1565.658082
9.56,116,1568.349535
9.56,116,1568.693849
10.19,109,1569.027153
11.54,94,1569.314415
9.83,113,1569.652723
11.81,91,1572.250091
9.11,121,1572.62243
9.74,114,1572.962741
12.17,87,1573.226981
9.56,116,1575.888407
8.57,127,1576.267753
2.81,191,1576.833268
11.81,91,1577.107518
3.8,180,1579.971129
8.93,123,1580.342467
9.74,114,1580.679775
11.99,89,1580.953023
10.01,111,1583.629463
11.63,93,1583.907716
10.01,111,1584.259037
9.83,113,1584.612359
9.74,114,1584.948665
9.56,116,1587.651128
8.75,125,1588.034478
10.46,106,1588.348764
11.27,97,1588.650039
9.29,119,1589.012369
11.45,95,1591.640765
10.46,106,1591.961057
9.38,118,1592.327391
11.81,91,1592.604644
10.01,111,1592.95196
9.83,113,1595.605379
11.09,99,1595.898646
9.83,113,1596.240958
12.08,88,1596.503197
9.47,117,1599.169628
9.83,113,1599.526953
10.19,109,1599.853251
9.65,115,1600.194562
2.9,190,1603.11022
9.65,115,1603.46154
9.65,115,1603.804852
9.74,114,1604.146163
8.39,129,1604.555537
9.74,114,1607.249993
9.65,115,1607.596308
10.01,111,1607.940622
11.63,93,1608.215873
9.92,112,1610.895315
11.99,89,1611.181576
9.02,122,1611.553916
12.17,87,1611.814153
11.81,91,1612.084399
10.01,111,1614.774851
12.26,86,1615.037091
8.66,126,1615.436455
9.92,112,1615.769758
9.74,114,1616.115073
9.38,118,1618.803524
9.56,116,1619.149839
11.99,89,1619.42509
11.36,96,1619.729368
12.17,87,1619.989605
9.56,116,1622.693069
8.75,125,1623.079421
11.9,90,1623.346665
0,200,1623.949214
12.35,85,1626.538574
12.08,88,1626.79781
11.99,89,1627.069058
9.11,121,1627.429396
11.9,90,1627.695629
9.47,117,1630.358056
11.18,98,1630.662333
9.47,117,1631.007648
10.19,109,1631.344955
12.35,85,1631.6142
9.38,118,1634.310659
9.92,112,1634.678994
10.37,107,1635.009295
9.11,121,1635.366621
12.08,88,1635.644875
11.99,89,1638.225226
9.83,113,1638.564535
9.83,113,1638.900842
9.92,112,1639.252163
10.01,111,1639.584465
9.56,116,1642.257902
11.9,90,1642.525146
10.1,110,1642.865456
10.28,108,1643.201763
9.74,114,1645.896219
11.81,91,1646.170469
11.81,91,1646.442717
2.27,197,1647.033255
11.0,100,1647.332528
8.57,127,1650.062015
9.92,112,1650.399323
2.54,194,1650.994866
9.83,113,1653.656292
9.74,114,1654.002607
2.45,195,1654.591144
11.0,100,1654.902427
11.81,91,1655.185686
11.45,95,1657.810078
12.08,88,1658.070315
10.37,107,1658.40462
12.17,87,1658.707897
10.64,104,1659.031191
9.92,112,1661.721643
11.54,94,1662.001899
3.17,187,1662.565412
10.19,109,1662.890708
9.56,116,1665.601179
9.56,116,1665.956503
11.09,99,1666.251772
2.54,194,1666.836305
11.27,97,1669.450688
11.54,94,1669.729943
8.93,123,1670.106286
9.83,113,1670.452602
11.9,90,1670.719845
11.63,93,1673.334229
9.65,115,1673.68755
11.36,96,1673.973811
9.47,117,1674.32413
10.91,101,1674.621401
7.76,136,1677.376914
11.72,92,1677.652164
9.47,117,1678.005486
10.55,105,1678.341792
8.66,126,1681.08229
11.63,93,1681.35654
11.18,98,1681.647806
9.83,113,1682.007133
11.27,97,1682.292393
2.81,191,1685.236077
10.01,111,1685.58039
9.56,116,1685.927707
10.46,106,1686.259009
9.47,117,1688.902418
0,200,1689.506969
11.63,93,1689.784222
8.39,129,1690.181584
11.18,98,1692.80998
9.56,116,1693.174312
9.65,115,1693.527634
10.73,103,1693.846925
9.29,119,1696.544384
10.91,101,1696.84766
11.0,100,1697.149936
10.64,104,1697.469227
9.2,120,1697.82355
12.08,88,1700.418916
11.9,90,1700.69617
11.9,90,1700.968417
10.01,111,1701.302721
9.65,115,1701.65204
9.29,119,1704.338488
9.92,112,1704.676797
10.01,111,1705.013103
11.27,97,1705.322385
12.08,88,1705.590629
11.63,93,1708.216022
10.01,111,1708.552329
10.1,110,1708.897644
9.47,117,1709.251967
12.08,88,1709.525216
2.36,196,1712.422858
11.54,94,1712.703112
12.08,88,1712.965351
12.08,88,1713.227591
10.19,109,1713.564898
4.25,175,1716.433513
9.74,114,1716.778827
0,200,1717.373369
4.61,171,1720.220965
9.74,114,1720.570283
9.92,112,1720.912595
11.27,97,1721.20286
9.29,119,1723.899318
11.9,90,1724.16556
11.54,94,1724.457826
9.2,120,1724.815152
10.55,105,1725.129439
11.54,94,1733.606165
10.46,106,1733.936466
11.18,98,1734.232737
8.3,130,1734.633101
11.54,94,1734.916359
10.82,102,1737.553764
2.81,191,1738.118278
3.35,185,1738.669781
11.72,92,1741.28016
11.54,94,1741.570424
9.92,112,1741.90473
11.18,98,1742.192992
2.63,193,1745.126666
2.99,189,1745.713201
10.37,107,1746.048506
9.38,118,1746.401829
9.29,119,1749.138323
9.2,120,1749.498651
11.63,93,1749.780908
12.17,87,1750.050154
11.99,89,1750.315395
9.83,113,1753.01886
10.01,111,1753.349161
11.81,91,1753.62241
7.67,137,1754.034786
8.03,133,1754.438153
6.68,148,1757.246714
9.65,115,1757.585022
9.2,120,1757.94535
11.99,89,1758.212594
9.74,114,1760.924065
10.19,109,1761.25837
9.29,119,1761.612693
11.81,91,1761.89395
9.2,120,1762.251275
9.56,116,1764.923711
9.11,121,1765.286041
9.2,120,1765.653378
9.02,122,1766.038727
9.83,113,1768.717169
10.1,110,1769.040463
8.39,129,1769.441829
10.37,107,1769.76112
9.47,117,1772.41554
11.81,91,1772.704803
9.74,114,1773.041111
9.29,119,1773.400438
11.54,94,1773.690702
11.18,98,1776.352128
0,200,1776.960683
9.11,121,1777.319009
9.65,115,1777.658318
11.09,99,1780.267696
8.48,128,1780.649044
10.19,109,1780.993358
11.27,97,1781.297636
9.38,118,1781.645954
9.74,114,1784.318389
9.2,120,1784.688727
8.3,130,1785.085088
9.29,119,1785.43841
11.54,94,1788.053794
11.9,90,1788.318035
8.93,123,1788.694378
11.36,96,1788.979638
11.81,91,1789.252887
9.47,117,1791.957351
10.91,101,1792.26163
8.84,124,1792.632967
10.01,111,1792.976281
9.47,117,1793.325599
9.2,120,1796.033067
12.26,86,1796.302313
10.01,111,1796.638618
9.47,117,1797.005954
11.81,91,1799.60232
9.92,112,1799.936625
11.45,95,1800.221885
10.28,108,1800.560193
9.11,121,1800.933534
10.28,108,1803.597962
9.74,114,1803.942276
10.01,111,1804.285589
10.01,111,1804.6269
11.9,90,1804.892142
10.19,109,1807.536552
9.65,115,1807.884869
9.92,112,1808.21417
9.74,114,1808.555481
11.72,92,1808.832733
9.74,114,1811.485151
9.65,115,1811.825461
10.19,109,1812.159766
10.01,111,1812.499075
9.56,116,1815.167507
10.28,108,1815.485798
9.83,113,1815.827109
12.08,88,1816.10236
10.37,107,1816.437666
9.92,112,1819.091084
9.92,112,1819.423387
9.92,112,1819.760694
9.65,115,1820.112015
10.73,103,1820.420296
10.19,109,1823.100739
10.01,111,1823.426035
11.09,99,1823.720304
11.81,91,1823.998557
9.74,114,1824.358885
11.9,90,1826.956253
4.16,176,1827.505754
11.81,91,1827.779003
9.83,113,1828.11531
10.1,110,1830.74871
9.74,114,1831.104034
10.1,110,1831.436337
9.29,119,1831.810678
11.27,97,1832.09894
11.99,89,1834.688301
10.1,110,1835.023606
9.83,113,1835.364917
10.55,105,1835.678203
9.65,115,1838.370657
10.19,109,1838.700959
11.09,99,1839.001232
9.92,112,1839.335536
11.63,93,1839.61279
9.56,116,1842.264206
11.36,96,1842.555472
10.82,102,1842.861751
11.63,93,1843.147011
11.99,89,1843.423263
9.29,119,1846.116718
10.37,107,1846.44802
11.54,94,1846.741287
11.99,89,1847.009531
10.64,104,1847.335829
9.47,117,1850.00326
11.72,92,1850.278512
9.92,112,1850.614818
0,200,1851.222371
11.9,90,1851.499624
10.46,106,1854.138029
10.19,109,1854.466328
9.38,118,1854.825656
12.17,87,1855.089896
9.2,120,1857.766336
9.38,118,1858.114654
10.01,111,1858.446956
9.83,113,1858.785265
11.81,91,1859.053509
11.99,89,1861.668894
0,200,1862.272444
2.18,198,1862.869988
9.65,115,1865.566446
11.99,89,1865.830687
2.63,193,1866.411216
9.38,118,1866.779551
8.93,123,1869.509039
9.74,114,1869.848349
11.18,98,1870.147622
9.83,113,1870.487932
11.63,93,1870.765184
9.02,122,1873.483662
9.02,122,1873.844991
10.55,105,1874.160279
10.37,107,1874.477568
9.38,118,1877.169022
10.1,110,1877.498322
11.81,91,1877.783581
8.93,123,1878.149916
9.2,120,1878.509243
9.2,120,1881.224718
11.81,91,1881.492963
11.81,91,1881.785229
9.65,115,1882.145557
11.36,96,1882.431818
2.9,190,1885.358486
9.74,114,1885.710807
9.74,114,1886.068133
11.36,96,1886.356396
9.74,114,1889.032835
10.55,105,1889.34512
0,200,1889.945668
11.9,90,1890.21191
10.19,109,1892.872335
11.81,91,1893.147586
11.54,94,1893.43785
10.1,110,1893.787169
9.38,118,1894.137488
9.65,115,1896.825939
10.46,106,1897.14523
11.63,93,1897.435494
9.65,115,1897.785814
10.64,104,1898.098098
11.72,92,1900.681452
9.92,112,1901.015758
10.01,111,1901.349061
9.2,120,1901.707388
9.83,113,1904.389833
9.83,113,1904.724138
11.72,92,1905.0124
11.36,96,1905.299662
10.19,109,1905.631965
10.28,108,1908.29239
9.11,121,1908.650717
9.38,118,1909.001036
11.99,89,1909.26928
9.74,114,1909.610594
9.83,113,1912.281026
9.38,118,1912.631345
10.64,104,1912.943629
10.55,105,1913.275933
9.56,116,1913.623249
9.65,115,1916.319707
9.92,112,1916.656014
9.92,112,1917.008334
9.83,113,1917.35465
9.83,113,1920.02108
12.17,87,1920.278316
10.37,107,1920.604613
11.99,89,1920.880865
10.19,109,1921.209164
11.81,91,1923.826549
11.18,98,1924.129826
11.9,90,1924.403074
10.1,110,1924.730373
10.1,110,1925.060674
11.9,90,1933.521386
10.1,110,1933.875709
10.37,107,1934.214017
9.65,115,1934.558331
9.83,113,1934.904646
11.63,93,1937.501013
11.9,90,1937.780268
10.46,106,1938.097558
2.36,196,1938.695102
11.72,92,1941.300477
10.91,101,1941.609759
9.56,116,1941.956074
11.0,100,1942.265356
10.28,108,1942.599661
9.92,112,1945.249075
9.65,115,1945.601397
12.08,88,1945.876648
12.17,87,1946.137886
10.01,111,1946.473192
10.19,109,1949.103589
11.9,90,1949.379841
10.19,109,1949.703135
11.63,93,1949.98239
11.9,90,1950.250635
11.27,97,1950.5419
9.47,117,1953.225346
9.92,112,1953.578668
9.83,113,1953.911972
11.99,89,1954.215249
10.01,111,1956.845646
9.74,114,1957.199969
9.83,113,1957.550288
10.28,108,1957.884593
10.01,111,1958.219898
11.81,91,1960.826274
9.92,112,1961.17259
12.08,88,1961.438833
9.92,112,1961.789152
9.92,112,1962.123457
11.45,95,1964.755856
10.1,110,1965.085157
10.01,111,1965.415457
12.17,87,1965.683702
11.0,100,1965.987979
10.01,111,1968.687439
10.01,111,1969.017741
10.28,108,1969.339033
10.73,103,1969.651318
9.83,113,1969.992629
9.92,112,1972.669069
10.46,106,1972.990362
10.55,105,1973.304648
10.19,109,1973.633948
11.63,93,1973.909199
11.63,93,1976.52058
9.65,115,1976.86089
11.9,90,1977.129134
10.46,106,1977.469445
12.17,87,1977.744695
10.1,110,1980.418132
10.37,107,1980.733419
11.81,91,1981.006669
10.19,109,1981.357989
11.72,92,1981.631238
10.19,109,1984.26664
9.38,118,1984.62897
12.17,87,1984.888206
9.65,115,1985.233521
10.37,107,1985.553813
11.99,89,1988.12816
10.1,110,1988.459462
10.19,109,1988.793766
10.01,111,1989.122066
9.92,112,1991.769479
10.01,111,1992.102782
11.72,92,1992.380035
10.1,110,1992.711338
10.01,111,1993.050646
11.99,89,1995.641007
9.47,117,1995.991327
10.01,111,1996.332638
9.92,112,1996.67495
10.28,108,1996.999246
9.83,113,1999.671681
10.55,105,1999.985968
10.37,107,2000.301255
11.18,98,2000.598526
11.9,90,2000.870774
10.19,109,2003.506176
12.08,88,2003.777423
11.99,89,2004.039663
10.91,101,2004.339936
10.19,109,2004.692258
12.17,87,2007.266604
9.83,113,2007.614922
10.01,111,2007.968244
11.81,91,2008.257508
9.92,112,2008.599819
12.08,88,2011.207196
12.35,85,2011.482447
3.89,179,2012.008927
11.99,89,2012.284179
9.83,113,2012.624488
10.28,108,2015.299926
10.37,107,2015.621219
12.17,87,2015.890465
10.1,110,2016.220766
10.01,111,2016.560075
2.54,194,2019.474732
10.1,110,2019.801029
9.74,114,2020.144342
10.19,109,2022.787751
12.26,86,2023.052993
10.1,110,2023.40031
10.19,109,2023.726608
9.92,112,2024.078929
12.08,88,2026.657279
11.63,93,2026.939536
10.1,110,2027.264832
9.74,114,2027.604142
12.17,87,2027.87739
10.1,110,2030.517798
10.46,106,2030.836088
11.81,91,2031.109337
10.91,101,2031.412613
10.1,110,2031.758929
9.83,113,2034.450382
9.29,119,2034.827726
3.35,185,2035.377227
0,200,2038.317907
9.56,116,2038.682239
10.1,110,2039.028555
10.91,101,2039.323824
9.83,113,2039.665135
9.29,119,2042.345578
9.74,114,2042.683887
11.45,95,2042.973153
9.56,116,2043.330476
11.63,93,2043.611732
9.47,117,2046.295178
10.37,107,2046.622477
9.65,115,2046.968792
10.01,111,2047.329121
10.28,108,2049.991549
9.74,114,2050.335862
10.28,108,2050.653151
9.02,122,2051.017483
10.91,101,2051.319758
9.74,114,2053.969173
9.83,113,2054.318492
10.64,104,2054.631777
12.35,85,2054.912033
11.9,90,2055.186282
0,200,2058.115953
6.77,147,2058.57337
11.27,97,2058.865636
9.74,114,2059.216956
9.92,112,2061.891394
9.47,117,2062.236709
11.45,95,2062.525973
12.08,88,2062.788211
12.08,88,2063.050451
11.99,89,2065.686854
10.1,110,2066.011149
11.81,91,2066.280395
10.46,106,2066.602689
10.19,109,2066.945
10.64,104,2069.595416
10.28,108,2069.920713
11.63,93,2070.195964
3.26,186,2070.749468
10.19,109,2073.397882
10.46,106,2073.729185
9.56,116,2074.074499
10.82,102,2074.39379
9.47,117,2074.740105
9.83,113,2077.400531
10.28,108,2077.732834
10.46,106,2078.050123
11.99,89,2078.327375
12.08,88,2078.619642
11.9,90,2081.19599
11.9,90,2081.469239
9.56,116,2081.809549
9.56,116,2082.170879
12.17,87,2082.428113
10.55,105,2085.071523
10.82,102,2085.385809
9.83,113,2085.723119
12.08,88,2085.986356
9.74,114,2086.33067
10.37,107,2088.95206
10.64,104,2089.275355
10.19,109,2089.614664
11.81,91,2089.896921
9.92,112,2090.234228
10.37,107,2092.842606
9.92,112,2093.17591
11.0,100,2093.485191
11.72,92,2093.764446
10.37,107,2094.091745
9.2,120,2096.800213
10.28,108,2097.130514
2.54,194,2097.716048
10.1,110,2100.34044
10.01,111,2100.670741
9.83,113,2101.004045
0,200,2101.612601
8.93,123,2104.298047
11.99,89,2104.563289
10.19,109,2104.895592
10.82,102,2105.201871
12.26,86,2105.479124
9.92,112,2108.146555
10.55,105,2108.460842
11.81,91,2108.768122
11.81,91,2109.066393
9.74,114,2109.407705
10.82,102,2112.098157
9.92,112,2112.449477
9.74,114,2112.796794
10.1,110,2113.140107
9.83,113,2113.478415
10.1,110,2116.122825
10.46,106,2116.437112
9.92,112,2116.779424
11.36,96,2117.073692
10.1,110,2117.409999
9.56,116,2120.06642
11.63,93,2120.344674
9.38,118,2120.702
9.65,115,2121.044312
11.99,89,2121.307551
9.92,112,2123.977986
10.82,102,2124.289269
9.92,112,2124.626577
3.71,181,2125.184085
11.9,90,2133.690839
11.9,90,2133.972095
9.92,112,2134.312405
10.1,110,2134.644708
11.63,93,2134.937976
11.54,94,2137.53234
11.45,95,2137.8176
11.99,89,2138.09085
11.72,92,2138.363097
11.63,93,2138.65136
9.83,113,2141.342813
11.09,99,2141.633078
10.19,109,2141.961377
10.37,107,2142.281669
9.65,115,2142.654008
11.0,100,2145.268392
9.47,117,2145.637728
10.01,111,2145.976036
10.01,111,2146.304336
10.91,101,2146.603608
10.28,108,2149.247018
10.37,107,2149.581323
12.17,87,2149.838557
10.82,102,2150.165856
12.17,87,2150.424091
11.54,94,2153.025462
10.46,106,2153.349757
11.36,96,2153.636019
11.9,90,2153.905264
11.81,91,2154.185519
9.74,114,2156.863961
10.73,103,2157.175244
10.91,101,2157.479522
12.17,87,2157.75177
9.29,119,2158.121107
11.63,93,2160.708465
9.65,115,2161.05378
10.46,106,2161.368066
10.01,111,2161.702371
9.92,112,2162.048687
9.29,119,2164.741141
9.74,114,2165.09146
11.81,91,2165.36571
10.46,106,2165.682999
10.1,110,2166.024311
10.73,103,2168.640695
9.56,116,2169.000023
10.73,103,2169.331325
10.01,111,2169.681644
10.19,109,2172.308038
10.01,111,2172.638339
12.08,88,2172.916593
8.57,127,2173.293936
10.01,111,2173.634247
11.9,90,2176.220604
9.83,113,2176.55591
10.37,107,2176.871197
10.55,105,2177.187485
10.55,105,2177.507777
11.63,93,2180.125163
9.29,119,2180.488494
10.1,110,2180.815793
9.74,114,2181.156103
10.37,107,2181.469388
10.37,107,2184.106794
10.19,109,2184.450105
12.35,85,2184.710342
11.36,96,2185.000607
10.01,111,2185.341918
11.81,91,2187.925272
12.08,88,2188.187512
12.08,88,2188.47077
10.28,108,2188.792063
9.74,114,2189.138378
9.83,113,2191.799804
9.92,112,2192.140115
10.01,111,2192.472418
11.9,90,2192.739661
9.74,114,2193.092983
11.72,92,2195.694355
11.99,89,2195.958595
10.55,105,2196.287895
9.47,117,2196.634212
12.26,86,2196.889444
10.19,109,2199.557876
11.54,94,2199.840133
10.19,109,2200.169433
11.72,92,2200.467705
10.46,106,2200.782993
0,200,2203.715666
10.37,107,2204.037959
10.19,109,2204.36726
10.1,110,2204.702565
11.45,95,2207.319951
12.17,87,2207.585193
10.37,107,2207.908487
11.9,90,2208.187742
11.18,98,2208.485013
11.99,89,2211.062362
11.9,90,2211.331607
10.19,109,2211.659907
10.28,108,2211.9822
10.46,106,2212.301491
11.81,91,2214.88885
12.08,88,2215.153091
12.17,87,2215.410325
9.47,117,2215.769653
10.28,108,2216.088944
11.36,96,2218.734355
10.01,111,2219.06966
9.38,118,2219.434994
10.01,111,2219.787314
10.01,111,2220.130628
9.83,113,2222.788051
9.92,112,2223.128361
11.9,90,2223.413622
12.08,88,2223.680864
10.01,111,2224.026179
10.37,107,2226.664583
10.01,111,2226.996886
11.72,92,2227.272137
10.46,106,2227.588425
9.92,112,2227.929737
12.08,88,2230.571146
11.0,100,2230.876422
10.19,109,2231.200719
10.64,104,2231.512002
10.82,102,2231.816279
9.83,113,2234.494721
11.63,93,2234.77898
11.54,94,2235.077251
12.08,88,2235.337488
10.28,108,2235.664787
11.99,89,2238.255148
12.17,87,2238.528397
11.99,89,2238.803649
9.92,112,2239.144959
9.92,112,2239.496279
9.83,113,2242.201745
10.01,111,2242.533047
10.37,107,2242.851337
10.01,111,2243.186643
9.92,112,2243.537963
9.92,112,2246.207397
11.54,94,2246.495659
11.54,94,2246.785924
10.01,111,2247.117226
9.83,113,2247.45153
11.72,92,2250.070918
11.09,99,2250.385204
9.74,114,2250.729519
10.19,109,2251.064824
12.17,87,2251.328077
9.92,112,2254.027525
2.09,199,2254.63708
9.92,112,2254.982395
11.27,97,2255.278665
12.08,88,2257.876032
10.1,110,2258.220346
10.28,108,2258.559655
10.28,108,2258.910975
10.28,108,2259.236272
10.28,108,2261.933731
11.81,91,2262.204978
11.36,96,2262.491239
10.01,111,2262.83255
10.1,110,2263.159849
2.9,190,2266.053487
11.36,96,2266.344751
2.63,193,2266.961313
9.74,114,2269.728836
11.36,96,2270.026107
10.37,107,2270.364416
10.37,107,2270.694717
9.92,112,2271.038029
10.1,110,2273.709465
9.47,117,2274.061786
10.1,110,2274.399093
10.1,110,2274.728393
