#{"t_start": 1604034881.635331, "env_id": "SparseMountainCar-v0"}
r,l,t
0,200,1.873708
0,200,2.471252
0,200,13.06691
0,200,13.673463
0,200,14.280016
0,200,18.689035
0,200,19.288581
0,200,23.683587
0,200,24.288138
0,200,24.885684
0,200,29.271681
0,200,29.875231
0,200,34.242211
0,200,34.83375
0,200,35.430294
0,200,39.824299
0,200,40.418841
0,200,44.85989
0,200,45.462438
0,200,46.088009
3.08,188,50.464998
0,200,51.091569
2.81,191,51.668095
0,200,56.105139
0,200,56.713694
0,200,61.135725
2.9,190,61.728265
0,200,62.338821
0,200,66.749841
0,200,67.363402
0,200,71.778425
0,200,72.380975
0,200,72.986526
0,200,77.350504
3.35,185,77.946046
0,200,78.545594
3.53,183,82.915576
0,200,83.529135
7.22,142,83.968536
3.71,181,88.398575
3.53,183,88.949076
3.53,183,93.308049
6.59,149,93.753455
3.71,181,94.301955
4.07,177,98.638908
3.26,186,99.197417
0,200,99.807974
3.8,180,104.131915
6.32,152,104.609353
5.6,160,105.082782
6.59,149,109.309634
6.32,152,109.793075
7.31,141,110.230474
6.23,153,110.699902
6.95,145,114.962787
7.13,143,115.385172
6.23,153,115.844591
6.5,150,120.077449
5.51,161,120.556887
0,200,121.162438
4.52,172,125.466361
0,200,126.059902
6.41,151,126.515317
6.32,152,130.791215
7.13,143,131.220606
0,200,131.851181
0,200,136.236178
3.98,178,136.773668
6.23,153,137.251103
6.77,147,141.543015
4.07,177,142.103526
6.32,152,142.589969
3.8,180,146.920918
6.05,155,147.393347
6.86,146,147.835751
7.13,143,148.266143
6.23,153,152.541039
6.5,150,152.999457
6.5,150,153.456874
2.9,190,157.845875
6.77,147,158.285275
6.86,146,158.7497
6.41,151,163.001574
9.56,116,163.34789
7.22,142,163.771276
2.27,197,164.361814
5.78,158,168.697766
6.23,153,169.160187
6.23,153,169.618605
8.66,126,173.80342
3.8,180,174.346915
6.95,145,174.784314
6.23,153,179.038191
6.5,150,179.481596
7.22,142,179.902979
7.49,139,180.330369
2.81,191,184.679333
8.75,125,185.051672
2.45,195,185.649217
6.68,148,189.892094
9.83,113,190.22739
6.41,151,190.685808
9.2,120,191.044135
6.23,153,195.363071
8.93,123,195.739414
6.32,152,196.191827
2.0,200,200.642884
6.41,151,201.106306
6.77,147,201.554715
9.29,119,201.91104
9.11,121,206.066828
7.94,134,206.465191
5.33,163,206.960643
5.24,164,211.267568
9.11,121,211.629898
0,200,212.252466
8.66,126,212.65183
0,200,217.093879
6.32,152,217.5563
6.23,153,218.029732
6.23,153,222.292618
4.16,176,222.842118
6.41,151,223.295532
9.11,121,227.432302
9.92,112,227.772612
6.68,148,228.235034
7.13,143,228.668429
5.06,166,232.949331
9.11,121,233.313663
9.11,121,233.688004
6.41,151,237.909852
6.41,151,238.360263
6.5,150,238.811674
6.14,154,239.28911
6.23,153,243.545989
0,200,244.145538
6.32,152,244.600951
9.11,121,248.767749
9.74,114,249.111062
6.05,155,249.60251
9.56,116,249.95283
8.57,127,254.129636
5.69,159,254.606071
6.77,147,255.051477
9.2,120,255.4068
6.14,154,259.676693
6.05,155,260.141116
6.32,152,260.595531
6.32,152,264.854412
9.56,116,265.198726
6.59,149,265.64213
8.21,131,266.045498
9.2,120,270.17226
6.68,148,270.615664
6.23,153,271.098103
9.2,120,275.254892
6.14,154,275.719316
6.23,153,276.204759
9.29,119,276.55808
9.65,115,286.688313
5.6,160,287.173756
9.47,117,287.543095
6.68,148,287.997506
9.92,112,292.144286
9.83,113,292.478591
4.43,173,293.010076
9.47,117,293.373406
4.07,177,297.771415
9.38,118,298.132745
9.74,114,298.483064
5.69,159,302.752956
9.74,114,303.102277
9.47,117,303.463604
9.29,119,303.830939
9.47,117,304.208283
9.38,118,308.371077
5.33,163,308.862527
9.38,118,309.226857
5.87,157,313.481737
5.6,160,313.971181
9.29,119,314.337515
9.2,120,314.700847
5.33,163,318.995762
6.59,149,319.454179
4.79,169,319.979658
5.51,161,324.267566
2.18,198,324.852099
8.93,123,325.221436
6.14,154,325.679854
11.72,92,329.758572
5.78,158,330.248018
9.11,121,330.616354
11.18,98,330.90862
9.83,113,335.062406
9.38,118,335.413726
8.75,125,335.798077
9.47,117,336.146395
5.6,160,340.419289
8.84,124,340.790627
9.65,115,341.145951
11.45,95,341.433214
5.96,156,345.699101
9.02,122,346.063433
5.51,161,346.551878
8.03,133,346.951242
9.38,118,351.100024
4.43,173,351.617496
5.51,161,352.117952
9.11,121,356.257726
3.98,178,356.795215
9.2,120,357.150539
8.75,125,357.522879
11.18,98,361.634626
9.2,120,362.017976
4.7,170,362.53845
9.38,118,362.885767
9.83,113,367.037551
9.11,121,367.402884
9.02,122,367.766215
10.82,102,368.071493
12.08,88,368.343741
9.11,121,372.518547
7.31,141,372.942934
9.29,119,373.299258
9.47,117,373.656585
9.65,115,377.817377
8.93,123,378.182709
9.56,116,378.551045
8.93,123,378.937397
9.2,120,383.070165
12.08,88,383.334405
9.11,121,383.700739
5.6,160,384.202197
9.65,115,384.569531
9.74,114,388.692289
9.65,115,389.057624
9.65,115,389.409943
8.93,123,389.775276
11.45,95,393.859999
9.65,115,394.226333
9.2,120,394.581657
11.18,98,394.875926
8.84,124,395.246263
8.75,125,399.388038
5.42,162,399.895501
11.99,89,400.161743
4.79,169,404.529725
9.2,120,404.888051
9.11,121,405.246378
9.65,115,405.596699
9.11,121,405.958026
9.47,117,410.107809
9.29,119,410.461131
9.2,120,410.844481
9.65,115,411.190796
9.2,120,415.389623
3.62,182,415.928115
12.35,85,416.179343
11.72,92,416.451591
9.56,116,420.620391
9.74,114,420.979719
9.47,117,421.341048
9.47,117,421.697373
5.33,163,426.023316
9.2,120,426.384645
9.47,117,426.733963
5.42,162,427.218405
12.17,87,427.492656
8.84,124,431.632428
12.26,86,431.887661
9.38,118,432.238982
11.9,90,432.515233
9.56,116,436.641995
9.38,118,436.998319
9.2,120,437.361651
12.08,88,437.6349
11.72,92,437.912153
9.11,121,442.104975
9.74,114,442.445285
11.81,91,442.724539
5.96,156,443.194968
9.2,120,447.349755
0,200,447.960311
9.11,121,448.319639
9.56,116,448.667957
9.11,121,452.899814
8.84,124,453.278159
8.75,125,453.654501
3.71,181,454.202001
4.34,174,458.592002
4.16,176,459.179538
9.2,120,459.5769
9.56,116,463.922861
11.36,96,464.210123
4.7,170,464.754619
11.81,91,465.022864
9.74,114,469.188661
9.02,122,469.566005
8.93,123,469.94435
2.9,190,470.531885
4.52,172,474.885854
4.61,171,475.404327
9.2,120,475.771661
11.45,95,476.053919
5.15,165,480.32281
9.29,119,480.687141
11.99,89,480.953384
5.69,159,481.457844
11.27,97,485.559583
8.93,123,485.940931
11.72,92,486.219184
9.38,118,486.572506
9.02,122,490.742307
9.02,122,491.107639
9.65,115,491.463964
9.56,116,491.827296
11.9,90,492.097542
11.72,92,496.194276
0,200,496.79082
9.47,117,497.143141
8.21,131,497.529493
4.07,177,501.949522
10.01,111,502.278822
11.18,98,502.572089
9.56,116,502.913401
9.02,122,507.096213
8.84,124,507.46655
8.75,125,507.839891
12.26,86,508.106134
0,200,512.551185
8.66,126,512.925526
7.22,142,513.380941
8.84,124,517.625811
8.84,124,517.993146
12.08,88,518.275403
7.94,134,518.676769
3.35,185,523.096798
9.11,121,523.468136
3.53,183,524.015635
7.31,141,524.441023
9.38,118,528.591806
11.54,94,528.87006
8.75,125,529.244401
8.84,124,529.630753
8.57,127,533.806559
8.75,125,534.182902
8.3,130,534.572258
8.48,128,534.96962
8.93,123,539.167446
3.71,181,539.714945
10.73,103,540.024228
11.27,97,540.323499
11.63,93,540.607759
9.38,118,544.763546
9.29,119,545.119871
8.66,126,545.538253
9.29,119,545.899582
8.39,129,550.082395
8.66,126,550.474752
8.66,126,550.870112
8.93,123,551.241451
11.9,90,561.353668
8.48,128,561.741022
3.44,184,562.305536
8.57,127,562.684881
11.63,93,566.7636
11.27,97,567.053864
9.11,121,567.416194
5.06,166,567.912647
11.72,92,572.020391
8.21,131,572.415751
9.11,121,572.77608
10.82,102,573.075353
7.58,138,577.304207
9.02,122,577.66954
9.11,121,578.030869
8.75,125,578.407212
9.29,119,578.769543
8.48,128,582.958361
9.29,119,583.320691
9.11,121,583.688026
8.48,128,584.080384
11.81,91,588.160102
7.58,138,588.568474
9.11,121,588.94782
9.2,120,589.312152
9.2,120,593.475947
9.2,120,593.847286
9.02,122,594.214621
8.21,131,594.612984
12.26,86,594.868216
9.11,121,599.064041
9.02,122,599.424369
8.75,125,599.798711
2.09,199,604.244763
12.17,87,604.51601
9.11,121,604.879341
9.65,115,605.219652
5.51,161,609.530581
8.57,127,609.91293
9.38,118,610.263249
11.54,94,610.548509
8.75,125,610.926854
12.26,86,615.00457
8.03,133,615.410941
8.84,124,615.799295
4.43,173,616.350798
9.11,121,620.484566
9.11,121,620.853902
11.0,100,621.156178
9.29,119,621.513503
9.11,121,625.671294
9.02,122,626.056645
9.29,119,626.429985
11.72,92,626.713243
4.07,177,631.060206
4.25,175,631.600698
8.66,126,631.98705
8.66,126,632.363393
11.81,91,636.414085
8.75,125,636.790428
9.2,120,637.162768
12.17,87,637.420002
8.57,127,637.802351
8.66,126,641.982162
8.75,125,642.353499
9.29,119,642.722836
3.35,185,647.125849
11.81,91,647.397096
8.3,130,647.780446
2.99,189,648.341958
7.4,140,652.560803
8.84,124,652.948156
9.11,121,653.307483
11.81,91,653.581733
3.53,183,657.932699
9.02,122,658.293028
9.29,119,658.649352
8.84,124,659.01969
7.94,134,663.235533
8.93,123,663.602867
8.66,126,663.975207
8.75,125,664.352551
11.63,93,668.455291
8.48,128,668.832634
8.75,125,669.199969
8.84,124,669.598332
3.08,188,673.993338
8.75,125,674.369681
8.39,129,674.761038
8.75,125,675.137381
8.66,126,679.317191
4.97,167,679.829658
8.93,123,680.197994
8.48,128,680.586348
11.9,90,684.676075
11.54,94,684.96634
12.08,88,685.234585
11.9,90,685.517843
3.62,182,689.872812
8.3,130,690.256162
11.54,94,690.538419
10.55,105,690.853706
11.63,93,691.138967
8.75,125,695.348804
11.72,92,695.622052
11.72,92,695.895302
10.55,105,696.212591
8.75,125,696.611955
11.81,91,700.706688
11.72,92,700.988944
10.46,106,701.306233
8.66,126,701.689583
8.84,124,702.075935
11.63,93,706.137638
10.82,102,706.461933
8.57,127,706.882316
12.08,88,707.144555
8.57,127,711.366404
8.93,123,711.750754
12.17,87,712.017998
11.9,90,712.299254
9.47,117,712.65758
8.93,123,716.854406
3.8,180,717.389894
12.35,85,717.665144
8.57,127,718.038485
8.12,132,722.217294
9.11,121,722.577622
8.66,126,722.95897
3.71,181,723.52949
8.66,126,727.714305
11.99,89,727.975543
8.3,130,728.363897
8.93,123,728.73023
8.75,125,732.969094
12.08,88,733.236338
11.81,91,733.518595
11.63,93,733.805856
11.9,90,734.077104
12.17,87,734.334339
11.36,96,738.458097
8.93,123,738.830437
8.12,132,739.221793
7.76,136,739.624161
9.29,119,743.857019
8.3,130,744.248375
8.39,129,744.636729
3.53,183,745.192237
3.62,182,749.585239
8.84,124,749.953575
9.38,118,750.325915
8.75,125,754.551766
7.85,135,754.955134
9.2,120,755.339485
8.66,126,755.721833
8.84,124,759.920661
11.9,90,760.192909
10.37,107,760.539224
4.52,172,761.049689
11.09,99,761.355969
11.72,92,765.43869
8.57,127,765.821038
9.02,122,766.199383
11.45,95,766.484643
8.39,129,770.653443
8.39,129,771.038794
11.63,93,771.317048
8.48,128,771.698395
11.36,96,771.989661
10.64,104,776.126432
8.57,127,776.49777
8.66,126,776.900137
8.66,126,777.291494
4.43,173,781.653469
11.63,93,781.933726
8.39,129,782.328084
8.48,128,782.719441
8.66,126,786.92928
8.12,132,787.348661
4.61,171,787.870136
8.57,127,788.262493
11.54,94,792.345215
11.09,99,792.653496
0,200,793.268056
2.72,192,797.692089
11.54,94,797.969341
7.67,137,798.399733
7.85,135,798.801099
8.84,124,803.002929
3.35,185,803.557435
8.57,127,803.939784
12.17,87,804.223041
11.45,95,808.32478
0,200,808.92833
11.9,90,809.195574
11.18,98,809.490844
8.66,126,813.71169
11.54,94,813.987942
3.89,179,814.535441
8.66,126,814.914787
0,200,819.372851
8.21,131,819.765208
8.03,133,820.165573
3.8,180,824.499523
8.12,132,824.895885
8.03,133,825.293247
8.03,133,825.699617
8.3,130,835.859878
8.84,124,836.233218
3.35,185,836.814748
8.39,129,837.199099
11.0,100,841.315851
8.21,131,841.706207
8.21,131,842.098565
7.22,142,842.528957
7.67,137,846.778831
11.18,98,847.074099
8.57,127,847.450443
8.3,130,847.853811
8.3,130,852.076659
7.76,136,852.491038
8.3,130,852.893404
8.66,126,853.287764
11.72,92,857.369484
8.12,132,857.779858
11.63,93,858.068121
2.99,189,858.662663
11.63,93,862.771408
8.75,125,863.163765
10.73,103,863.481055
11.27,97,863.771319
10.82,102,864.085606
0,200,868.482613
8.39,129,868.875972
0,200,869.478522
11.9,90,873.587266
11.18,98,873.87653
8.57,127,874.274893
0,200,874.898462
7.49,139,879.180364
7.58,138,879.593741
8.39,129,879.974087
3.35,185,884.349076
8.48,128,884.741434
11.9,90,885.031698
8.03,133,885.431062
11.18,98,889.495767
3.71,181,890.039262
8.48,128,890.419609
8.57,127,890.80496
2.45,195,895.219984
8.21,131,895.606337
8.66,126,895.984681
3.71,181,900.353664
11.81,91,900.62391
3.26,186,901.18342
7.94,134,901.586788
8.57,127,905.761593
8.03,133,906.15395
8.57,127,906.546309
9.2,120,906.908638
8.57,127,911.062424
0,200,911.676985
8.48,128,912.069342
9.11,121,916.222127
4.43,173,916.743603
11.99,89,917.017853
11.09,99,917.316124
3.53,183,921.696117
11.45,95,921.987383
9.02,122,922.352715
10.55,105,922.665
8.66,126,923.050352
8.57,127,927.251181
8.75,125,927.632528
11.45,95,927.918788
8.12,132,928.314149
3.35,185,932.690138
8.39,129,933.084497
3.71,181,933.639003
11.72,92,937.490513
9.2,120,937.851843
8.12,132,938.245202
8.03,133,938.656576
11.81,91,938.95685
2.9,190,942.802355
11.72,92,943.075604
2.63,193,943.695169
3.98,178,947.500638
3.26,186,948.058146
8.93,123,948.433488
8.93,123,952.036772
8.03,133,952.44014
12.08,88,952.701378
8.84,124,953.074718
8.75,125,956.703025
8.57,127,957.104391
11.99,89,957.373637
2.99,189,957.949162
9.11,121,961.610498
8.84,124,961.981837
3.8,180,962.525333
5.24,164,963.013777
9.11,121,966.612058
11.18,98,966.902322
8.66,126,967.285671
8.93,123,967.666018
11.99,89,971.213252
2.09,199,971.8148
11.63,93,972.091052
8.57,127,972.478404
0,200,976.318905
8.12,132,976.716268
2.9,190,977.295795
11.45,95,980.860045
8.84,124,981.233385
8.48,128,981.615733
8.93,123,981.979064
12.17,87,982.246308
8.84,124,985.867609
9.02,122,986.238947
11.63,93,986.520204
9.29,119,986.876529
11.99,89,990.384726
8.66,126,990.757065
11.81,91,991.031315
8.57,127,991.413664
11.54,94,991.695921
8.48,128,995.362263
11.99,89,995.625503
8.75,125,996.016862
8.39,129,996.404213
3.89,179,1000.172647
11.72,92,1000.443895
11.63,93,1000.726152
8.66,126,1001.103497
9.02,122,1004.743814
8.39,129,1005.126163
9.11,121,1005.489494
7.76,136,1005.913881
9.11,121,1009.526173
10.46,106,1009.845464
8.48,128,1010.253837
11.81,91,1010.527086
9.02,122,1010.89342
8.93,123,1014.455667
9.11,121,1014.838016
0,200,1015.460582
8.84,124,1015.836926
8.21,131,1019.471239
11.54,94,1019.762504
8.66,126,1020.155863
8.12,132,1020.561232
8.3,130,1024.196545
2.81,191,1024.790087
0,200,1025.395638
11.63,93,1028.943872
2.99,189,1029.529406
4.25,175,1030.061892
11.18,98,1033.619134
8.84,124,1033.995477
8.57,127,1034.372821
8.66,126,1034.753167
8.84,124,1038.451538
8.84,124,1038.830884
8.57,127,1039.220239
11.9,90,1039.509505
8.12,132,1039.918876
7.76,136,1043.548184
9.56,116,1043.915519
3.17,187,1044.490043
8.12,132,1048.117349
8.93,123,1048.49169
11.45,95,1048.771945
11.18,98,1049.064212
8.93,123,1049.444559
8.48,128,1053.072866
3.53,183,1053.629373
8.75,125,1054.000711
4.16,176,1057.788164
8.93,123,1058.166509
11.81,91,1058.437756
2.0,200,1059.060323
11.45,95,1062.597547
3.53,183,1063.157057
8.66,126,1063.537405
11.45,95,1063.819661
2.72,192,1067.626131
8.66,126,1068.015486
11.81,91,1068.301747
11.54,94,1068.578999
0,200,1072.404486
11.63,93,1072.689746
2.81,191,1073.283288
10.46,106,1076.878565
8.84,124,1077.248902
8.66,126,1077.635254
8.3,130,1078.026611
10.46,106,1078.349905
9.02,122,1081.974209
11.81,91,1082.242453
11.72,92,1082.520707
9.29,119,1082.887041
11.81,91,1083.161291
3.62,182,1092.926192
8.48,128,1093.309541
8.12,132,1093.717913
8.66,126,1097.395265
9.11,121,1097.757596
8.12,132,1098.159962
11.99,89,1098.433211
8.93,123,1098.808553
10.37,107,1102.357789
9.29,119,1102.715114
11.45,95,1102.996371
12.26,86,1103.253605
8.3,130,1106.895925
2.36,196,1107.495471
4.79,169,1108.002934
10.01,111,1108.342243
11.18,98,1111.88247
3.53,183,1112.424964
9.74,114,1112.759269
12.26,86,1113.02351
3.8,180,1116.827978
2.45,195,1117.443539
9.11,121,1117.804868
8.93,123,1121.423166
9.02,122,1121.7895
11.63,93,1122.07376
8.48,128,1122.456108
8.84,124,1126.095425
8.84,124,1126.470767
9.02,122,1126.835099
8.84,124,1127.223454
9.2,120,1127.58178
9.02,122,1131.198076
8.93,123,1131.566413
0,200,1132.165958
2.27,197,1135.989444
9.11,121,1136.362784
9.47,117,1136.712102
11.54,94,1136.99436
9.2,120,1140.668709
8.84,124,1141.037044
3.17,187,1141.610567
9.38,118,1141.960886
8.39,129,1145.631232
2.36,196,1146.230778
11.63,93,1146.511034
8.3,130,1150.161361
10.82,102,1150.476649
9.56,116,1150.834975
12.26,86,1151.092209
2.99,189,1151.672738
8.93,123,1155.281028
11.36,96,1155.573294
7.58,138,1155.995679
9.11,121,1156.360011
8.3,130,1160.051376
11.09,99,1160.361658
8.75,125,1160.749012
9.2,120,1161.106338
11.81,91,1164.602524
9.47,117,1164.954845
7.49,139,1165.379232
8.66,126,1165.776594
8.84,124,1169.396894
8.84,124,1169.774238
0,200,1170.375786
8.93,123,1170.771147
8.03,133,1174.475523
2.9,190,1175.047044
8.57,127,1175.429392
8.75,125,1179.095734
8.21,131,1179.510112
0,200,1180.107657
8.93,123,1180.479996
8.84,124,1184.116311
8.66,126,1184.503663
11.81,91,1184.774911
9.11,121,1185.134238
8.93,123,1188.781563
11.99,89,1189.057815
9.11,121,1189.431155
9.74,114,1189.779473
11.63,93,1190.056732
9.2,120,1193.646998
10.46,106,1193.975297
11.81,91,1194.251549
11.36,96,1194.541813
10.37,107,1194.862105
8.75,125,1198.472396
9.29,119,1198.825718
11.18,98,1199.128994
8.75,125,1199.517348
9.02,122,1203.122635
8.93,123,1203.491971
4.88,168,1203.99543
9.29,119,1204.364767
11.36,96,1207.880972
9.2,120,1208.244303
9.11,121,1208.600628
11.45,95,1208.88789
11.0,100,1209.193168
10.82,102,1212.764423
9.11,121,1213.123751
8.75,125,1213.495089
9.38,118,1213.845409
11.36,96,1214.13167
11.36,96,1217.639867
9.65,115,1218.000195
11.36,96,1218.283454
10.91,101,1218.591735
10.73,103,1218.898014
9.29,119,1222.516312
8.48,128,1222.902664
9.56,116,1223.253984
10.1,110,1223.580281
10.73,103,1227.16555
9.2,120,1227.522875
8.66,126,1227.910228
2.72,192,1228.502769
10.19,109,1232.121066
9.74,114,1232.459375
12.26,86,1232.718611
10.91,101,1233.021888
3.71,181,1236.772306
8.84,124,1237.148649
11.18,98,1237.446921
11.63,93,1237.726176
8.84,124,1238.11553
8.75,125,1241.745841
9.02,122,1242.112174
8.93,123,1242.486514
7.67,137,1242.903895
8.84,124,1246.524195
12.08,88,1246.790438
11.81,91,1247.05668
2.18,198,1247.654225
8.75,125,1251.276526
8.57,127,1251.67489
9.11,121,1252.031214
9.11,121,1252.402553
9.11,121,1255.985819
11.81,91,1256.262071
8.84,124,1256.651426
2.99,189,1257.220945
11.27,97,1260.755166
9.56,116,1261.098479
8.3,130,1261.507853
9.92,112,1261.866179
12.08,88,1262.127417
8.66,126,1265.799764
9.29,119,1266.158091
8.93,123,1266.52943
8.66,126,1266.921787
9.11,121,1270.530076
11.72,92,1270.807329
9.56,116,1271.150642
7.49,139,1271.605056
3.53,183,1275.434546
2.54,194,1276.030089
8.75,125,1276.405431
0,200,1280.297979
0,200,1280.918545
2.9,190,1281.513087
0,200,1285.394625
12.17,87,1285.661868
9.56,116,1286.022198
8.57,127,1289.666518
11.99,89,1289.94177
12.17,87,1290.203008
9.29,119,1290.56734
0,200,1291.17089
11.99,89,1294.696103
9.02,122,1295.065439
3.35,185,1295.622947
9.2,120,1295.982275
9.56,116,1299.593567
0,200,1300.212131
9.02,122,1300.579466
9.38,118,1303.284931
9.74,114,1303.621238
8.75,125,1303.993578
0,200,1304.585117
11.9,90,1307.244542
11.45,95,1307.530802
12.08,88,1307.804051
3.8,180,1308.34054
9.11,121,1311.055014
9.02,122,1311.418345
12.08,88,1311.6976
2.0,200,1312.32317
9.2,120,1315.00061
11.99,89,1315.27486
9.02,122,1315.643196
9.38,118,1316.003525
9.56,116,1316.353844
11.81,91,1318.964224
3.26,186,1319.517728
9.11,121,1319.883061
8.48,128,1320.279422
11.9,90,1322.91082
3.62,182,1323.457319
11.27,97,1323.751587
10.73,103,1324.059868
9.56,116,1332.75179
9.47,117,1333.118124
11.72,92,1333.394377
10.37,107,1333.718672
9.74,114,1334.060983
11.54,94,1336.677368
11.54,94,1336.973639
9.38,118,1337.346979
11.72,92,1337.632239
9.74,114,1337.974551
11.63,93,1340.554903
11.63,93,1340.834158
11.36,96,1341.128426
3.62,182,1341.671921
9.38,118,1344.373383
10.82,102,1344.678662
11.72,92,1344.952912
9.38,118,1345.303231
2.54,194,1348.251919
9.47,117,1348.619254
8.39,129,1349.030628
9.65,115,1349.378946
11.99,89,1349.649192
9.2,120,1352.391692
9.38,118,1352.757025
9.56,116,1353.117353
11.63,93,1353.405616
9.11,121,1356.101073
9.2,120,1356.4604
0,200,1357.066953
8.84,124,1357.459312
9.2,120,1360.175787
9.65,115,1360.535115
9.92,112,1360.884433
12.26,86,1361.159684
10.91,101,1363.810101
9.02,122,1364.211466
11.72,92,1364.514742
11.72,92,1364.819019
11.36,96,1365.112286
11.99,89,1365.393543
11.36,96,1368.050965
11.45,95,1368.343232
9.47,117,1368.692551
11.72,92,1368.980814
8.75,125,1369.392187
10.91,101,1371.997562
9.02,122,1372.401932
11.54,94,1372.704207
11.81,91,1372.977456
9.2,120,1375.662904
9.65,115,1376.027236
8.75,125,1376.403579
9.56,116,1376.754899
11.99,89,1377.01914
11.18,98,1379.642531
11.72,92,1379.913778
9.56,116,1380.262096
11.81,91,1380.532342
11.54,94,1380.828612
9.74,114,1383.501048
9.2,120,1383.861376
11.54,94,1384.143634
9.56,116,1384.493954
11.81,91,1384.772207
11.54,94,1387.362569
11.18,98,1387.665844
9.83,113,1388.018165
8.39,129,1388.41753
9.74,114,1388.766848
9.38,118,1391.469311
9.38,118,1391.829639
9.83,113,1392.161942
9.02,122,1392.539286
11.54,94,1395.157673
9.11,121,1395.517
9.02,122,1395.877328
11.81,91,1396.16359
9.65,115,1396.512908
9.92,112,1399.180339
11.0,100,1399.510641
9.56,116,1399.857957
9.47,117,1400.209278
9.74,114,1402.886718
12.35,85,1403.160968
9.65,115,1403.521296
9.65,115,1403.868613
9.92,112,1404.200916
11.45,95,1406.780267
3.35,185,1407.348785
9.29,119,1407.712116
11.99,89,1407.994373
11.72,92,1410.599748
12.17,87,1410.873998
11.18,98,1411.176275
9.38,118,1411.532598
9.83,113,1411.884919
12.08,88,1412.146158
11.45,95,1414.753534
11.45,95,1415.041797
2.99,189,1415.607313
8.3,130,1415.995667
11.18,98,1418.629067
11.18,98,1418.926338
2.72,192,1419.520879
2.72,192,1422.420523
9.02,122,1422.804873
12.08,88,1423.093136
9.56,116,1423.448459
0,200,1426.386139
9.56,116,1426.734454
11.99,89,1427.000698
9.83,113,1427.345011
9.65,115,1427.691327
3.26,186,1430.591971
10.82,102,1430.89825
9.47,117,1431.257578
10.01,111,1431.602892
3.08,188,1434.4645
11.81,91,1434.736749
9.65,115,1435.082063
10.01,111,1435.409362
11.36,96,1438.043763
9.56,116,1438.415101
9.11,121,1438.779434
9.38,118,1439.151774
8.84,124,1441.848231
10.28,108,1442.166521
2.99,189,1442.732037
11.9,90,1443.020299
9.38,118,1445.705747
12.08,88,1445.968987
11.99,89,1446.237231
11.99,89,1446.52149
9.56,116,1446.868807
11.81,91,1449.509214
11.54,94,1449.802481
9.29,119,1450.181826
9.65,115,1450.526141
10.19,109,1450.852438
9.56,116,1453.499851
9.92,112,1453.839161
0,200,1454.458725
11.36,96,1454.744986
9.92,112,1457.429433
10.01,111,1457.76574
2.27,197,1458.377297
9.47,117,1458.739627
9.56,116,1461.407059
9.2,120,1461.777396
0,200,1462.378944
9.11,121,1465.086412
11.99,89,1465.351654
11.09,99,1465.648925
9.83,113,1465.982229
9.38,118,1466.328544
10.73,103,1468.948933
9.56,116,1469.317268
11.99,89,1469.587515
11.45,95,1469.879781
10.46,106,1470.214086
9.29,119,1472.8625
0,200,1473.495077
10.73,103,1473.809363
8.93,123,1474.184705
3.98,178,1477.083347
10.64,104,1477.390628
2.09,199,1477.992175
9.2,120,1480.688633
9.74,114,1481.028944
11.63,93,1481.314204
9.92,112,1481.657517
11.81,91,1481.942777
8.84,124,1484.659252
0,200,1485.2598
9.38,118,1485.610119
11.45,95,1485.89638
2.9,190,1488.816041
11.72,92,1489.096297
11.54,94,1489.392567
12.08,88,1489.660812
11.9,90,1492.261182
9.2,120,1492.624513
11.99,89,1492.889755
8.03,133,1493.295124
7.76,136,1493.720512
9.2,120,1496.39495
12.17,87,1496.655187
11.45,95,1496.948455
8.93,123,1497.313787
11.9,90,1497.586035
11.54,94,1500.219435
9.38,118,1500.578763
11.99,89,1500.844005
10.01,111,1501.174306
10.91,101,1501.476582
9.74,114,1504.171038
11.63,93,1504.461302
9.56,116,1504.82163
11.63,93,1505.100885
10.1,110,1505.432187
10.01,111,1508.091611
9.65,115,1508.43092
9.02,122,1508.808264
9.38,118,1509.16559
11.99,89,1511.748945
0,200,1512.352495
8.93,123,1512.727837
9.74,114,1513.064143
9.56,116,1515.723567
11.81,91,1515.996816
10.19,109,1516.321112
10.01,111,1516.657419
11.45,95,1516.946682
11.36,96,1519.582084
10.19,109,1519.916389
9.56,116,1520.258702
12.26,86,1520.525945
0,200,1523.437599
8.66,126,1523.846972
11.9,90,1524.139239
11.36,96,1524.428502
9.29,119,1524.803844
9.74,114,1533.379661
0,200,1534.02625
2.99,189,1534.612785
9.47,117,1537.332263
10.28,108,1537.654557
10.01,111,1537.991865
10.82,102,1538.301147
11.63,93,1538.588408
9.47,117,1541.292873
10.1,110,1541.617169
12.17,87,1541.874403
11.54,94,1542.165669
9.83,113,1544.852118
11.9,90,1545.130372
10.46,106,1545.448661
8.84,124,1545.817998
11.81,91,1546.088245
11.36,96,1546.376507
2.09,199,1549.325196
11.27,97,1549.626471
10.37,107,1549.949764
11.54,94,1550.238028
9.29,119,1552.947497
9.56,116,1553.293812
9.65,115,1553.638126
9.83,113,1553.984442
11.81,91,1556.596823
11.81,91,1556.863066
11.0,100,1557.162338
9.56,116,1557.522667
8.75,125,1557.894006
9.02,122,1560.59747
9.65,115,1560.972812
10.73,103,1561.282094
9.56,116,1561.632413
8.57,127,1564.345886
11.0,100,1564.646159
8.3,130,1565.043522
10.01,111,1565.371821
3.08,188,1568.275468
9.65,115,1568.621784
9.47,117,1568.974105
12.26,86,1569.236344
12.17,87,1569.504588
11.63,93,1572.100955
11.99,89,1572.371201
11.09,99,1572.67748
9.38,118,1573.033805
10.01,111,1573.366108
9.83,113,1576.017524
12.17,87,1576.278763
11.45,95,1576.560019
11.72,92,1576.832268
8.75,125,1577.210613
9.02,122,1579.899063
0,200,1580.49961
12.08,88,1580.758847
9.65,115,1581.118174
9.83,113,1583.792612
0,200,1584.408172
9.02,122,1584.788519
11.63,93,1585.06277
9.65,115,1587.772239
9.92,112,1588.106544
11.0,100,1588.403815
10.64,104,1588.726108
9.29,119,1589.088439
9.38,118,1591.790902
9.2,120,1592.153232
11.9,90,1592.43649
10.46,106,1592.751778
10.73,103,1595.389182
9.47,117,1595.739501
11.81,91,1596.014752
9.38,118,1596.367073
11.18,98,1596.65934
8.84,124,1599.350793
12.08,88,1599.628046
10.46,106,1599.946336
9.74,114,1600.285645
9.65,115,1600.638967
11.36,96,1603.265361
12.08,88,1603.534607
9.38,118,1603.885926
9.38,118,1604.253262
11.36,96,1604.551533
11.99,89,1607.171921
12.08,88,1607.434161
9.74,114,1607.775472
10.46,106,1608.104772
10.1,110,1608.438076
2.0,200,1611.405781
9.74,114,1611.744089
11.54,94,1612.023344
9.92,112,1612.357648
10.28,108,1615.044097
11.9,90,1615.313343
9.83,113,1615.670668
11.9,90,1615.943917
10.64,104,1616.2542
11.9,90,1618.862578
10.91,101,1619.163852
0,200,1619.787421
2.09,199,1622.739113
9.29,119,1623.107447
10.28,108,1623.432743
11.99,89,1623.701989
11.81,91,1623.971235
9.29,119,1626.661686
10.73,103,1626.966965
12.26,86,1627.226201
11.45,95,1627.511461
9.74,114,1627.849769
9.83,113,1630.503188
11.09,99,1630.807466
9.29,119,1631.157785
10.19,109,1631.511106
3.26,186,1634.409749
12.08,88,1634.70702
10.1,110,1635.045328
9.38,118,1635.394646
11.54,94,1635.690917
10.01,111,1638.335327
9.74,114,1638.680642
9.92,112,1639.021953
9.83,113,1639.364265
9.38,118,1642.047711
11.09,99,1642.341979
9.11,121,1642.702307
11.9,90,1642.982563
11.54,94,1643.278832
12.17,87,1643.544074
10.01,111,1646.225519
9.29,119,1646.579842
9.83,113,1646.920152
11.81,91,1647.193401
10.37,107,1649.847821
9.38,118,1650.218158
10.37,107,1650.53845
9.83,113,1650.888769
9.92,112,1651.226077
3.26,186,1654.110706
2.0,200,1654.71926
11.18,98,1655.018533
10.37,107,1657.694973
0,200,1658.292517
3.35,185,1658.912084
11.27,97,1661.541479
9.83,113,1661.8938
11.45,95,1662.17906
10.46,106,1662.498351
11.27,97,1662.788616
10.91,101,1665.449041
10.1,110,1665.781344
2.99,189,1666.354867
9.92,112,1666.692174
11.18,98,1666.989445
9.56,116,1669.655875
12.08,88,1669.922118
9.47,117,1670.284448
10.46,106,1670.601737
10.37,107,1673.26016
9.38,118,1673.619488
11.81,91,1673.893738
11.81,91,1674.166988
9.56,116,1674.507298
9.29,119,1677.205757
9.02,122,1677.577096
9.74,114,1677.913402
9.56,116,1678.289745
9.92,112,1678.638062
9.2,120,1681.343529
9.83,113,1681.677833
0,200,1682.293394
9.65,115,1684.984848
10.1,110,1685.33817
9.47,117,1685.697498
11.63,93,1685.980755
10.1,110,1686.322066
11.63,93,1688.89341
11.72,92,1689.169662
11.81,91,1689.441911
11.36,96,1689.735177
9.65,115,1690.085497
9.2,120,1692.785958
12.08,88,1693.050199
11.63,93,1693.349473
10.01,111,1693.695787
9.83,113,1694.036098
11.18,98,1696.668497
11.36,96,1696.955759
11.36,96,1697.250027
9.47,117,1697.602349
9.83,113,1697.936653
9.65,115,1700.626105
9.11,121,1700.986433
9.65,115,1701.333749
11.27,97,1701.630019
9.38,118,1701.996353
12.17,87,1704.575705
9.65,115,1704.920018
10.55,105,1705.248317
9.38,118,1705.615652
9.38,118,1708.316113
11.27,97,1708.609381
9.92,112,1708.960701
11.9,90,1709.236953
9.2,120,1709.612295
11.27,97,1712.208662
9.74,114,1712.544968
9.29,119,1712.901293
11.09,99,1713.19456
8.39,129,1713.593925
9.38,118,1716.291383
9.56,116,1716.6397
11.54,94,1716.925962
9.47,117,1717.272277
2.0,200,1720.200947
11.54,94,1720.492212
9.74,114,1720.842531
9.65,115,1721.186845
9.65,115,1723.86929
9.92,112,1724.202594
10.19,109,1724.538901
11.63,93,1724.817154
11.63,93,1725.093406
10.64,104,1733.598158
9.65,115,1733.957486
9.74,114,1734.303802
10.01,111,1734.646113
10.19,109,1734.974412
11.99,89,1737.573781
9.56,116,1737.916094
9.83,113,1738.253401
9.47,117,1738.598716
9.29,119,1741.290169
9.74,114,1741.64149
11.72,92,1741.915739
9.92,112,1742.245039
11.0,100,1742.560327
10.01,111,1745.231762
9.11,121,1745.612109
11.99,89,1745.882355
9.65,115,1746.241683
11.63,93,1746.527944
11.72,92,1749.175356
11.9,90,1749.438597
9.56,116,1749.794921
9.56,116,1750.154249
9.38,118,1750.50657
10.82,102,1753.178005
9.74,114,1753.518315
11.72,92,1753.792566
9.65,115,1754.141883
11.45,95,1754.427143
10.82,102,1757.092573
11.0,100,1757.394849
8.75,125,1757.763185
8.12,132,1758.160547
10.01,111,1760.86401
9.65,115,1761.219335
11.54,94,1761.497588
10.37,107,1761.826889
11.54,94,1762.102139
9.2,120,1764.79159
11.81,91,1765.062838
9.65,115,1765.40515
9.38,118,1765.777489
11.63,93,1766.065752
10.19,109,1768.732182
11.54,94,1769.008434
11.45,95,1769.307707
9.74,114,1769.648017
9.65,115,1769.994333
11.72,92,1772.573684
11.9,90,1772.856942
10.55,105,1773.168226
11.72,92,1773.446481
11.99,89,1773.721731
11.63,93,1776.368143
9.2,120,1776.723466
9.2,120,1777.094805
9.02,122,1777.455134
9.56,116,1777.797445
10.82,102,1780.415832
12.17,87,1780.676069
11.45,95,1780.977344
11.18,98,1781.288628
9.56,116,1781.627936
9.92,112,1784.295368
9.47,117,1784.656698
10.19,109,1784.990001
9.29,119,1785.344324
9.83,113,1788.017761
8.03,133,1788.408117
9.65,115,1788.761439
9.38,118,1789.112759
9.92,112,1789.45407
9.47,117,1792.158535
9.83,113,1792.49284
11.99,89,1792.764087
9.65,115,1793.115407
0,200,1796.05809
11.36,96,1796.364368
11.54,94,1796.647627
11.54,94,1796.938893
9.56,116,1799.614331
12.26,86,1799.873568
10.19,109,1800.200866
9.74,114,1800.555189
10.46,106,1800.871477
11.9,90,1801.156737
9.83,113,1803.832176
9.92,112,1804.171485
10.91,101,1804.485771
9.74,114,1804.833088
11.18,98,1807.442466
9.65,115,1807.789783
9.65,115,1808.130094
11.72,92,1808.40134
11.81,91,1808.677592
10.01,111,1811.314996
10.19,109,1811.645297
11.18,98,1811.936563
10.1,110,1812.275872
12.17,87,1812.542115
11.81,91,1815.134478
10.19,109,1815.458773
4.16,176,1815.99226
9.65,115,1816.350586
11.27,97,1816.669878
0,200,1819.559512
9.83,113,1819.901823
11.72,92,1820.18408
10.37,107,1820.506374
9.83,113,1823.196826
9.65,115,1823.533133
12.08,88,1823.799376
10.19,109,1824.132679
9.74,114,1826.818127
9.92,112,1827.154434
11.99,89,1827.434689
10.01,111,1827.774999
9.74,114,1828.11431
11.63,93,1830.695662
9.65,115,1831.052988
9.38,118,1831.408311
11.99,89,1831.69157
10.1,110,1832.019869
9.2,120,1834.704316
9.02,122,1835.075654
10.28,108,1835.401953
9.2,120,1835.760278
10.73,103,1838.4167
10.01,111,1838.754007
9.83,113,1839.095318
12.08,88,1839.358558
12.26,86,1839.614791
11.0,100,1842.215162
0,200,1842.821714
9.02,122,1843.193053
11.0,100,1843.502334
9.11,121,1846.202797
11.27,97,1846.504071
10.01,111,1846.850387
9.56,116,1847.195701
11.27,97,1847.503982
11.72,92,1850.094344
10.37,107,1850.414635
10.01,111,1850.754946
11.9,90,1851.028194
10.19,109,1851.35249
10.1,110,1854.008912
2.81,191,1854.589441
11.81,91,1854.86269
12.17,87,1855.126931
2.54,194,1858.019567
9.74,114,1858.358877
9.56,116,1858.707194
9.47,117,1859.05451
10.46,106,1861.722943
12.08,88,1861.992188
11.0,100,1862.288458
9.83,113,1862.632772
10.46,106,1862.94906
11.45,95,1865.586464
9.92,112,1865.918767
0,200,1866.520315
11.81,91,1866.807577
12.08,88,1869.425964
10.46,106,1869.750259
9.83,113,1870.083563
9.65,115,1870.435884
10.01,111,1870.770189
12.35,85,1873.352543
8.75,125,1873.747903
0,200,1874.34745
10.46,106,1874.661736
9.38,118,1877.355191
11.72,92,1877.636448
11.99,89,1877.906694
10.19,109,1878.231991
9.02,122,1878.598325
12.17,87,1881.203699
9.2,120,1881.573036
11.54,94,1881.87331
8.75,125,1882.259661
10.28,108,1882.582957
11.63,93,1885.207348
10.46,106,1885.541653
11.63,93,1885.824912
10.37,107,1886.161218
9.56,116,1886.508534
10.1,110,1889.173964
10.46,106,1889.489251
12.08,88,1889.757496
11.9,90,1890.023738
10.19,109,1890.364049
9.83,113,1893.022472
9.74,114,1893.362782
9.74,114,1893.733119
10.37,107,1894.049409
9.92,112,1896.724847
11.09,99,1897.033127
9.65,115,1897.385449
9.83,113,1897.721755
9.65,115,1898.075077
9.56,116,1900.730498
8.48,128,1901.112846
9.83,113,1901.452155
9.74,114,1901.79747
11.27,97,1904.426867
10.19,109,1904.74916
10.1,110,1905.094475
10.1,110,1905.420773
9.92,112,1905.760082
9.56,116,1908.44553
10.19,109,1908.765822
12.08,88,1909.030062
9.65,115,1909.375377
11.99,89,1909.642621
12.08,88,1912.238988
9.92,112,1912.572291
9.65,115,1912.914603
9.11,121,1913.29495
11.81,91,1913.567199
10.01,111,1916.254648
8.93,123,1916.621983
11.0,100,1916.929262
9.92,112,1917.279582
3.53,183,1920.157205
9.74,114,1920.493512
10.55,105,1920.821818
9.65,115,1921.17213
9.74,114,1923.856577
11.99,89,1924.13483
11.63,93,1924.416087
11.45,95,1924.698344
9.56,116,1925.047662
8.84,124,1933.609467
10.28,108,1933.967793
10.19,109,1934.301097
9.02,122,1934.667431
9.74,114,1935.015748
10.19,109,1937.667165
11.18,98,1937.962434
10.28,108,1938.299742
9.65,115,1938.643054
10.19,109,1938.966349
12.08,88,1941.570723
11.54,94,1941.847976
10.91,101,1942.15926
12.08,88,1942.431508
10.91,101,1942.742791
11.99,89,1945.31914
10.19,109,1945.652444
10.46,106,1945.982744
11.99,89,1946.249989
9.92,112,1946.590298
10.1,110,1949.221697
9.92,112,1949.564009
11.81,91,1949.833254
9.83,113,1950.173565
9.65,115,1950.515877
9.92,112,1953.18531
10.01,111,1953.533627
10.37,107,1953.850916
11.27,97,1954.172209
9.74,114,1954.51352
10.19,109,1957.15693
10.82,102,1957.473218
11.99,89,1957.742464
10.28,108,1958.075768
11.63,93,1958.377042
9.83,113,1961.037467
11.09,99,1961.332736
10.28,108,1961.664038
9.47,117,1962.023365
10.91,101,1964.677785
10.28,108,1965.00108
8.93,123,1965.367414
9.83,113,1965.711729
11.72,92,1965.989981
10.19,109,1968.68744
10.01,111,1969.016739
10.01,111,1969.347041
9.47,117,1969.700363
10.28,108,1970.02666
10.37,107,1972.688086
10.46,106,1973.009379
11.0,100,1973.308652
11.63,93,1973.586906
9.92,112,1973.923212
9.38,118,1976.60866
10.28,108,1976.92695
9.83,113,1977.269262
10.28,108,1977.620582
12.17,87,1980.232963
10.01,111,1980.562263
10.1,110,1980.88756
9.56,116,1981.262902
9.92,112,1981.595205
12.26,86,1984.157541
11.63,93,1984.449807
11.99,89,1984.713048
9.92,112,1985.050354
12.17,87,1985.310592
9.83,113,1987.943992
12.08,88,1988.218242
9.47,117,1988.576569
9.65,115,1988.921884
9.56,116,1989.267198
9.38,118,1991.931627
12.08,88,1992.19787
11.18,98,1992.492138
10.01,111,1992.829445
9.92,112,1993.168755
11.63,93,1995.772127
10.19,109,1996.099426
10.28,108,1996.430727
9.74,114,1996.777043
10.19,109,1997.108345
9.92,112,1999.772774
10.01,111,2000.107079
11.81,91,2000.377324
9.29,119,2000.736652
10.01,111,2003.37806
9.83,113,2003.71837
9.92,112,2004.056679
9.92,112,2004.388981
9.56,116,2004.761321
10.1,110,2007.408734
11.9,90,2007.683985
10.01,111,2008.039309
11.09,99,2008.356598
10.1,110,2008.686899
11.63,93,2011.31029
0,200,2011.922848
10.46,106,2012.247144
10.1,110,2012.577445
10.55,105,2015.243876
10.37,107,2015.566169
9.92,112,2015.905479
10.19,109,2016.23578
10.19,109,2016.569083
10.28,108,2019.219499
9.83,113,2019.564814
11.72,92,2019.838063
11.0,100,2020.139338
10.1,110,2020.463633
11.99,89,2023.059
0,200,2023.67456
10.46,106,2024.009866
0,200,2026.928526
10.19,109,2027.25082
10.19,109,2027.577117
10.37,107,2027.908419
10.1,110,2030.548826
11.18,98,2030.841092
9.47,117,2031.194414
11.0,100,2031.494688
12.26,86,2031.766937
10.1,110,2032.098238
12.17,87,2034.716625
3.08,188,2035.295152
11.0,100,2035.590421
9.47,117,2035.939739
10.1,110,2038.624187
11.81,91,2038.903441
10.01,111,2039.245753
9.92,112,2039.576054
9.65,115,2042.247489
9.56,116,2042.597809
9.83,113,2042.933114
10.28,108,2043.263415
12.08,88,2043.538666
9.74,114,2046.213104
9.65,115,2046.56042
10.55,105,2046.882715
9.83,113,2047.244043
9.83,113,2047.585354
12.17,87,2050.187726
11.9,90,2050.45497
10.28,108,2050.774261
10.01,111,2051.105563
11.99,89,2051.370805
11.0,100,2053.980183
10.28,108,2054.315489
11.9,90,2054.584734
9.29,119,2054.968084
3.17,187,2057.859719
10.19,109,2058.18902
9.65,115,2058.545345
9.74,114,2058.893662
4.16,176,2061.756271
10.01,111,2062.098583
10.64,104,2062.407865
10.19,109,2062.741169
10.1,110,2063.064464
10.28,108,2065.758919
10.28,108,2066.077209
10.37,107,2066.401506
10.28,108,2066.721797
9.38,118,2067.092134
10.46,106,2069.747555
10.01,111,2070.08186
11.63,93,2070.357111
9.47,117,2070.705428
11.27,97,2073.312805
10.28,108,2073.649111
10.37,107,2073.975409
11.09,99,2074.269677
10.01,111,2074.613991
10.73,103,2077.232377
10.1,110,2077.573689
0,200,2078.192253
11.99,89,2078.475512
10.28,108,2081.119921
10.19,109,2081.444218
12.26,86,2081.699449
10.01,111,2082.042762
10.01,111,2082.373063
11.81,91,2084.973433
10.46,106,2085.303735
11.81,91,2085.570978
12.08,88,2085.835219
9.83,113,2086.174528
10.01,111,2088.801923
9.74,114,2089.165254
10.19,109,2089.506565
11.81,91,2089.780815
10.1,110,2090.116121
10.19,109,2092.726501
12.08,88,2092.990741
9.56,116,2093.337056
9.83,113,2093.686375
0,200,2096.647074
9.83,113,2096.98238
9.38,118,2097.340706
9.92,112,2097.682017
10.01,111,2098.015321
11.36,96,2100.598677
10.19,109,2100.920969
2.0,200,2101.515511
10.19,109,2101.856822
10.46,106,2104.484217
10.37,107,2104.812516
10.37,107,2105.135811
9.47,117,2105.505148
10.37,107,2108.157566
10.19,109,2108.483863
10.19,109,2108.845192
9.74,114,2109.214529
10.28,108,2109.554839
9.74,114,2112.27632
10.01,111,2112.608623
11.36,96,2112.90189
9.56,116,2113.262218
10.01,111,2113.597524
11.45,95,2116.195892
10.55,105,2116.506175
9.74,114,2116.854493
11.36,96,2117.148761
10.1,110,2117.485067
9.83,113,2120.13248
10.37,107,2120.451771
9.92,112,2120.792082
9.83,113,2121.13039
10.19,109,2123.778804
11.9,90,2124.055056
10.1,110,2124.391362
11.81,91,2124.666614
9.65,115,2125.017933
12.08,88,2133.51668
10.01,111,2133.874005
9.74,114,2134.217319
11.45,95,2134.50458
9.92,112,2134.84389
9.65,115,2137.514324
3.17,187,2138.079839
11.99,89,2138.34408
11.72,92,2138.620332
12.08,88,2138.893581
9.92,112,2141.576026
10.1,110,2141.905327
11.36,96,2142.19459
12.17,87,2142.461834
9.47,117,2142.832171
10.37,107,2145.464571
11.99,89,2145.755836
10.19,109,2146.083134
11.36,96,2146.367393
9.92,112,2146.7037
10.01,111,2149.365126
10.19,109,2149.692424
10.28,108,2150.032734
11.54,94,2150.315993
11.45,95,2152.919366
10.01,111,2153.251668
11.0,100,2153.555946
8.57,127,2153.936294
10.91,101,2154.246575
11.9,90,2156.852951
9.29,119,2157.212278
10.37,107,2157.534572
10.37,107,2157.867876
12.08,88,2158.143127
12.08,88,2160.716472
9.83,113,2161.052779
2.9,190,2161.620296
10.01,111,2161.967613
10.01,111,2164.633042
11.18,98,2164.92631
12.35,85,2165.191551
11.99,89,2165.462799
10.01,111,2165.7941
11.54,94,2166.085366
10.82,102,2168.698748
10.19,109,2169.037057
11.99,89,2169.32632
9.83,113,2169.680644
10.01,111,2172.315044
10.01,111,2172.646346
9.92,112,2172.997666
9.92,112,2173.327968
9.65,115,2173.680289
12.17,87,2176.257638
12.08,88,2176.517875
10.46,106,2176.832162
10.37,107,2177.151453
11.63,93,2177.435712
10.37,107,2180.092134
12.17,87,2180.367384
10.1,110,2180.691679
10.01,111,2181.023983
11.9,90,2181.291226
10.1,110,2183.929631
10.19,109,2184.261934
10.46,106,2184.591234
11.99,89,2184.864483
10.01,111,2185.20079
9.74,114,2187.849204
9.83,113,2188.196521
10.64,104,2188.527822
10.91,101,2188.830098
10.46,106,2189.152392
12.26,86,2191.731743
9.38,118,2192.092071
9.74,114,2192.43138
10.28,108,2192.753674
10.82,102,2193.070963
10.37,107,2195.715374
11.81,91,2195.986621
11.81,91,2196.275885
11.36,96,2196.559143
10.37,107,2196.876432
10.37,107,2199.532853
10.73,103,2199.84714
10.28,108,2200.171435
11.99,89,2200.4607
10.19,109,2200.787997
11.72,92,2203.38036
12.08,88,2203.641598
9.65,115,2204.007932
0,200,2204.610481
12.17,87,2207.204846
11.36,96,2207.498113
10.01,111,2207.83442
10.1,110,2208.17373
10.1,110,2208.506032
10.19,109,2211.144437
12.08,88,2211.407677
10.1,110,2211.73998
3.44,184,2212.291482
12.17,87,2212.548717
9.83,113,2215.205139
10.01,111,2215.53644
10.01,111,2215.874748
11.63,93,2216.149999
10.28,108,2218.829442
11.81,91,2219.106694
12.17,87,2219.377942
12.35,85,2219.645186
9.83,113,2219.992502
10.01,111,2220.331811
2.72,192,2223.243465
10.64,104,2223.561756
11.36,96,2223.853021
10.82,102,2224.173313
9.47,117,2226.83574
12.08,88,2227.101983
9.65,115,2227.447297
12.08,88,2227.71354
12.26,86,2227.972776
11.09,99,2230.651217
11.99,89,2230.919462
10.19,109,2231.243758
10.19,109,2231.569054
3.17,187,2234.46169
10.37,107,2234.794995
10.37,107,2235.132302
11.45,95,2235.413558
11.9,90,2235.682803
11.99,89,2238.277168
11.99,89,2238.557423
11.9,90,2238.834676
10.91,101,2239.142957
10.37,107,2239.473259
12.08,88,2239.745508
10.1,110,2242.438961
9.92,112,2242.770264
9.92,112,2243.108572
9.83,113,2243.462895
9.74,114,2246.141336
11.63,93,2246.420591
10.1,110,2246.763904
10.1,110,2247.091202
10.46,106,2247.405489
11.81,91,2250.022874
10.82,102,2250.33616
10.19,109,2250.670465
10.46,106,2251.000766
10.37,107,2251.32406
12.17,87,2253.944449
9.92,112,2254.298772
10.46,106,2254.61506
10.1,110,2254.949365
10.19,109,2255.285671
11.09,99,2257.916069
10.82,102,2258.233358
3.89,179,2258.815889
11.9,90,2259.084134
10.01,111,2261.799609
9.56,116,2262.138918
10.19,109,2262.467218
9.92,112,2262.81053
11.9,90,2263.076773
10.28,108,2265.720182
10.19,109,2266.049482
11.9,90,2266.323732
9.47,117,2266.681058
10.1,110,2267.045391
10.1,110,2269.7989
9.2,120,2270.184251
11.81,91,2270.461504
10.19,109,2270.795809
9.56,116,2271.15914
9.83,113,2273.830575
10.1,110,2274.161877
10.37,107,2274.490176
12.08,88,2274.753416
