#{"t_start": 1595339076.6615803, "env_id": "AntPyBulletEnv-v0"}
r,l,t
307.110057,1000,5.787261
264.775241,1000,62.395831
338.076159,1000,96.045419
308.93296,1000,129.868164
22.390242,117,159.75233
341.153654,1000,164.079263
267.656399,1000,197.670732
205.202184,663,229.965087
32.94608,121,230.491566
384.310092,1000,264.222228
1.816601,36,264.374366
338.880709,1000,297.859247
346.532154,1000,331.074933
353.545683,1000,364.470715
352.670076,1000,374.137502
334.831248,1000,383.710204
381.009014,1000,393.307929
316.693616,1000,402.986727
272.240754,1000,412.576444
199.126282,1000,422.080083
250.900179,1000,431.631765
335.850807,1000,441.188452
271.016913,1000,450.728124
298.012872,1000,460.254784
327.808677,1000,469.807355
370.798626,1000,479.405941
283.705929,1000,488.923134
367.579084,1000,498.481822
317.399225,1000,507.976453
303.974588,1000,517.472688
281.744206,1000,526.999223
320.723422,1000,536.580339
237.392705,1000,546.149037
305.28824,1000,555.671693
346.201736,1000,565.189345
349.235608,1000,574.748034
256.122739,1000,584.492892
222.876906,1000,594.005539
294.672996,1000,603.526193
260.834046,1000,613.110906
270.814068,1000,622.69662
287.960649,1000,632.187247
203.700664,1000,641.708902
325.52648,1000,645.873688
347.775201,1000,655.412359
329.518662,1000,664.93001
314.754895,1000,674.422639
277.131304,1000,683.964313
364.08474,1000,693.456942
282.850342,1000,702.943565
311.425726,1000,712.580739
270.104868,1000,722.204487
253.654053,1000,731.750259
115.28791,1000,741.268911
299.609752,1000,750.742523
301.023136,1000,783.360173
209.138582,1000,792.978918
312.155971,1000,802.588653
302.391115,1000,812.125322
276.27651,1000,821.706031
330.81221,1000,831.184647
317.709412,1000,840.711307
311.332124,1000,850.178913
291.943605,1000,859.670428
309.097286,1000,869.241459
257.978825,1000,878.876719
323.220269,1000,888.445922
311.662817,1000,898.040476
322.204566,1000,907.491874
217.173936,1000,917.115603
336.75871,1000,926.724338
298.466897,1000,936.271961
298.69282,1000,945.967647
439.124044,1000,955.460276
323.822688,1000,964.977928
333.813841,1000,974.611685
336.856877,1000,984.137344
492.862704,1000,993.636979
298.130771,1000,1003.183657
273.976358,1000,1012.677287
302.554327,1000,1022.134884
221.99976,1000,1031.679437
277.673605,1000,1041.207097
351.766227,1000,1050.762784
265.0125,1000,1060.462601
398.928884,1000,1064.618378
366.807539,1000,1074.119015
390.074794,1000,1083.720419
502.144805,1000,1093.222056
290.514279,1000,1102.813775
250.550069,1000,1112.369462
243.650259,1000,1121.977549
365.888061,1000,1131.496202
322.413979,1000,1141.008849
340.208691,1000,1150.541514
330.430552,1000,1160.048156
315.379059,1000,1169.630867
377.705673,1000,1179.371722
395.816575,1000,1188.953431
352.654908,1000,1198.546151
319.958319,1000,1208.174392
313.441442,1000,1217.733081
392.141931,1000,1227.283763
368.700283,1000,1236.863471
279.400059,1000,1246.454189
370.567203,1000,1256.061923
372.807397,1000,1288.91926
365.678017,1000,1298.535001
212.578089,1000,1308.071641
269.398558,1000,1317.582287
445.168846,1000,1327.250075
216.150901,1000,1336.86982
210.897706,1000,1346.388473
218.6934,1000,1356.019227
250.600444,1000,1365.533496
525.146599,1000,1375.037135
201.750446,1000,1384.713931
333.471359,1000,1394.400172
180.619257,1000,1403.928834
252.436901,1000,1413.476512
231.024242,1000,1422.990161
212.882037,1000,1432.542844
264.498561,1000,1442.156583
248.253914,1000,1451.689249
303.827168,1000,1461.216602
356.917541,1000,1470.735255
442.438855,1000,1480.329172
286.257051,1000,1489.991261
332.300026,1000,1494.20309
336.725358,1000,1503.754772
367.356262,1000,1513.231387
464.579263,1000,1522.787037
360.309245,1000,1532.409448
370.826506,1000,1541.922891
343.618617,1000,1551.500436
272.967164,1000,1561.190726
496.180559,1000,1570.621299
396.534418,1000,1580.17098
392.883912,1000,1589.759696
321.143512,1000,1599.249322
438.831931,1000,1608.828029
357.686102,1000,1618.388721
425.91668,1000,1628.003369
290.701187,1000,1637.52999
288.838158,1000,1647.017993
435.562686,1000,1656.559666
355.592331,1000,1666.037282
398.22084,1000,1675.657026
388.918112,1000,1685.241739
493.861747,1000,1694.89151
516.598478,1000,1704.443193
325.746097,1000,1713.90079
341.803437,1000,1723.4825
514.160431,1000,1733.069433
477.957984,1000,1742.674226
408.896678,1000,1752.219903
482.081316,1000,1761.693515
380.270053,1000,1794.340792
556.76863,1000,1803.841428
557.647037,1000,1813.527233
621.798806,1000,1823.004848
492.77025,1000,1832.567733
400.469008,1000,1842.103401
516.053748,1000,1851.740053
552.065035,1000,1861.42786
471.012904,1000,1870.952518
478.618397,1000,1880.543149
434.023242,1000,1890.096364
466.558536,1000,1899.68408
348.345645,1000,1909.237764
480.935484,1000,1918.916836
571.294547,1000,1923.072614
563.889509,1000,1932.58326
548.88132,1000,1942.118927
511.505423,1000,1951.680619
598.095532,1000,1961.232302
373.279483,1000,1970.836032
595.97204,1000,1980.400726
569.153379,1000,1989.952409
548.390752,1000,1999.516102
652.063443,1000,2009.093809
601.013476,1000,2018.626474
642.783437,1000,2028.126109
284.97922,1000,2037.654771
513.986063,1000,2047.19722
472.456568,1000,2056.728884
477.492726,1000,2066.347628
666.13923,1000,2076.224606
638.418484,1000,2085.902389
443.812117,1000,2095.476092
449.942251,1000,2105.07784
493.676918,1000,2114.646539
360.837488,1000,2124.089122
557.935811,1000,2133.661925
512.11513,1000,2143.288501
589.677547,1000,2152.810156
483.850247,1000,2162.338818
544.834282,1000,2171.798417
581.845411,1000,2181.27403
500.823531,1000,2190.766659
609.686026,1000,2200.345366
497.655746,1000,2210.026166
604.775508,1000,2219.489769
477.523869,1000,2229.014427
520.829038,1000,2238.580122
557.837947,1000,2248.055736
624.655446,1000,2257.592405
693.507487,1000,2267.108054
421.23335,1000,2299.704685
502.602354,1000,2309.309416
526.393679,1000,2318.890125
514.048429,1000,2328.341717
508.777583,1000,2337.845356
572.966028,1000,2341.969104
546.556184,1000,2351.489759
578.946818,1000,2360.979385
487.894121,1000,2370.630157
492.119145,1000,2380.20386
567.970429,1000,2389.75254
537.484011,1000,2399.239163
496.615812,1000,2408.779836
531.835607,1000,2418.292483
541.358772,1000,2427.876195
541.486506,1000,2437.405858
508.971877,1000,2446.96855
448.95698,1000,2456.475192
525.131025,1000,2466.04389
489.614586,1000,2475.54953
291.485499,1000,2485.147255
479.507235,1000,2494.691931
557.546151,1000,2504.279646
579.22288,1000,2513.841338
539.624296,1000,2523.308944
562.332616,1000,2532.876642
550.491966,1000,2542.374275
567.056194,1000,2551.795839
523.109697,1000,2561.276457
486.044574,1000,2570.816129
544.291385,1000,2580.369813
553.881276,1000,2589.913489
466.939927,1000,2599.391104
509.414077,1000,2608.906754
553.111478,1000,2618.433414
470.431519,1000,2627.998108
548.726102,1000,2637.481729
513.092962,1000,2647.047424
508.824976,1000,2656.541054
562.551478,1000,2666.057705
444.924715,1000,2675.673446
337.603683,1000,2685.169077
495.903243,1000,2694.7648
500.884015,1000,2704.249422
560.859727,1000,2713.794098
493.101155,1000,2723.344779
458.131464,1000,2732.907472
371.861854,1000,2742.495188
406.941982,1000,2746.675988
595.424073,1000,2756.10556
497.542042,1000,2765.565159
528.030184,1000,2775.031764
574.81982,1000,2807.614382
452.36482,1000,2817.164062
488.589279,1000,2826.814835
472.117912,1000,2836.394543
541.626135,1000,2846.023296
557.323617,1000,2855.654051
385.830614,1000,2865.163695
626.035237,1000,2874.519199
661.594441,1000,2883.955777
586.674554,1000,2893.358324
537.779016,1000,2902.72684
562.565906,1000,2912.150406
422.004455,1000,2921.627021
462.290264,1000,2931.029568
549.771377,1000,2940.419103
495.522968,1000,2949.989803
314.277196,1000,2959.342304
541.81272,1000,2968.814915
462.066305,1000,2978.387617
320.327893,1000,2987.818189
477.310284,1000,2997.192711
473.613456,1000,3006.621282
465.415258,1000,3016.051854
653.542056,1000,3025.422372
558.007574,1000,3034.808905
347.364117,1000,3044.223462
519.543684,1000,3053.547938
519.497889,1000,3063.171687
628.16055,1000,3072.657309
339.344672,1000,3082.289065
523.30535,1000,3092.674505
535.743547,1000,3103.215087
598.081892,1000,3113.64757
608.392212,1000,3124.099071
444.953727,1000,3134.53856
486.586208,1000,3144.938013
616.170044,1000,3155.305437
864.600405,1000,3165.206438
509.511474,1000,3174.655027
574.621465,1000,3179.272224
643.838652,1000,3189.670676
512.827078,1000,3199.943014
728.924861,1000,3210.212348
492.755029,1000,3220.491693
743.333142,1000,3230.678953
770.445296,1000,3240.796149
512.865428,1000,3250.514984
749.722116,1000,3259.835456
743.238935,1000,3269.19997
590.391799,1000,3278.550469
798.62305,1000,3287.916983
786.244307,1000,3320.128264
766.912003,1000,3329.610883
800.032886,1000,3339.039454
848.891258,1000,3348.517069
628.484569,1000,3357.993684
740.897701,1000,3367.38422
653.889454,1000,3376.830807
665.956741,1000,3386.155283
616.664507,1000,3395.462744
537.321243,1000,3404.779212
601.232112,1000,3414.223798
554.631912,1000,3423.697409
560.437296,1000,3433.19204
737.546247,1000,3442.634624
482.083424,1000,3452.066197
717.382003,1000,3461.515787
564.431733,1000,3470.963375
422.336783,1000,3480.401954
458.965972,1000,3489.733437
555.975362,1000,3499.026885
583.267895,1000,3508.421424
423.722316,1000,3517.737893
627.028099,1000,3527.10741
588.740051,1000,3536.46892
724.03005,1000,3545.850448
439.914625,1000,3555.245989
498.119749,1000,3564.597489
611.371361,1000,3573.992029
554.568517,1000,3583.415595
584.288884,1000,3592.8812
608.90755,1000,3597.005949
696.619121,1000,3606.516594
753.361846,1000,3615.798031
564.110789,1000,3625.230606
450.519446,1000,3634.741251
553.304467,1000,3644.084744
756.397097,1000,3653.521322
655.005251,1000,3662.995935
701.32537,1000,3672.368454
739.960163,1000,3681.722958
545.906977,1000,3691.084476
693.003784,1000,3700.434967
729.245796,1000,3709.784468
594.092515,1000,3719.247068
526.14622,1000,3728.66663
574.521283,1000,3738.076184
665.177971,1000,3747.467721
712.232152,1000,3756.990377
599.492635,1000,3766.396928
523.105744,1000,3775.808483
640.227475,1000,3785.322131
603.190368,1000,3817.215122
608.682655,1000,3826.64069
627.590479,1000,3835.951153
722.745613,1000,3845.406748
682.722484,1000,3854.772262
723.693663,1000,3864.127766
685.467743,1000,3873.459249
556.60412,1000,3883.068984
640.707143,1000,3892.471531
723.935973,1000,3901.85406
502.737188,1000,3911.221575
624.075563,1000,3920.527034
630.476285,1000,3929.897552
683.43371,1000,3939.223029
485.054046,1000,3948.639589
560.38534,1000,3958.114201
601.534632,1000,3967.502735
553.891542,1000,3976.939313
549.551859,1000,3986.288812
640.131147,1000,3995.679348
737.76983,1000,4005.105917
706.965966,1000,4014.455416
447.739822,1000,4018.608191
881.472196,1000,4028.047772
855.668852,1000,4037.471338
592.58276,1000,4046.87989
368.423026,1000,4056.257415
628.09796,1000,4065.693993
847.01464,1000,4075.105548
623.232929,1000,4084.575156
694.945858,1000,4093.990715
682.347174,1000,4103.293171
839.429917,1000,4112.711732
705.656395,1000,4122.077246
567.508941,1000,4131.470785
661.866647,1000,4140.848309
544.772488,1000,4150.403995
716.302735,1000,4159.710455
547.387657,1000,4169.208088
642.563951,1000,4178.646668
667.571214,1000,4188.056221
522.985218,1000,4197.399715
451.52926,1000,4206.917367
654.997924,1000,4216.338931
521.153828,1000,4225.735473
707.752573,1000,4235.07296
697.638574,1000,4244.529557
575.05591,1000,4253.962131
868.099977,1000,4263.35567
704.425404,1000,4272.724186
547.241905,1000,4282.102711
393.574958,1000,4314.076776
473.645306,1000,4323.517358
546.794991,1000,4332.904891
567.770693,1000,4342.288421
455.810489,1000,4351.668948
659.976889,1000,4361.213624
618.538242,1000,4370.675225
382.893867,1000,4380.166852
666.439001,1000,4389.632457
810.813581,1000,4399.028998
532.471949,1000,4408.607706
379.064542,1000,4418.144375
611.024476,1000,4427.507886
734.237494,1000,4436.880406
528.138893,1000,4440.90006
464.945686,1000,4450.261569
777.871169,1000,4459.698147
556.325193,1000,4469.098693
762.994072,1000,4478.463205
749.417842,1000,4487.853741
583.075154,1000,4497.198236
698.148068,1000,4506.495687
686.631994,1000,4515.778125
539.162445,1000,4525.1016
719.403317,1000,4534.433347
693.321509,1000,4543.828449
496.563294,1000,4553.247283
474.830011,1000,4562.732905
642.650033,1000,4572.132449
684.051716,1000,4581.543892
513.085705,1000,4590.961088
467.115779,1000,4600.362634
707.497183,1000,4609.668092
750.856311,1000,4619.145708
822.956254,1000,4628.530239
731.514294,1000,4637.910766
621.19631,1000,4647.300301
533.065371,1000,4656.915041
577.216053,1000,4666.435695
774.974863,1000,4675.834239
617.464448,1000,4685.207759
585.106162,1000,4694.600297
436.213469,1000,4704.006848
650.261315,1000,4713.440423
682.181224,1000,4722.78792
651.002515,1000,4732.241822
608.934019,1000,4741.608337
769.910411,1000,4751.043914
749.293913,1000,4760.36839
725.499611,1000,4769.804968
745.565127,1000,4779.184494
717.460285,1000,4811.244637
738.818215,1000,4820.649185
740.644395,1000,4830.035718
506.637927,1000,4839.45428
712.49053,1000,4848.859829
739.441939,1000,4852.937536
501.392065,1000,4862.310056
610.327998,1000,4871.817698
646.552317,1000,4881.268289
423.42404,1000,4890.711874
531.309479,1000,4900.136441
685.074121,1000,4909.471927
730.712035,1000,4918.937531
444.285159,1000,4928.359095
442.366015,1000,4937.763644
747.349023,1000,4947.103134
422.055887,1000,4956.529703
653.592822,1000,4965.93225
717.574935,1000,4975.284751
644.178718,1000,4984.74974
746.366927,1000,4994.179312
687.799895,1000,5003.556836
649.682739,1000,5012.924351
618.221772,1000,5022.26284
497.391724,1000,5031.686406
904.012115,1000,5041.208061
727.391114,1000,5050.658652
732.081909,1000,5060.001145
837.4843,1000,5069.427713
702.408382,1000,5078.96238
483.131419,1000,5088.460014
534.242917,1000,5097.812515
754.330425,1000,5107.204265
699.912988,1000,5116.620824
705.833465,1000,5126.052398
652.35398,1000,5135.388885
636.771826,1000,5144.775417
617.859393,1000,5154.191977
718.560156,1000,5163.560493
649.952183,1000,5173.006079
720.702843,1000,5182.393613
518.662585,1000,5191.696069
812.518963,1000,5201.081601
761.61393,1000,5210.508169
717.647616,1000,5219.919725
712.935062,1000,5229.289242
674.695669,1000,5238.567676
626.557198,1000,5247.886147
715.146848,1000,5251.926819
754.24051,1000,5261.451478
807.793375,1000,5270.90407
660.916956,1000,5280.326635
689.616909,1000,5312.43282
666.693496,1000,5321.856386
653.011856,1000,5331.26594
669.231186,1000,5340.615438
677.543194,1000,5350.091052
643.938355,1000,5359.554655
656.328039,1000,5369.08732
717.292765,1000,5378.535909
611.015088,1000,5387.974488
685.564896,1000,5397.339001
647.688082,1000,5406.769574
642.851472,1000,5416.231174
667.624809,1000,5425.722802
715.192439,1000,5435.215431
704.964379,1000,5444.684038
715.760877,1000,5454.136631
495.716857,1000,5463.594228
722.103225,1000,5473.096866
727.692957,1000,5482.457375
549.154945,1000,5491.805873
715.743279,1000,5501.222432
559.556748,1000,5510.664015
714.919555,1000,5520.210693
681.498629,1000,5529.630255
757.787744,1000,5539.069836
639.386224,1000,5548.461373
649.818349,1000,5557.938988
688.321163,1000,5567.312509
603.19425,1000,5576.778114
659.07588,1000,5586.228704
684.690586,1000,5595.541169
472.953061,1000,5604.977748
703.402965,1000,5614.256181
742.724452,1000,5623.653724
742.982035,1000,5633.00022
660.519926,1000,5642.483841
661.634432,1000,5651.889711
571.417722,1000,5661.313277
702.26067,1000,5670.784887
780.991025,1000,5674.950674
692.156253,1000,5684.388253
692.374083,1000,5693.876878
666.91272,1000,5703.297441
642.974535,1000,5712.705994
763.508541,1000,5722.099533
716.736891,1000,5731.457511
714.304482,1000,5740.825027
720.193523,1000,5750.197631
746.003608,1000,5759.566147
818.539893,1000,5768.939667
699.846382,1000,5778.286744
792.913891,1000,5810.024261
779.21058,1000,5819.536042
803.126048,1000,5828.889545
767.480265,1000,5838.392334
728.671535,1000,5847.785362
772.284358,1000,5857.150341
653.436397,1000,5866.640968
559.828085,1000,5876.063534
719.153619,1000,5885.551158
683.171743,1000,5894.973723
604.070722,1000,5904.378272
771.490225,1000,5913.7598
643.250904,1000,5923.18737
660.244071,1000,5932.636423
698.337321,1000,5941.976851
699.166162,1000,5951.409827
797.859724,1000,5960.8414
727.365309,1000,5970.381371
772.143333,1000,5979.779916
668.068016,1000,5989.320588
589.322244,1000,5998.803207
818.059351,1000,6008.102661
751.3626,1000,6017.621314
708.052072,1000,6027.058892
756.387234,1000,6036.47245
615.25778,1000,6045.940056
739.682509,1000,6055.359618
690.813917,1000,6064.907297
729.246743,1000,6074.306841
682.743255,1000,6083.783456
723.723386,1000,6087.84715
764.450531,1000,6097.232681
482.191605,1000,6106.658249
813.623262,1000,6116.160887
805.463093,1000,6125.543416
893.053163,1000,6134.951968
673.904829,1000,6144.377537
722.60683,1000,6153.691003
752.22867,1000,6163.156607
754.500165,1000,6172.53313
764.527821,1000,6182.304012
841.523872,1000,6191.889726
838.303856,1000,6201.284266
880.405202,1000,6210.796913
531.970965,1000,6220.17744
875.632875,1000,6229.604009
867.842277,1000,6239.009558
835.275488,1000,6248.388083
827.998576,1000,6257.801641
801.764068,1000,6267.137127
755.611463,1000,6276.575706
560.339719,1000,6308.539762
751.743823,1000,6317.915285
855.408391,1000,6327.325839
783.482294,1000,6336.764419
776.227379,1000,6346.106911
772.358387,1000,6355.491442
778.105082,1000,6364.876973
701.365723,1000,6374.270512
915.249276,1000,6383.700084
701.844467,1000,6393.059592
852.365439,1000,6402.449127
832.916646,1000,6411.903721
791.048626,1000,6421.337296
636.276623,1000,6430.906996
758.34301,1000,6440.202445
861.785616,1000,6449.548941
728.621234,1000,6459.090615
702.782089,1000,6468.536201
714.843885,1000,6477.850668
791.291682,1000,6487.253215
499.206412,1000,6496.710812
694.255861,1000,6506.064315
755.150662,1000,6510.104988
835.814161,1000,6519.511539
734.683255,1000,6528.937106
690.025782,1000,6538.34666
743.206169,1000,6547.811263
799.816311,1000,6557.155757
835.327707,1000,6566.574319
722.836878,1000,6575.954846
879.689261,1000,6585.386419
798.854013,1000,6594.819994
822.833715,1000,6604.199521
894.27697,1000,6613.646108
741.254186,1000,6623.012622
689.524124,1000,6632.380137
655.566393,1000,6641.73464
742.269464,1000,6651.218261
792.192683,1000,6660.646832
733.888341,1000,6670.056386
772.15422,1000,6679.481953
875.277484,1000,6688.859478
677.112901,1000,6698.221988
646.683869,1000,6707.661569
886.989348,1000,6717.11216
655.791468,1000,6726.810976
774.682172,1000,6736.717982
996.222372,1000,6746.146552
835.398565,1000,6755.568117
810.119872,1000,6765.183857
716.966349,1000,6774.474303
757.114202,1000,6806.097048
729.748093,1000,6815.313426
850.556256,1000,6824.665928
748.010262,1000,6834.036445
671.035414,1000,6843.558101
483.496839,1000,6852.986672
812.004585,1000,6862.320156
765.225976,1000,6871.676735
812.574953,1000,6881.111311
768.905478,1000,6890.428781
950.535864,1000,6899.720227
814.55118,1000,6909.25089
508.986118,1000,6918.654438
830.368749,1000,6927.921862
618.29222,1000,6932.004574
936.968175,1000,6941.309032
824.241647,1000,6950.650523
698.227776,1000,6960.056073
806.896323,1000,6969.34952
960.733702,1000,6978.7871
814.78948,1000,6988.136598
796.367551,1000,6997.497108
465.657957,1000,7006.895651
780.603437,1000,7016.25716
914.950234,1000,7025.592647
785.670003,1000,7035.066258
916.099502,1000,7044.436776
809.826437,1000,7053.764255
462.10335,1000,7063.099741
758.116264,1000,7072.455245
688.664434,1000,7081.78873
736.050827,1000,7091.209292
731.820445,1000,7100.471713
790.740572,1000,7109.779173
969.32519,1000,7119.13768
680.575445,1000,7128.470163
720.403248,1000,7137.801646
571.161636,1000,7147.218206
698.548653,1000,7156.570707
884.622183,1000,7165.941225
839.97466,1000,7175.282717
933.541013,1000,7184.620204
787.628111,1000,7193.865609
596.038985,1000,7203.161058
708.673264,1000,7212.510557
546.591628,1000,7221.987172
765.285011,1000,7231.262603
572.911729,1000,7240.623112
660.885962,1000,7250.094722
713.807685,1000,7259.544312
660.07842,1000,7269.030935
725.324849,1000,7301.186165
845.735398,1000,7310.644763
653.495705,1000,7320.029294
721.586748,1000,7329.407818
934.241237,1000,7338.748309
833.009703,1000,7342.852039
653.406426,1000,7352.339664
734.332344,1000,7361.863321
694.377956,1000,7371.237842
659.838975,1000,7380.692437
702.495515,1000,7390.186066
517.338402,1000,7399.530561
797.759954,1000,7408.820005
688.796634,1000,7418.223553
657.373923,1000,7427.590067
715.461792,1000,7437.004625
401.979473,1000,7446.368137
641.956885,1000,7455.762677
695.475394,1000,7465.184241
719.73615,1000,7474.551756
547.021295,1000,7483.902256
529.354574,1000,7493.368861
794.518043,1000,7502.703346
642.718671,1000,7511.951753
625.337373,1000,7521.280233
676.06787,1000,7530.706802
731.24768,1000,7540.04429
109.251966,132,7540.564763
611.196308,1000,7549.965308
686.598487,1000,7559.275771
697.824004,1000,7568.728364
631.408796,1000,7578.147927
635.232017,1000,7587.565487
734.223813,1000,7597.047106
717.87513,1000,7606.416623
707.06395,1000,7615.79715
862.819873,1000,7625.207704
682.076754,1000,7634.584228
660.152573,1000,7643.953745
683.709749,1000,7653.405336
736.535402,1000,7662.871942
703.654226,1000,7672.214434
748.373257,1000,7681.541913
746.806395,1000,7690.85638
584.619545,1000,7700.165842
835.141847,1000,7709.517343
664.920146,1000,7719.065953
686.229914,1000,7728.421457
795.12278,1000,7737.900073
675.460199,1000,7747.241078
697.236826,1000,7756.740054
701.098716,1000,7766.225665
715.991365,1000,7798.032018
662.173397,1000,7807.448578
620.401108,1000,7811.44421
562.769927,1000,7820.790706
673.355315,1000,7830.085155
697.158471,1000,7839.461678
667.65268,1000,7848.827192
745.315367,1000,7858.186699
682.337425,1000,7867.489155
665.297441,1000,7876.830647
828.717019,1000,7886.265223
615.44256,1000,7895.714813
878.741421,1000,7905.044294
702.424968,1000,7914.481872
483.402884,1000,7923.911444
584.776449,1000,7933.388058
629.6314,1000,7942.776592
701.898144,1000,7952.208166
705.774207,1000,7961.537647
793.785294,1000,7970.872132
837.128912,1000,7980.017445
928.104409,1000,7989.258846
438.774642,1000,7998.431183
750.320104,1000,8007.670582
672.610738,1000,8016.836915
649.187294,1000,8026.18341
657.418468,1000,8035.425812
579.099556,1000,8044.660206
671.120513,1000,8053.835547
655.561375,1000,8063.018894
630.984725,1000,8072.158203
668.956427,1000,8081.360567
695.539446,1000,8090.455835
646.328264,1000,8099.70224
609.279397,1000,8108.8996
603.447259,1000,8117.987862
590.913298,1000,8127.218253
519.83893,1000,8136.440636
672.424901,1000,8145.626986
648.200743,1000,8154.878396
782.659621,1000,8164.080761
722.550965,1000,8173.340178
677.817994,1000,8182.509513
594.050952,1000,8191.844999
655.162738,1000,8200.96529
630.389743,1000,8204.88185
621.023038,1000,8214.237354
700.676192,1000,8223.406689
635.864626,1000,8232.622066
687.771924,1000,8241.837443
726.132216,1000,8250.985759
717.986527,1000,8260.369289
675.955413,1000,8291.748813
679.46577,1000,8301.025245
560.701521,1000,8310.329703
691.429691,1000,8319.552087
694.143099,1000,8328.830521
615.87338,1000,8338.01587
652.943622,1000,8347.206224
706.743539,1000,8356.388571
655.772967,1000,8365.52888
629.81974,1000,8374.619143
691.398378,1000,8383.766459
719.393944,1000,8393.071917
666.777058,1000,8402.302308
684.374824,1000,8411.539705
676.990198,1000,8420.741069
722.358198,1000,8429.951106
662.052628,1000,8439.130566
716.048103,1000,8448.305906
701.277612,1000,8457.512275
700.27182,1000,8466.631564
559.573263,1000,8475.802901
701.129724,1000,8485.006267
694.052756,1000,8494.180607
760.655865,1000,8503.318913
677.60879,1000,8512.462225
672.366845,1000,8521.748667
678.580912,1000,8530.952033
687.305619,1000,8540.078328
654.172421,1000,8549.345752
710.838046,1000,8558.393978
705.398272,1000,8567.590337
684.35576,1000,8576.831738
615.438496,1000,8586.021091
689.962183,1000,8595.230462
645.491062,1000,8604.394793
680.568626,1000,8613.561125
697.187703,1000,8617.598795
707.740021,1000,8626.750114
673.799746,1000,8636.089604
652.966864,1000,8645.219903
676.216582,1000,8654.32518
678.351053,1000,8663.496517
654.148453,1000,8672.699883
663.219719,1000,8681.956297
677.895595,1000,8691.126633
682.828299,1000,8700.281955
652.417258,1000,8709.475312
691.618814,1000,8718.593601
650.250377,1000,8727.825994
672.591869,1000,8737.075401
680.58435,1000,8746.341825
668.677207,1000,8777.305971
745.358579,1000,8786.507335
759.932124,1000,8795.740729
597.97794,1000,8805.021165
588.211092,1000,8814.31161
666.555933,1000,8823.445913
506.192499,1000,8832.610244
781.752282,1000,8841.743546
674.167201,1000,8850.854829
666.914737,1000,8860.210332
910.634688,1000,8869.862106
839.988195,1000,8879.04145
814.877705,1000,8888.176754
563.529591,1000,8897.353096
745.855836,1000,8906.45537
756.433376,1000,8915.630711
664.676085,1000,8924.934167
764.602893,1000,8934.194585
645.760475,1000,8943.417969
665.157596,1000,8952.601317
817.591658,1000,8961.727613
962.611455,1000,8970.907958
699.061053,1000,8980.058276
624.309161,1000,8989.196583
654.615917,1000,8998.461004
760.474241,1000,9007.683387
684.647204,1000,9016.843714
652.979487,1000,9020.737253
561.061797,1000,9029.88557
729.442164,1000,9039.203039
744.231179,1000,9048.364367
951.625687,1000,9057.606768
561.332404,1000,9066.819142
826.778281,1000,9075.990479
573.216179,1000,9085.305947
721.118489,1000,9094.536338
772.351044,1000,9103.69166
511.528515,1000,9112.940067
765.95264,1000,9122.210494
564.906106,1000,9131.351804
780.992307,1000,9140.50112
764.221636,1000,9149.663449
816.187765,1000,9158.873822
891.975786,1000,9168.070181
871.976263,1000,9177.280553
779.9274,1000,9186.426868
735.40349,1000,9195.627231
743.440545,1000,9204.783554
625.370694,1000,9213.916857
874.595385,1000,9223.080186
838.377757,1000,9232.252523
906.81821,1000,9263.237689
902.36739,1000,9272.620218
519.999168,1000,9281.986732
594.149942,1000,9291.107023
986.091978,1000,9300.412482
612.865305,1000,9309.684911
864.749097,1000,9319.013391
790.453138,1000,9328.409932
741.690557,1000,9337.676355
610.946366,1000,9346.980813
693.659809,1000,9356.342323
694.672026,1000,9365.53568
691.517671,1000,9374.67847
851.311366,1000,9383.861818
750.665797,1000,9393.036158
786.861922,1000,9402.244528
665.141464,1000,9411.444891
564.537972,1000,9420.880469
709.403397,1000,9430.083834
669.700045,1000,9434.068456
697.334066,1000,9443.29084
738.492394,1000,9452.599301
705.13336,1000,9461.785652
817.422636,1000,9470.89193
780.793341,1000,9480.01222
694.86035,1000,9489.185559
937.77077,1000,9498.364903
687.533996,1000,9507.505211
693.304347,1000,9516.715584
728.085874,1000,9525.858895
750.811571,1000,9534.965173
673.033902,1000,9544.132506
674.67396,1000,9553.354889
665.00776,1000,9562.516217
692.376059,1000,9571.752613
710.225885,1000,9580.89092
700.194918,1000,9590.06526
684.556443,1000,9599.250609
710.417289,1000,9608.45998
703.166361,1000,9617.647332
757.259202,1000,9626.838687
811.619057,1000,9636.054064
707.876405,1000,9645.24642
680.832345,1000,9654.568894
716.836634,1000,9663.788275
665.664295,1000,9673.029675
670.662246,1000,9682.139957
743.372467,1000,9691.359337
751.519773,1000,9700.495642
747.972176,1000,9709.809108
729.580537,1000,9718.97444
724.463897,1000,9750.193819
698.076603,1000,9759.387175
704.927957,1000,9768.623571
774.976675,1000,9777.824936
745.81752,1000,9787.024298
747.93187,1000,9796.192632
776.685909,1000,9805.520111
784.429945,1000,9814.708463
724.846809,1000,9823.889809
694.718832,1000,9833.050136
716.797457,1000,9842.169425
688.586323,1000,9846.102
751.447151,1000,9855.261326
689.193184,1000,9864.470698
563.658842,1000,9873.590988
905.945188,1000,9882.870423
730.518186,1000,9892.057775
672.952308,1000,9901.210094
695.040378,1000,9910.51255
762.484538,1000,9919.704906
693.547799,1000,9929.005361
784.990078,1000,9938.106634
765.587735,1000,9947.406087
733.296583,1000,9956.49635
708.86233,1000,9965.619644
780.193568,1000,9974.905084
772.757329,1000,9984.098441
718.566903,1000,9993.356857
760.379885,1000,10002.549213
763.814208,1000,10011.703534
753.208006,1000,10020.949939
747.967804,1000,10030.161313
750.585034,1000,10039.362677
718.497161,1000,10048.500983
692.805934,1000,10057.717361
617.276075,1000,10066.864676
680.048332,1000,10076.073047
775.40909,1000,10085.308442
651.143393,1000,10094.521817
769.569202,1000,10103.603072
794.273751,1000,10112.822453
792.915117,1000,10121.987784
756.510477,1000,10131.109076
868.176928,1000,10140.213351
699.035201,1000,10149.403706
777.321582,1000,10158.552022
748.485753,1000,10167.798427
707.227379,1000,10177.055841
615.909662,1000,10186.33928
761.603675,1000,10195.486596
786.562056,1000,10204.929179
852.087096,1000,10236.040459
743.417421,1000,10245.141732
725.065048,1000,10249.047283
900.608208,1000,10258.223624
558.692477,1000,10267.401968
769.851634,1000,10276.551284
765.643511,1000,10285.744641
751.11298,1000,10294.931993
677.581927,1000,10304.000236
787.611877,1000,10313.283674
776.995793,1000,10322.537086
631.906366,1000,10331.692408
785.456597,1000,10340.804692
751.048756,1000,10349.950005
664.828129,1000,10359.272479
738.654513,1000,10368.491859
623.456507,1000,10377.814334
792.420873,1000,10386.949655
610.888275,1000,10396.136989
760.330994,1000,10405.254277
752.069419,1000,10414.349545
763.026134,1000,10423.471837
734.616338,1000,10432.730253
730.84154,1000,10442.002682
821.933773,1000,10451.180024
754.599567,1000,10460.489486
562.968396,1000,10469.587757
787.914449,1000,10478.75509
761.937398,1000,10487.884389
745.347328,1000,10497.002678
807.069676,1000,10506.078928
566.546228,1000,10515.268281
687.328493,1000,10524.564732
730.955843,1000,10533.651992
770.435401,1000,10542.865367
453.666287,1000,10552.080744
774.240197,1000,10561.198032
769.160024,1000,10570.364364
714.090197,1000,10579.653808
780.093288,1000,10588.820141
763.592365,1000,10597.957447
663.858528,1000,10607.046709
770.628256,1000,10616.243069
737.475663,1000,10625.55755
772.262379,1000,10634.741899
770.570694,1000,10638.65946
754.232724,1000,10647.829796
678.615621,1000,10657.014144
746.371028,1000,10666.164463
587.652359,1000,10675.310777
761.037228,1000,10684.582204
449.940349,1000,10693.828609
819.145272,1000,10724.913867
660.201653,1000,10734.104221
589.20995,1000,10743.306586
573.817349,1000,10752.526967
720.403862,1000,10761.789387
722.733077,1000,10770.95672
719.162075,1000,10780.111042
756.345508,1000,10789.369458
756.563768,1000,10798.591841
751.895173,1000,10807.768182
655.666556,1000,10816.998573
767.8666,1000,10826.177917
766.189478,1000,10835.377279
730.82161,1000,10844.540609
765.379225,1000,10853.809034
720.139909,1000,10863.033419
724.407721,1000,10872.201753
546.940579,1000,10881.358076
740.111043,1000,10890.54843
618.207569,1000,10899.728776
748.71177,1000,10909.018247
741.749168,1000,10918.224684
496.713911,1000,10927.415038
542.890972,1000,10936.55835
647.537482,1000,10945.7338
665.347968,1000,10954.985187
718.680484,1000,10964.13977
758.674235,1000,10973.229032
689.038479,1000,10982.419386
742.028408,1000,10991.859967
761.638804,1000,11001.100367
707.399936,1000,11010.273706
691.175633,1000,11019.499092
742.923587,1000,11028.735488
813.092562,1000,11037.867789
562.641582,1000,11047.004096
704.690553,1000,11051.096815
632.943772,1000,11060.33221
731.987039,1000,11069.572609
729.128992,1000,11078.785985
718.749563,1000,11088.029387
763.091075,1000,11097.167694
726.684304,1000,11106.344035
661.188315,1000,11115.501359
562.987616,1000,11124.824835
759.955988,1000,11134.015188
770.035033,1000,11143.153495
670.7631,1000,11152.517007
686.541747,1000,11161.678335
677.418288,1000,11171.013821
670.970919,1000,11180.235203
698.591699,1000,11211.605719
771.139776,1000,11220.841114
705.314167,1000,11230.031469
661.541764,1000,11239.219821
715.020997,1000,11248.578328
743.108472,1000,11257.800711
770.869084,1000,11267.0291
745.541934,1000,11276.184422
837.669058,1000,11285.361764
845.329356,1000,11294.599161
726.080247,1000,11303.79452
853.418596,1000,11312.901799
689.85732,1000,11322.076138
765.761539,1000,11331.317539
676.246387,1000,11340.566947
672.514694,1000,11349.906437
737.418919,1000,11359.042742
652.492505,1000,11368.27113
771.329917,1000,11377.498518
517.695245,1000,11386.831002
864.154948,1000,11396.055387
860.574467,1000,11405.304794
717.706282,1000,11414.565212
734.877508,1000,11423.729543
694.956487,1000,11432.862845
755.469316,1000,11442.099241
820.245389,1000,11451.358658
697.143913,1000,11455.345282
738.153835,1000,11464.4966
754.271558,1000,11473.713979
723.671307,1000,11482.874306
791.615596,1000,11492.066662
733.381571,1000,11501.230993
657.830886,1000,11510.390319
718.692473,1000,11519.590682
761.698959,1000,11528.749007
946.5214,1000,11537.862291
709.878065,1000,11547.063655
539.013711,1000,11556.268022
681.411675,1000,11565.475391
900.759152,1000,11574.76984
789.580027,1000,11583.982214
671.959427,1000,11593.205599
503.023045,1000,11602.39295
710.265381,1000,11611.599319
704.227277,1000,11620.805687
756.13934,1000,11630.010054
541.646074,1000,11639.140354
724.902755,1000,11648.34372
677.036792,1000,11657.570107
475.246426,1000,11666.972654
571.88199,1000,11698.113962
638.131581,1000,11707.217237
633.999384,1000,11716.346535
819.467605,1000,11725.683022
852.05234,1000,11734.896397
852.570229,1000,11744.022694
789.962561,1000,11753.186023
716.128646,1000,11762.31332
719.054191,1000,11771.604766
770.959311,1000,11780.855175
756.761336,1000,11790.086566
872.324584,1000,11799.277921
489.467096,1000,11808.580377
653.698868,1000,11817.822779
492.919719,1000,11827.034152
662.145825,1000,11836.265543
799.060789,1000,11845.462904
768.979274,1000,11854.661265
838.190008,1000,11864.176915
771.761669,1000,11868.160536
727.837783,1000,11877.334876
779.801719,1000,11886.452163
785.705443,1000,11895.659533
806.646603,1000,11904.84188
778.886849,1000,11913.945155
436.88167,1000,11923.250614
851.080816,1000,11932.407938
557.030677,1000,11941.656345
929.341411,1000,11950.942786
593.316965,1000,11960.342331
796.150216,1000,11969.510665
758.472444,1000,11978.605933
784.625897,1000,11987.729226
520.054686,1000,11996.899562
811.764264,1000,12006.210025
886.648995,1000,12015.317304
823.368796,1000,12024.470624
643.604416,1000,12033.75106
780.3514,1000,12042.992461
845.901843,1000,12052.21084
869.364678,1000,12061.411204
767.026054,1000,12070.589547
939.07784,1000,12079.824942
755.401546,1000,12088.94223
654.327307,1000,12098.130582
746.546513,1000,12107.349962
797.361257,1000,12116.436222
832.256002,1000,12125.689634
810.266673,1000,12134.98108
620.241552,1000,12144.294546
755.486369,1000,12153.510923
814.594149,1000,12184.430029
721.885112,1000,12193.629392
610.398414,1000,12202.819746
571.395381,1000,12212.015105
773.247917,1000,12221.32757
733.799155,1000,12230.585986
810.018144,1000,12239.79836
813.08526,1000,12248.99472
700.365689,1000,12258.13703
759.355766,1000,12267.341397
777.5766,1000,12276.498724
788.45,1000,12280.438302
761.210987,1000,12289.678702
716.734632,1000,12298.891076
790.22386,1000,12308.194533
725.345779,1000,12317.521011
606.228067,1000,12326.698353
843.526508,1000,12335.932748
478.570277,1000,12345.104084
773.416124,1000,12354.278424
579.740826,1000,12363.601899
821.119937,1000,12372.722189
940.138346,1000,12381.877512
924.77238,1000,12391.020823
636.190436,1000,12400.198165
772.756166,1000,12409.435562
797.646878,1000,12418.705989
855.434058,1000,12427.951394
812.569308,1000,12437.215815
850.868683,1000,12446.371138
515.9095,1000,12455.661582
856.349798,1000,12465.037105
816.133863,1000,12474.312536
768.452258,1000,12483.53492
838.160911,1000,12492.661216
840.308971,1000,12501.7745
807.249872,1000,12510.832734
877.218444,1000,12519.973042
845.384089,1000,12529.198428
874.305509,1000,12538.454843
662.771094,1000,12547.818354
800.003146,1000,12557.033731
858.567222,1000,12566.222083
740.937666,1000,12575.397424
927.67574,1000,12584.546741
810.343834,1000,12593.720079
843.32609,1000,12602.898423
726.115269,1000,12612.052744
712.381418,1000,12621.292143
900.554312,1000,12630.448466
898.609582,1000,12639.576764
577.623938,1000,12670.361748
930.625155,1000,12679.554104
816.525413,1000,12683.483676
812.027524,1000,12692.636996
890.161117,1000,12701.851372
917.579265,1000,12711.043728
779.919549,1000,12720.270115
932.31188,1000,12729.47248
783.260733,1000,12738.649822
782.618441,1000,12747.895226
961.745343,1000,12757.08458
784.235691,1000,12766.258919
778.940381,1000,12775.355188
781.660771,1000,12784.555551
783.191619,1000,12793.7399
689.053121,1000,12802.915241
770.499107,1000,12812.200682
761.274399,1000,12821.261918
694.839782,1000,12830.389215
772.634866,1000,12839.616603
779.032099,1000,12848.743899
775.196471,1000,12857.778111
696.785458,1000,12866.884389
724.939152,1000,12876.117783
894.108639,1000,12885.156999
799.458041,1000,12894.274287
716.805411,1000,12903.447626
716.205212,1000,12912.501856
716.427199,1000,12921.598125
739.207619,1000,12930.683383
751.090333,1000,12939.836704
757.322816,1000,12949.118141
737.156376,1000,12958.188386
726.520266,1000,12967.254627
748.767735,1000,12976.276828
765.945308,1000,12985.374098
630.099885,1000,12994.394298
808.345978,1000,13003.467545
750.85441,1000,13012.516771
768.901909,1000,13021.57
744.961785,1000,13030.674277
677.53322,1000,13039.965723
594.179522,1000,13049.381281
564.813765,1000,13058.875912
597.343702,1000,13068.671817
529.908458,1000,13072.586375
645.074226,1000,13081.947885
629.390847,1000,13091.231324
719.332713,1000,13100.507756
542.381788,1000,13109.758165
857.460529,1000,13119.021585
739.717162,1000,13128.374087
668.869519,1000,13159.79565
721.295056,1000,13169.094102
768.603521,1000,13178.388551
459.559923,1000,13187.633955
741.267691,1000,13196.865346
774.365925,1000,13206.238867
752.7164,1000,13215.445236
640.638849,1000,13224.692641
599.386545,1000,13234.06316
735.363715,1000,13243.323578
740.590953,1000,13252.650055
740.901041,1000,13262.004559
729.596576,1000,13271.250964
744.396998,1000,13280.621482
676.048347,1000,13289.953965
766.302453,1000,13299.410561
732.363475,1000,13308.606921
724.643,1000,13317.900369
741.423738,1000,13327.316928
696.223169,1000,13336.767519
726.883743,1000,13346.126026
746.565408,1000,13355.465516
739.908718,1000,13364.69991
736.713042,1000,13374.038399
746.995395,1000,13383.293812
739.315723,1000,13392.524203
744.724791,1000,13401.78362
661.974639,1000,13411.112099
643.108913,1000,13420.55168
738.362526,1000,13429.842125
741.868842,1000,13439.09854
740.607118,1000,13448.341942
726.219722,1000,13457.60236
674.359496,1000,13466.903815
738.705654,1000,13476.07315
748.879296,1000,13485.316552
654.440787,1000,13489.365233
731.741239,1000,13498.660682
721.030337,1000,13507.996168
693.832374,1000,13517.230562
606.890954,1000,13526.609087
746.964829,1000,13535.969596
674.741818,1000,13545.223008
732.217285,1000,13554.489431
680.819129,1000,13563.729831
719.181122,1000,13573.107355
734.797349,1000,13582.349757
757.84543,1000,13591.587154
577.600644,1000,13600.832558
736.798441,1000,13610.013904
731.244437,1000,13619.193248
770.692888,1000,13650.518723
664.151239,1000,13659.743108
740.915787,1000,13669.013535
776.99551,1000,13678.265946
751.798256,1000,13687.584416
756.66719,1000,13696.911895
765.797878,1000,13706.140284
739.355503,1000,13715.357662
753.761283,1000,13724.571038
716.274515,1000,13733.90252
744.610194,1000,13743.273038
808.327469,1000,13752.616531
677.575243,1000,13761.948014
745.391428,1000,13771.202426
763.294695,1000,13780.471852
751.251682,1000,13789.689231
730.28192,1000,13798.982678
746.753556,1000,13808.270121
740.842783,1000,13817.699693
706.745572,1000,13827.038182
687.431946,1000,13836.39769
740.484562,1000,13845.711156
727.018404,1000,13854.998598
682.652446,1000,13864.312064
738.543003,1000,13873.484402
713.485435,1000,13882.680762
731.77257,1000,13891.859105
756.884738,1000,13895.9238
746.560023,1000,13905.116156
580.075417,1000,13914.461651
734.683523,1000,13923.722069
694.786043,1000,13932.962468
738.322304,1000,13942.195862
887.446012,1000,13951.406234
753.795093,1000,13960.701684
673.221613,1000,13969.99313
711.584967,1000,13979.222519
714.433072,1000,13988.504957
728.533211,1000,13997.900498
827.18758,1000,14007.235984
642.899742,1000,14016.646538
819.300017,1000,14025.996037
735.491604,1000,14035.156364
525.960042,1000,14044.358729
757.757465,1000,14053.629156
743.574525,1000,14062.838527
522.089887,1000,14072.163003
797.014384,1000,14081.375377
744.95874,1000,14090.597761
799.465114,1000,14099.870189
873.350286,1000,14109.14462
741.556904,1000,14140.299941
741.373036,1000,14149.533334
714.617325,1000,14158.862815
864.275931,1000,14168.080964
895.011232,1000,14177.305349
826.660107,1000,14186.660853
908.29659,1000,14195.852208
900.883083,1000,14205.004528
881.442459,1000,14214.403803
745.069849,1000,14223.648088
940.216109,1000,14233.065649
996.221505,1000,14242.376112
748.595437,1000,14251.840715
734.475143,1000,14261.038076
944.243082,1000,14270.263462
745.325653,1000,14279.576928
915.589468,1000,14288.805317
896.330288,1000,14298.092759
727.547642,1000,14307.453268
860.420691,1000,14311.422876
954.75389,1000,14320.708317
742.80194,1000,14329.827606
747.579634,1000,14339.115049
969.020351,1000,14348.407496
757.420763,1000,14357.704947
716.35871,1000,14366.901307
800.1142,1000,14376.175737
788.90865,1000,14385.622325
903.775399,1000,14394.816683
785.02813,1000,14404.076099
749.639113,1000,14413.506672
606.180893,1000,14422.696025
756.337179,1000,14431.935424
666.746496,1000,14441.168817
743.419629,1000,14450.500299
753.117593,1000,14459.786741
738.495042,1000,14469.156258
754.101734,1000,14478.31158
786.384484,1000,14487.655073
730.186881,1000,14497.048613
745.510166,1000,14506.281005
749.859905,1000,14515.5164
753.74069,1000,14524.812851
756.979051,1000,14534.15234
753.347984,1000,14543.520857
754.300077,1000,14552.883367
573.239415,1000,14562.190827
757.160551,1000,14571.485276
766.822548,1000,14580.731682
754.365962,1000,14589.980088
565.752565,1000,14599.340597
738.63599,1000,14630.724125
458.187867,1000,14640.16871
758.952493,1000,14649.325034
759.399977,1000,14658.51839
758.790051,1000,14667.919937
760.207323,1000,14677.167343
623.222334,1000,14686.348689
762.943647,1000,14695.56907
765.58785,1000,14704.740407
757.79668,1000,14714.066885
752.399187,1000,14723.285264
749.302876,1000,14727.362971
751.124465,1000,14736.610377
671.127275,1000,14745.9859
696.16693,1000,14755.248319
737.379727,1000,14764.505734
753.533669,1000,14773.793177
671.993677,1000,14783.211739
707.964839,1000,14792.463148
658.427969,1000,14801.792629
770.699977,1000,14811.124111
776.752441,1000,14820.3525
715.296753,1000,14829.610916
682.857619,1000,14838.951406
576.973786,1000,14848.298903
552.674848,1000,14857.639394
734.691585,1000,14867.105999
750.887989,1000,14876.38043
752.03992,1000,14885.560775
748.681381,1000,14894.778154
707.872556,1000,14904.177698
693.839122,1000,14913.445122
779.67944,1000,14922.758588
707.10252,1000,14932.178151
663.173198,1000,14941.498623
745.34393,1000,14950.870142
621.805974,1000,14960.232653
766.849518,1000,14969.519094
768.410048,1000,14978.803534
726.963263,1000,14988.099985
707.47804,1000,14997.411449
757.304595,1000,15006.669865
758.598599,1000,15015.885242
736.392188,1000,15025.33283
706.525594,1000,15034.531191
762.452174,1000,15043.893702
754.280029,1000,15053.217177
798.755416,1000,15062.525638
781.289411,1000,15071.821088
758.085109,1000,15081.16258
715.929521,1000,15090.519085
864.827895,1000,15122.228909
704.663687,1000,15131.653476
720.675777,1000,15135.642102
759.328312,1000,15144.835459
769.730933,1000,15154.100881
754.517247,1000,15163.412346
711.269814,1000,15172.65775
681.5641,1000,15182.024264
755.252065,1000,15191.49087
727.046953,1000,15200.722261
767.517811,1000,15209.911614
697.087542,1000,15219.107974
865.386143,1000,15228.446463
756.322472,1000,15237.666844
765.461471,1000,15246.9693
758.059642,1000,15256.307789
744.596173,1000,15265.514158
755.636328,1000,15274.93372
714.416953,1000,15284.250189
786.336624,1000,15293.494592
682.485428,1000,15302.848095
675.036568,1000,15312.103508
690.824342,1000,15321.534081
753.15102,1000,15330.975663
737.678016,1000,15340.373205
739.844936,1000,15349.672659
752.303576,1000,15358.98112
467.436479,1000,15368.294586
682.262018,1000,15377.70414
747.460836,1000,15387.017606
743.79456,1000,15396.343083
756.510162,1000,15405.669561
741.577521,1000,15414.969014
748.722966,1000,15424.229432
746.086623,1000,15433.52288
748.522101,1000,15442.837347
689.588387,1000,15452.154816
747.111097,1000,15461.746535
743.673231,1000,15471.088027
731.114577,1000,15480.323422
753.307071,1000,15489.620874
671.249266,1000,15498.848261
700.221989,1000,15508.09867
765.148956,1000,15517.43816
755.60452,1000,15526.762636
739.74588,1000,15530.803309
850.292483,1000,15540.177831
746.54689,1000,15549.540341
750.782634,1000,15558.863816
743.173036,1000,15568.199302
761.28904,1000,15577.516772
752.561495,1000,15586.782195
749.26473,1000,15617.971546
749.458483,1000,15627.167906
749.233885,1000,15636.44634
770.240454,1000,15645.975002
739.545343,1000,15655.270451
757.036889,1000,15664.657984
753.650959,1000,15673.890377
762.249873,1000,15683.164808
745.383453,1000,15692.461258
746.192101,1000,15701.739692
714.272168,1000,15711.03214
733.717139,1000,15720.296561
757.773723,1000,15729.595013
720.174905,1000,15738.905477
797.693819,1000,15748.192919
749.045274,1000,15757.506385
732.245094,1000,15766.787822
743.046753,1000,15776.039232
764.53195,1000,15785.374718
512.430592,1000,15794.617119
732.670197,1000,15803.786454
713.616991,1000,15813.104925
748.182813,1000,15822.354333
753.949404,1000,15831.61475
713.76079,1000,15840.851146
758.170609,1000,15850.182629
753.257923,1000,15859.51311
746.269825,1000,15868.814566
751.343261,1000,15878.106012
747.054864,1000,15887.315383
742.769059,1000,15896.573799
752.829093,1000,15905.895273
870.565519,1000,15915.093634
749.812186,1000,15924.395089
748.012467,1000,15933.675525
761.654745,1000,15942.971976
756.404432,1000,15946.949591
739.736564,1000,15956.221019
747.95943,1000,15965.503457
752.601377,1000,15974.86897
753.599192,1000,15984.121381
755.881927,1000,15993.455866
753.731941,1000,16002.848404
749.549058,1000,16012.181889
751.870129,1000,16021.509367
826.538726,1000,16030.777792
712.757311,1000,16040.131295
906.472109,1000,16049.650948
753.069649,1000,16058.921375
747.273459,1000,16068.251857
755.453009,1000,16077.500264
704.62328,1000,16108.894802
699.310886,1000,16118.056129
761.75671,1000,16127.355583
747.907601,1000,16136.565955
392.480987,1000,16145.989521
751.1553,1000,16155.295981
669.582759,1000,16164.550394
756.375348,1000,16173.788791
681.939341,1000,16183.003167
753.614971,1000,16192.299618
735.434974,1000,16201.570045
659.121382,1000,16210.745385
690.858222,1000,16220.028824
586.632505,1000,16229.415357
900.009025,1000,16238.712808
700.176799,1000,16248.06631
751.004471,1000,16257.318721
851.269332,1000,16266.83337
765.386339,1000,16276.143833
750.603102,1000,16285.408255
743.259763,1000,16294.760756
742.863612,1000,16304.086233
745.445742,1000,16313.472766
858.764336,1000,16322.69615
889.871859,1000,16331.941554
748.968482,1000,16341.226995
859.85586,1000,16350.515438
882.423334,1000,16354.57713
953.655758,1000,16363.924627
722.401013,1000,16373.204062
842.989315,1000,16382.594598
496.092387,1000,16391.957109
875.474921,1000,16401.261567
845.595131,1000,16410.532995
811.729538,1000,16419.904514
798.203374,1000,16429.154922
707.215987,1000,16438.407333
867.367056,1000,16447.608697
720.332582,1000,16456.947186
719.953045,1000,16466.364747
759.214957,1000,16475.812335
729.924199,1000,16485.024709
824.362394,1000,16494.389221
749.407765,1000,16503.678665
663.07448,1000,16513.132259
1052.788009,1000,16522.421703
739.042,1000,16531.722157
713.513136,1000,16540.982575
689.943937,1000,16550.335077
704.78306,1000,16559.661555
750.667418,1000,16568.856913
735.432525,1000,16600.622789
701.274876,1000,16610.13944
724.77674,1000,16619.491941
664.020997,1000,16628.871468
783.242726,1000,16638.130884
885.541744,1000,16647.388299
785.471152,1000,16656.795851
614.425423,1000,16666.005222
741.872231,1000,16675.256632
737.34752,1000,16684.560089
758.759782,1000,16693.828926
742.519395,1000,16703.073948
777.794105,1000,16712.450472
1046.467424,1000,16721.700393
741.60753,1000,16731.008854
732.292004,1000,16740.351347
999.916572,1000,16749.720863
745.372573,1000,16759.061354
1073.375466,1000,16768.422864
745.001651,1000,16772.473546
750.841047,1000,16781.756985
742.343964,1000,16791.20157
735.481028,1000,16800.56308
739.476663,1000,16809.77145
743.270801,1000,16819.027864
542.807533,1000,16828.250248
734.097885,1000,16837.510666
684.919028,1000,16846.76708
721.271937,1000,16856.138599
737.754444,1000,16865.419035
745.795825,1000,16874.630408
729.096971,1000,16884.045967
742.563343,1000,16893.363436
748.09081,1000,16902.671898
750.964433,1000,16912.182543
742.750848,1000,16921.453971
592.687117,1000,16930.736409
744.389153,1000,16939.959793
752.103887,1000,16949.191185
754.338684,1000,16958.600738
738.343158,1000,16968.081356
773.705174,1000,16977.372802
702.973205,1000,16986.742319
744.601663,1000,16996.154875
670.997061,1000,17005.458332
743.806518,1000,17014.857877
699.783302,1000,17024.074655
699.484501,1000,17033.571287
741.696485,1000,17042.879659
679.151672,1000,17052.038985
750.142806,1000,17061.377474
732.409002,1000,17092.771011
732.572609,1000,17102.020418
744.121853,1000,17111.242802
701.234983,1000,17120.744439
734.240161,1000,17130.094939
742.601938,1000,17139.444438
737.17005,1000,17148.757904
1039.284578,1000,17157.975282
693.139066,1000,17167.378831
583.603351,1000,17176.768366
887.32118,1000,17186.07983
809.210233,1000,17190.195571
745.660127,1000,17199.418956
697.555604,1000,17208.624323
751.971832,1000,17217.976825
1023.014789,1000,17227.194203
895.654337,1000,17236.550709
829.164884,1000,17245.850162
728.057885,1000,17255.076549
679.216317,1000,17264.49511
757.724361,1000,17273.730505
841.422712,1000,17283.066993
694.871103,1000,17292.361441
764.571135,1000,17301.748975
920.815217,1000,17311.040421
814.659218,1000,17320.273814
706.334302,1000,17329.515214
726.516153,1000,17338.888735
668.594807,1000,17348.175176
831.590661,1000,17357.541691
755.033589,1000,17366.827132
685.093756,1000,17376.008478
736.177178,1000,17385.424036
806.289596,1000,17394.675446
745.03042,1000,17404.067984
747.204262,1000,17413.323397
754.60836,1000,17422.754971
729.204848,1000,17432.03941
748.612083,1000,17441.215752
725.191009,1000,17450.429127
738.496498,1000,17459.752602
1021.749537,1000,17468.961973
776.939045,1000,17478.250417
746.285687,1000,17487.583901
733.853783,1000,17496.892363
698.293083,1000,17506.205829
709.654178,1000,17515.450232
750.875281,1000,17524.711651
681.202147,1000,17534.165244
742.616378,1000,17543.452687
715.109639,1000,17552.695088
758.193424,1000,17584.303821
703.421238,1000,17593.668333
722.585312,1000,17597.675976
733.552983,1000,17606.941398
711.230459,1000,17616.181798
858.24467,1000,17625.510278
743.592403,1000,17634.728658
742.72985,1000,17643.988074
724.664638,1000,17653.299539
851.171175,1000,17662.61901
740.373821,1000,17671.961503
725.790273,1000,17681.239937
721.908868,1000,17690.654495
734.406945,1000,17700.339298
698.808876,1000,17709.833929
716.121452,1000,17719.1524
750.819556,1000,17728.436839
659.103648,1000,17737.780333
725.561269,1000,17747.031743
716.189693,1000,17756.411268
687.395122,1000,17765.689703
738.292621,1000,17774.969138
738.38405,1000,17784.417727
856.57944,1000,17793.735197
876.830156,1000,17803.154759
1017.031071,1000,17812.510263
786.010136,1000,17821.831737
876.423162,1000,17831.140198
865.858786,1000,17840.450662
734.792444,1000,17849.691061
721.952464,1000,17859.003526
649.401489,1000,17868.363034
783.861847,1000,17877.624453
726.183906,1000,17886.864853
778.805874,1000,17896.296426
658.661472,1000,17905.532822
676.424825,1000,17914.769218
727.862519,1000,17924.087689
726.458156,1000,17933.567306
753.410198,1000,17942.927815
670.905691,1000,17952.264302
780.415888,1000,17961.460661
715.832142,1000,17970.747103
703.015997,1000,17980.084591
856.964968,1000,17989.388048
726.687216,1000,17993.323625
721.620378,1000,18002.498966
686.80042,1000,18011.745371
741.718793,1000,18021.09587
874.365518,1000,18030.476398
473.396278,1000,18039.762839
793.191118,1000,18049.019253
732.62637,1000,18080.412791
903.082523,1000,18089.765292
699.082287,1000,18098.99268
685.279917,1000,18108.203052
603.349313,1000,18117.589584
625.636151,1000,18126.964106
715.917316,1000,18136.463741
713.614201,1000,18145.749294
750.029716,1000,18155.081777
735.453109,1000,18164.39585
739.496937,1000,18173.62524
721.383388,1000,18183.073829
886.169032,1000,18192.391298
863.156845,1000,18201.741798
776.52249,1000,18211.167366
1016.727802,1000,18220.383744
614.709929,1000,18229.671186
947.722882,1000,18238.939611
677.554024,1000,18248.262086
832.813329,1000,18257.495479
700.690161,1000,18266.91304
756.299027,1000,18276.281556
743.35999,1000,18285.712128
811.319739,1000,18295.007578
996.059888,1000,18304.274001
1090.288336,1000,18313.497386
938.654846,1000,18322.766811
724.850216,1000,18332.053253
730.393801,1000,18341.315673
939.956522,1000,18350.536054
732.827435,1000,18359.931595
748.181539,1000,18369.220038
736.722385,1000,18378.62759
737.831424,1000,18387.810937
1007.477705,1000,18397.06635
915.277015,1000,18406.383821
713.616133,1000,18410.439507
704.337814,1000,18419.753974
738.899194,1000,18429.064437
815.759534,1000,18438.247785
929.946589,1000,18447.718394
777.764549,1000,18457.067893
759.239058,1000,18466.357337
886.190913,1000,18475.646781
688.25412,1000,18484.98527
1008.113907,1000,18494.307745
653.116999,1000,18503.586179
728.959808,1000,18512.898644
743.865986,1000,18522.303193
703.054709,1000,18531.598642
827.568719,1000,18540.878078
1077.398321,1000,18572.54186
713.835655,1000,18582.007465
680.321825,1000,18591.241859
742.812191,1000,18600.654415
737.596217,1000,18609.908827
731.255463,1000,18619.241311
749.441135,1000,18628.573794
714.775625,1000,18637.890263
720.285276,1000,18647.196723
722.009107,1000,18656.486167
732.1488,1000,18665.784619
747.645499,1000,18675.072062
735.140735,1000,18684.255409
706.488706,1000,18693.611914
741.817061,1000,18702.905362
722.091793,1000,18712.323924
725.646941,1000,18721.611366
720.018216,1000,18731.019919
642.250594,1000,18740.307361
732.989732,1000,18749.519736
723.530442,1000,18758.75413
876.06172,1000,18768.096622
749.06078,1000,18777.587249
714.483118,1000,18786.959769
818.261129,1000,18796.3443
714.465687,1000,18805.722825
706.294054,1000,18815.115362
724.72247,1000,18819.10599
733.433786,1000,18828.358401
745.909258,1000,18837.75194
1002.422836,1000,18847.126462
968.686068,1000,18856.425915
687.478426,1000,18865.667315
1184.071761,1000,18874.795613
745.51908,1000,18884.162127
743.618611,1000,18893.426548
839.200774,1000,18902.722999
849.656204,1000,18912.133554
918.51112,1000,18921.415991
734.155788,1000,18930.898611
794.858372,1000,18940.262123
735.810654,1000,18949.579592
757.502204,1000,18958.714897
788.112894,1000,18968.095423
922.660843,1000,18977.350837
773.618496,1000,18986.602247
783.62742,1000,18995.871673
914.927835,1000,19005.177131
756.435352,1000,19014.486594
725.775791,1000,19023.795055
722.849392,1000,19033.054472
608.79604,1000,19064.955471
890.221745,1000,19074.194869
1000.680337,1000,19083.415251
662.352008,1000,19092.901874
751.286356,1000,19102.247369
830.358005,1000,19111.584857
795.866073,1000,19120.86229
726.226679,1000,19130.192772
772.780186,1000,19139.528258
742.950662,1000,19148.826711
753.06343,1000,19158.126164
847.070036,1000,19167.430622
940.646123,1000,19176.615971
865.044914,1000,19185.860375
750.41799,1000,19195.120793
691.734615,1000,19204.312148
874.670798,1000,19213.551547
752.024352,1000,19222.827979
750.555721,1000,19232.090399
771.953333,1000,19236.02998
729.173842,1000,19245.401499
700.481329,1000,19254.684937
752.580468,1000,19263.987393
910.431503,1000,19273.288848
818.523661,1000,19282.670376
706.616354,1000,19291.938801
752.693403,1000,19301.141166
663.744687,1000,19310.496671
724.800756,1000,19319.72606
713.581847,1000,19328.983476
749.10547,1000,19338.361
838.05231,1000,19347.618415
803.547199,1000,19357.071007
714.801529,1000,19366.328423
809.89932,1000,19375.648895
704.71497,1000,19384.908312
575.994004,1000,19394.345891
655.291995,1000,19403.539248
838.47072,1000,19412.846708
792.952082,1000,19422.173187
562.293874,1000,19431.531693
923.021912,1000,19440.787106
667.08016,1000,19450.193657
973.042252,1000,19459.429052
873.010602,1000,19468.747523
733.557496,1000,19478.031963
699.338849,1000,19487.338422
749.797705,1000,19496.633872
744.27738,1000,19505.81722
733.389113,1000,19515.128684
693.991064,1000,19524.389102
753.559448,1000,19555.821674
738.585951,1000,19565.175177
1148.899231,1000,19574.432592
1062.72241,1000,19583.845148
886.598246,1000,19593.194647
695.741021,1000,19602.540142
698.665742,1000,19611.933681
738.523933,1000,19621.297193
706.897513,1000,19630.730768
785.614015,1000,19640.07226
811.678903,1000,19649.450784
746.433884,1000,19653.478446
760.76401,1000,19662.899009
982.513205,1000,19672.233494
807.638053,1000,19681.514931
840.912115,1000,19690.871436
749.693614,1000,19700.295003
872.923304,1000,19709.806649
727.310452,1000,19719.314291
964.298098,1000,19728.653443
743.310398,1000,19737.924871
726.822413,1000,19747.278373
750.750221,1000,19756.638883
792.476387,1000,19765.925324
685.425221,1000,19775.307853
939.498164,1000,19784.6003
744.155141,1000,19793.729599
689.326627,1000,19802.977004
744.579556,1000,19812.309488
966.882908,1000,19821.576912
733.854074,1000,19831.010487
724.605407,1000,19840.267902
1103.388307,1000,19849.632415
765.053033,1000,19859.053979
745.732169,1000,19868.430502
776.553366,1000,19877.70093
789.259983,1000,19887.075451
729.078418,1000,19896.422948
609.984428,1000,19905.624312
715.047764,1000,19915.028861
1005.685221,1000,19924.333319
959.236653,1000,19933.660798
800.080124,1000,19942.954246
748.99633,1000,19952.322762
744.279481,1000,19961.777356
861.616954,1000,19970.964707
757.508932,1000,19980.214115
1001.455699,1000,19989.520575
489.952559,1000,19998.842048
1214.23887,1000,20008.152512
752.089805,1000,20017.439954
736.308602,1000,20048.658332
850.382906,1000,20057.983809
750.736553,1000,20061.898367
1181.663258,1000,20071.246865
1211.021103,1000,20080.622388
733.960722,1000,20089.916837
765.242907,1000,20099.212286
755.463332,1000,20108.531758
770.827773,1000,20117.790174
751.677833,1000,20127.08162
691.870786,1000,20136.392083
478.124452,1000,20145.744585
712.03635,1000,20155.109097
1216.34869,1000,20164.447586
769.180573,1000,20173.660961
760.400095,1000,20182.976429
739.786923,1000,20192.300905
739.759973,1000,20201.683434
768.720824,1000,20211.089984
737.893598,1000,20220.652677
629.324096,1000,20230.01719
795.240421,1000,20239.364686
886.869423,1000,20248.733202
395.76748,1000,20258.254858
1106.666471,1000,20267.499261
371.950074,1000,20276.710634
1064.29696,1000,20286.005083
799.57417,1000,20295.320551
744.478211,1000,20304.555946
946.00359,1000,20313.781332
848.995591,1000,20323.027738
1014.560303,1000,20332.262132
797.350483,1000,20341.473505
764.522256,1000,20350.827007
786.961304,1000,20360.058399
748.832199,1000,20369.397888
812.682547,1000,20378.678325
437.469304,1000,20387.987787
819.285699,1000,20397.456394
740.909479,1000,20406.79188
811.168395,1000,20415.971225
759.97341,1000,20425.332734
682.449699,1000,20434.563124
763.230018,1000,20443.912623
1088.949849,1000,20453.17204
762.351547,1000,20457.23073
639.425729,1000,20466.518172
1074.95581,1000,20475.853658
943.197229,1000,20485.136096
743.687892,1000,20494.395513
761.024574,1000,20503.789052
388.467573,1000,20513.422809
767.397465,1000,20545.338821
1006.266929,1000,20554.828447
744.515461,1000,20564.167937
1019.250787,1000,20573.428355
761.438489,1000,20582.702785
745.2985,1000,20592.001238
774.330223,1000,20601.284677
760.995998,1000,20610.822346
758.131461,1000,20620.189862
753.474638,1000,20629.465293
955.582196,1000,20638.761744
856.757626,1000,20648.183308
759.594143,1000,20657.476756
750.382684,1000,20666.89832
745.461689,1000,20676.324889
753.346795,1000,20685.809511
509.989557,1000,20695.337171
903.71175,1000,20704.586579
764.27396,1000,20713.915059
898.325612,1000,20723.27757
762.620502,1000,20732.663101
697.783388,1000,20742.026613
827.577193,1000,20751.42916
755.964534,1000,20760.77966
762.959653,1000,20770.022061
770.084874,1000,20779.243443
761.588001,1000,20788.636982
871.737929,1000,20797.955453
959.063248,1000,20807.210866
768.477038,1000,20816.527335
772.636828,1000,20825.89485
910.613928,1000,20835.313411
624.613199,1000,20844.510772
862.447153,1000,20853.986386
758.800421,1000,20863.219779
919.362308,1000,20872.423145
715.573033,1000,20876.357722
821.483056,1000,20885.699213
767.391515,1000,20895.066728
830.529042,1000,20904.390203
773.402786,1000,20913.696664
765.016487,1000,20922.957081
711.967995,1000,20932.312585
841.675793,1000,20941.6791
776.001232,1000,20951.011583
867.810024,1000,20960.231964
910.414262,1000,20969.469361
963.098616,1000,20978.656713
760.668996,1000,20987.889105
762.030488,1000,20997.177548
955.389591,1000,21006.446974
812.83172,1000,21037.720402
821.515499,1000,21046.934778
755.826484,1000,21056.262257
907.820963,1000,21065.592738
929.164937,1000,21074.976268
807.087332,1000,21084.304748
674.928329,1000,21093.563164
746.291858,1000,21102.803564
516.925703,1000,21112.126038
764.027299,1000,21121.419486
779.349289,1000,21130.703925
1262.159018,1000,21139.858247
762.260254,1000,21149.181722
938.469042,1000,21158.605288
753.577872,1000,21167.960793
742.062947,1000,21177.302284
811.923974,1000,21186.675805
784.265163,1000,21195.939225
713.56786,1000,21205.252691
511.162182,1000,21214.615202
863.428963,1000,21224.037767
755.685898,1000,21233.354236
838.930391,1000,21242.81884
779.296832,1000,21252.13731
779.866104,1000,21261.428756
828.375776,1000,21270.813287
844.903655,1000,21280.143769
763.010288,1000,21284.067335
774.385934,1000,21293.419836
770.732106,1000,21302.7303
765.320724,1000,21312.001727
775.736204,1000,21321.306185
732.413339,1000,21330.49654
935.174446,1000,21339.922107
594.070173,1000,21349.195537
786.553357,1000,21358.475973
758.571436,1000,21367.655318
789.536942,1000,21377.029839
775.899351,1000,21386.454406
832.556951,1000,21395.866962
800.987289,1000,21405.148399
742.573364,1000,21414.36778
472.082675,1000,21423.665231
818.854869,1000,21432.8716
723.688386,1000,21442.231108
1017.56368,1000,21451.531562
815.345484,1000,21460.864046
896.099847,1000,21470.138476
777.748409,1000,21479.366865
859.443462,1000,21488.714362
801.288105,1000,21497.954762
973.90491,1000,21529.492429
760.740706,1000,21538.792884
852.835687,1000,21548.090335
922.172145,1000,21557.414811
682.416283,1000,21566.747295
726.652123,1000,21576.038741
988.792406,1000,21585.378231
772.637747,1000,21594.646656
1135.402102,1000,21603.946109
810.888935,1000,21613.33064
766.362596,1000,21622.538009
782.474,1000,21631.864487
967.120854,1000,21641.244013
793.7215,1000,21650.614531
740.336723,1000,21659.912983
855.566592,1000,21669.189416
1057.909729,1000,21678.553928
1243.677023,1000,21687.885411
772.044669,1000,21697.138822
937.026721,1000,21701.124445
764.342875,1000,21710.470941
754.248678,1000,21719.836455
756.352102,1000,21729.33609
740.924135,1000,21738.516435
921.32193,1000,21747.8289
770.069808,1000,21757.180401
962.780037,1000,21766.565932
830.359966,1000,21775.813339
749.830203,1000,21785.080763
772.740524,1000,21794.349188
711.842755,1000,21803.81279
777.930824,1000,21813.028167
1125.458342,1000,21822.341634
771.791362,1000,21831.507965
805.432617,1000,21840.843451
601.229651,1000,21850.198956
890.887028,1000,21859.566471
1081.080534,1000,21868.92698
914.858308,1000,21878.2995
764.732393,1000,21887.722065
896.92629,1000,21897.028525
777.538539,1000,21906.309961
754.540485,1000,21915.586394
772.135805,1000,21924.937894
946.15594,1000,21934.249359
761.302677,1000,21943.634891
822.145604,1000,21952.933343
805.66755,1000,21962.185754
813.929524,1000,21971.457181
978.132472,1000,21980.834706
761.563538,1000,21990.096124
474.558014,1000,22024.338251
334.370472,1000,22033.705766
832.34501,1000,22043.086293
1059.566989,1000,22052.341706
774.856199,1000,22061.930423
758.115995,1000,22071.369002
1002.225428,1000,22080.72851
820.670537,1000,22090.03497
609.438844,1000,22099.422503
656.173873,1000,22108.864086
864.896603,1000,22118.313676
778.962537,1000,22122.314312
768.759693,1000,22131.621773
743.768797,1000,22140.950253
775.768847,1000,22150.242699
756.555465,1000,22159.547158
884.891068,1000,22168.816584
754.590189,1000,22178.107029
806.007782,1000,22187.369448
1057.326169,1000,22196.689921
713.935355,1000,22205.984369
840.544297,1000,22215.28082
930.984454,1000,22224.656343
1209.641792,1000,22233.858708
835.578305,1000,22243.155159
805.118276,1000,22252.390553
811.315339,1000,22261.9032
770.385215,1000,22271.149606
1082.015681,1000,22280.398012
839.610885,1000,22289.648421
817.188658,1000,22299.078994
697.794902,1000,22308.52458
781.472459,1000,22317.96316
847.903753,1000,22327.342686
739.024061,1000,22336.677171
653.777362,1000,22346.036679
766.936261,1000,22355.481264
731.537729,1000,22365.17908
921.214266,1000,22374.495548
748.453756,1000,22383.890088
783.883529,1000,22393.266612
783.130736,1000,22402.565064
728.588218,1000,22411.939585
903.681517,1000,22421.175982
707.263783,1000,22430.61256
890.648315,1000,22439.973068
711.665899,1000,22449.228482
792.337894,1000,22458.512921
845.353763,1000,22467.824385
550.901453,1000,22477.138853
829.756582,1000,22486.473338
771.97973,1000,22518.091079
960.598192,1000,22527.426337
778.790435,1000,22531.57511
1095.775534,1000,22540.934618
1023.231831,1000,22550.283117
773.349915,1000,22559.622606
773.95264,1000,22568.904043
775.81892,1000,22578.177473
871.971895,1000,22587.608046
681.865818,1000,22596.957544
996.408266,1000,22606.411138
958.905359,1000,22616.03989
756.36731,1000,22625.36837
747.535901,1000,22634.827969
776.403083,1000,22644.129424
782.915019,1000,22653.531971
760.506324,1000,22663.141706
754.617052,1000,22672.465181
960.22822,1000,22681.768638
748.564335,1000,22691.084106
814.70661,1000,22700.375552
804.021733,1000,22709.751075
997.891319,1000,22719.314768
683.780752,1000,22728.875459
717.274077,1000,22738.256987
777.091933,1000,22747.483374
795.771575,1000,22756.761808
766.957892,1000,22765.991198
932.789675,1000,22775.218585
789.51984,1000,22784.59611
903.892433,1000,22793.919585
979.877074,1000,22803.159985
729.248424,1000,22812.453432
910.111485,1000,22821.914033
775.819853,1000,22831.168445
755.745698,1000,22840.510937
1000.434162,1000,22849.827406
737.18413,1000,22859.38009
806.069172,1000,22868.817669
1228.01844,1000,22878.099106
757.96082,1000,22887.485638
651.656701,1000,22896.720032
1219.034458,1000,22905.93641
697.604924,1000,22915.307929
870.802084,1000,22924.694461
1043.635698,1000,22928.621031
992.527535,1000,22937.97153
894.255924,1000,22947.314022
1091.860221,1000,22956.657516
761.831319,1000,22965.982993
887.073123,1000,22975.268434
777.717787,1000,22984.531854
1137.829651,1000,23016.312454
1057.718914,1000,23025.725383
564.287699,1000,23035.217011
891.571106,1000,23044.539485
890.213554,1000,23053.88398
916.56956,1000,23063.323561
777.643897,1000,23072.590985
800.059734,1000,23082.011548
876.015314,1000,23091.370055
880.880441,1000,23100.845669
1225.72533,1000,23110.125104
890.16137,1000,23119.496623
796.742333,1000,23128.890161
854.529813,1000,23138.29371
839.711605,1000,23147.599169
483.777852,1000,23157.023735
1203.787255,1000,23166.293161
970.409286,1000,23175.672687
757.08092,1000,23185.08124
852.374254,1000,23194.424733
1169.619009,1000,23203.812266
1032.822044,1000,23213.103713
814.756183,1000,23222.424185
758.279328,1000,23231.781691
694.128405,1000,23241.194247
855.293877,1000,23250.528733
1175.827147,1000,23259.937285
689.59453,1000,23269.390878
1022.3369,1000,23278.6553
914.15086,1000,23287.931732
502.737354,1000,23297.406345
1174.161116,1000,23306.699793
948.551958,1000,23316.018263
804.75709,1000,23325.338736
829.002808,1000,23334.73828
1354.001649,1000,23343.972674
1210.247509,1000,23347.985322
1243.265634,1000,23357.366849
1216.339686,1000,23366.668305
1147.83237,1000,23375.96976
814.513158,1000,23385.252198
983.423593,1000,23394.466574
761.924342,1000,23403.822078
767.202731,1000,23413.13054
786.103229,1000,23422.353924
956.327203,1000,23431.691412
763.980352,1000,23441.087953
787.50081,1000,23450.456469
1212.480021,1000,23459.700873
541.079121,1000,23469.146459
388.385362,1000,23478.591044
944.654336,1000,23510.011606
1272.033087,1000,23519.368111
1054.082348,1000,23528.723615
655.873599,1000,23538.121158
772.175994,1000,23547.484669
817.194982,1000,23556.741084
922.05927,1000,23565.954458
1143.887968,1000,23575.272929
686.556012,1000,23584.564375
560.859887,1000,23593.935894
778.922473,1000,23603.147267
797.075562,1000,23612.482754
854.379992,1000,23621.728158
1244.173288,1000,23630.892488
1310.707055,1000,23640.337073
991.378925,1000,23649.558456
787.030957,1000,23658.738801
766.514732,1000,23668.00122
1023.359508,1000,23677.452812
766.921695,1000,23686.748262
1137.342635,1000,23696.061728
1053.607291,1000,23705.33816
932.798579,1000,23714.587568
1029.606963,1000,23723.82997
446.22002,1000,23733.185474
772.698049,1000,23742.68611
817.282925,1000,23752.048621
826.046267,1000,23756.023233
1252.656346,1000,23765.313679
866.254041,1000,23774.665179
865.033642,1000,23783.985652
826.064066,1000,23793.384195
1359.074517,1000,23802.629599
741.89451,1000,23812.011127
920.219713,1000,23821.395658
903.221497,1000,23830.6821
1011.49114,1000,23839.943518
1123.797954,1000,23849.190924
745.874493,1000,23858.494381
585.984388,1000,23867.753798
965.806503,1000,23876.987191
756.217607,1000,23886.210576
1100.474213,1000,23895.556071
767.898395,1000,23904.812485
479.697116,1000,23914.209027
812.089622,1000,23923.547515
776.596596,1000,23932.895012
985.346412,1000,23942.062346
948.374811,1000,23951.289734
1073.365297,1000,23960.600197
1031.403476,1000,23969.936684
777.19291,1000,24001.246144
772.911428,1000,24010.532586
867.674774,1000,24019.915116
805.755247,1000,24029.542867
979.565058,1000,24039.008471
931.629842,1000,24048.289908
1000.245582,1000,24057.534311
1340.829696,1000,24066.825757
705.914652,1000,24076.350415
999.175741,1000,24085.609832
643.109774,1000,24094.803189
775.515562,1000,24104.084626
811.595521,1000,24113.417109
828.729478,1000,24122.678528
785.211858,1000,24131.874888
1206.773624,1000,24141.181348
790.900478,1000,24150.480801
782.066516,1000,24159.873339
724.559026,1000,24169.294903
844.853521,1000,24173.29654
894.27557,1000,24182.738123
455.214282,1000,24192.051589
925.013048,1000,24201.358049
782.131749,1000,24210.621469
760.462112,1000,24219.81983
1014.1693,1000,24229.132296
927.13853,1000,24238.414734
786.807007,1000,24247.692167
1110.145495,1000,24257.042667
838.086407,1000,24266.311092
1227.022267,1000,24275.592529
784.183799,1000,24284.914002
950.367295,1000,24294.248487
924.936986,1000,24303.53593
863.593823,1000,24312.860406
931.191023,1000,24322.113817
1235.194292,1000,24331.435291
1039.133299,1000,24340.726737
962.679023,1000,24350.060221
881.323136,1000,24359.300621
765.502062,1000,24368.643113
