#{"t_start": 1604672422.9635262, "env_id": "CartPole-v1"}
r,l,t
19.0,19,1.468795
16.0,16,1.516648
25.0,25,1.590868
16.0,16,1.640675
33.0,33,1.734428
8.0,8,1.757867
8.0,8,1.781304
22.0,22,1.844782
12.0,12,1.878963
14.0,14,1.920957
14.0,14,1.961973
12.0,12,1.997131
17.0,17,2.04596
20.0,20,2.105533
28.0,28,2.186589
14.0,14,2.230537
11.0,11,2.261787
15.0,15,2.306711
13.0,13,2.346751
14.0,14,2.39558
13.0,13,2.433668
13.0,13,2.471755
27.0,27,2.550859
11.0,11,2.583086
16.0,16,2.630939
42.0,42,2.752037
18.0,18,2.805749
16.0,16,2.851649
29.0,29,12.852931
43.0,43,12.975981
15.0,15,13.018951
68.0,68,13.215246
55.0,55,13.38615
31.0,31,13.481856
41.0,41,13.60393
45.0,45,13.739676
13.0,13,13.777763
19.0,19,13.855891
87.0,87,14.1225
44.0,44,14.26313
15.0,15,14.30903
19.0,19,14.366648
25.0,25,18.366771
63.0,63,18.555253
14.0,14,18.595293
110.0,110,18.916592
26.0,26,19.026947
54.0,54,19.205663
49.0,49,19.360941
40.0,40,19.509384
71.0,71,19.748648
29.0,29,19.837518
39.0,39,19.956662
35.0,35,23.863031
99.0,99,24.165776
53.0,53,24.3191
122.0,122,24.676534
140.0,140,25.087678
130.0,130,29.444257
323.0,323,30.420849
206.0,206,34.791099
158.0,158,35.255957
85.0,85,35.552841
422.0,422,40.831322
223.0,223,41.501265
191.0,191,45.826592
192.0,192,46.400828
230.0,230,51.035735
173.0,173,51.558212
207.0,207,52.183231
160.0,160,56.418711
137.0,137,56.851341
304.0,304,61.793875
210.0,210,62.417917
196.0,196,62.997037
500.0,500,68.199344
500.0,500,73.560835
500.0,500,78.818808
500.0,500,84.233035
500.0,500,89.637497
500.0,500,94.961878
500.0,500,100.334113
152.0,152,100.789204
500.0,500,105.997371
500.0,500,111.417458
465.0,465,116.60121
105.0,105,116.923485
500.0,500,122.392401
500.0,500,127.613264
500.0,500,133.138824
500.0,500,138.408515
500.0,500,143.925285
459.0,459,149.111966
173.0,173,153.540812
90.0,90,153.804492
64.0,64,153.995904
72.0,72,154.205872
123.0,123,154.574048
27.0,27,154.652174
404.0,404,159.662095
306.0,306,164.444464
34.0,34,164.544077
500.0,500,169.896779
500.0,500,175.405736
164.0,164,175.914541
384.0,384,180.86977
25.0,25,180.941062
500.0,500,186.280091
113.0,113,186.620922
500.0,500,192.073237
348.0,348,196.870258
259.0,259,197.682782
500.0,500,203.106776
500.0,500,208.297364
500.0,500,213.808274
343.0,343,218.640452
500.0,500,224.166012
500.0,500,229.461096
500.0,500,235.024741
89.0,89,235.282562
500.0,500,240.759291
500.0,500,246.174495
500.0,500,251.377778
214.0,214,252.038932
66.0,66,252.242063
255.0,255,257.160182
72.0,72,257.382844
232.0,232,262.056815
500.0,500,263.766829
500.0,500,269.052145
353.0,353,274.012257
500.0,500,279.223354
96.0,96,279.543677
500.0,500,295.750224
500.0,500,301.178125
500.0,500,306.625556
500.0,500,311.941148
500.0,500,317.353422
500.0,500,322.654365
500.0,500,328.064686
500.0,500,333.406646
500.0,500,338.852124
244.0,244,343.408904
500.0,500,348.706917
500.0,500,354.187553
117.0,117,354.530337
500.0,500,359.936751
229.0,229,360.674079
500.0,500,366.203544
500.0,500,371.630467
500.0,500,377.089618
500.0,500,382.434507
500.0,500,387.898541
205.0,205,388.509888
500.0,500,393.915326
164.0,164,398.357844
500.0,500,403.6207
462.0,462,408.891368
500.0,500,414.223562
500.0,500,419.739356
500.0,500,425.029556
447.0,447,426.388972
14.0,14,426.434874
500.0,500,431.914531
281.0,281,436.551392
66.0,66,436.807259
162.0,162,437.341455
500.0,500,442.598451
500.0,500,448.101548
500.0,500,453.424953
500.0,500,458.905589
396.0,396,463.821754
338.0,338,468.698856
500.0,500,473.991009
500.0,500,479.416955
500.0,500,484.672975
500.0,500,490.07353
263.0,263,490.908517
147.0,147,491.380211
500.0,500,496.792485
500.0,500,502.154953
450.0,450,507.386558
500.0,500,512.820318
500.0,500,518.171066
500.0,500,523.716157
500.0,500,529.126478
500.0,500,534.415703
416.0,416,539.60922
500.0,500,544.887701
474.0,474,550.222825
407.0,407,555.261064
67.0,67,555.483727
157.0,157,555.971046
500.0,500,561.349141
500.0,500,577.466819
33.0,33,577.577174
500.0,500,583.05488
500.0,500,588.451529
126.0,126,588.8324
500.0,500,594.392139
500.0,500,599.698942
500.0,500,605.159069
457.0,457,610.512749
81.0,81,610.775452
390.0,390,615.746306
80.0,80,615.977758
500.0,500,621.415424
500.0,500,626.744688
15.0,15,626.788635
500.0,500,632.134501
500.0,500,637.405169
500.0,500,642.807678
267.0,267,647.429889
41.0,41,647.55001
42.0,42,647.676967
200.0,200,648.274642
500.0,500,653.624414
281.0,281,658.250531
178.0,178,658.805236
500.0,500,664.239971
500.0,500,669.533102
500.0,500,675.041082
500.0,500,680.372299
500.0,500,685.809965
44.0,44,685.935945
500.0,500,691.229077
116.0,116,691.579673
500.0,500,697.012455
266.0,266,701.613181
500.0,500,707.080144
231.0,231,707.77255
500.0,500,713.169198
142.0,142,713.605734
62.0,62,717.64785
500.0,500,723.118719
500.0,500,728.517321
79.0,79,728.748774
146.0,146,729.190193
277.0,277,733.851468
122.0,122,734.218667
500.0,500,739.478593
462.0,462,744.877195
500.0,500,750.266031
500.0,500,755.739831
500.0,500,760.956787
500.0,500,766.336833
500.0,500,771.72567
500.0,500,777.165288
225.0,225,777.838161
453.0,453,782.932066
97.0,97,783.218207
500.0,500,788.649037
500.0,500,794.066195
53.0,53,794.263466
74.0,74,794.477339
500.0,500,799.762657
500.0,500,805.164189
500.0,500,810.509078
500.0,500,816.030731
500.0,500,821.281868
500.0,500,826.724416
500.0,500,832.141573
136.0,136,832.570297
500.0,500,838.065582
500.0,500,843.363595
138.0,138,858.539839
500.0,500,863.851524
500.0,500,865.428722
500.0,500,870.717945
500.0,500,876.170259
160.0,160,880.447734
453.0,453,885.599258
500.0,500,891.117004
500.0,500,896.557599
500.0,500,902.021634
500.0,500,907.393867
500.0,500,912.739733
194.0,194,913.349127
473.0,473,918.64128
185.0,185,919.237001
203.0,203,923.617994
500.0,500,929.026363
500.0,500,934.316564
500.0,500,939.867513
203.0,203,940.498391
132.0,132,940.889029
329.0,329,945.783709
199.0,199,946.427284
283.0,283,951.171569
500.0,500,956.469581
500.0,500,961.875997
500.0,500,967.133969
289.0,289,968.113492
246.0,246,972.659528
196.0,196,973.264039
207.0,207,977.904805
210.0,210,978.606975
217.0,217,979.254456
500.0,500,984.590556
500.0,500,990.049707
186.0,186,994.471717
500.0,500,999.887897
495.0,495,1005.148799
256.0,256,1005.951559
331.0,331,1010.855028
334.0,334,1011.897052
200.0,200,1016.278045
282.0,282,1017.245848
352.0,352,1022.269439
500.0,500,1027.549873
500.0,500,1033.070549
500.0,500,1038.451573
479.0,479,1043.854081
197.0,197,1044.452732
500.0,500,1049.921649
500.0,500,1055.238217
500.0,500,1060.764753
237.0,237,1065.17895
298.0,298,1066.068625
500.0,500,1071.503361
10.0,10,1071.532659
500.0,500,1076.769147
240.0,240,1081.424562
380.0,380,1082.569128
215.0,215,1086.991138
172.0,172,1087.513615
193.0,193,1092.09188
188.0,188,1092.670998
24.0,24,1092.740337
195.0,195,1093.357543
183.0,183,1097.683847
403.0,403,1102.870528
287.0,287,1103.734812
392.0,392,1108.738871
500.0,500,1114.219507
224.0,224,1114.942185
500.0,500,1120.217737
500.0,500,1125.633918
303.0,303,1141.336635
500.0,500,1146.706916
458.0,458,1151.883831
500.0,500,1156.681829
500.0,500,1161.689794
500.0,500,1166.362788
500.0,500,1171.069963
500.0,500,1175.824991
242.0,242,1176.547669
223.0,223,1177.260581
262.0,262,1181.237265
159.0,159,1181.736304
500.0,500,1186.502074
500.0,500,1191.213155
500.0,500,1196.159595
500.0,500,1200.913646
365.0,365,1205.377649
440.0,440,1209.865091
380.0,380,1214.328117
500.0,500,1215.820351
500.0,500,1220.450374
500.0,500,1225.347984
202.0,202,1229.144
500.0,500,1233.991803
500.0,500,1238.739994
500.0,500,1243.643464
500.0,500,1248.388726
500.0,500,1253.49435
500.0,500,1258.600951
500.0,500,1263.447778
14.0,14,1263.495631
500.0,500,1268.202806
45.0,45,1268.341482
18.0,18,1268.394218
500.0,500,1273.159988
500.0,500,1278.007792
500.0,500,1282.818486
500.0,500,1287.714143
500.0,500,1292.459405
500.0,500,1297.435142
500.0,500,1302.235094
500.0,500,1307.108289
38.0,38,1307.224504
27.0,27,1307.309467
21.0,21,1307.374898
138.0,138,1307.802646
108.0,108,1308.121992
130.0,130,1311.704132
42.0,42,1311.830113
500.0,500,1316.790225
94.0,94,1317.074414
500.0,500,1321.813815
500.0,500,1326.647946
500.0,500,1331.437155
19.0,19,1331.494774
142.0,142,1331.961586
214.0,214,1332.660825
142.0,142,1336.485161
500.0,500,1341.246049
500.0,500,1346.154401
500.0,500,1350.991462
381.0,381,1352.216109
500.0,500,1357.14204
301.0,301,1361.30037
213.0,213,1361.933203
500.0,500,1366.832765
500.0,500,1371.571191
500.0,500,1376.442434
500.0,500,1381.199414
500.0,500,1397.222363
500.0,500,1402.008642
500.0,500,1406.936527
500.0,500,1411.665186
500.0,500,1416.494436
500.0,500,1421.33345
12.0,12,1421.380327
14.0,14,1421.421343
500.0,500,1426.183208
500.0,500,1431.006596
500.0,500,1435.923738
500.0,500,1440.787168
500.0,500,1445.551962
202.0,202,1446.193583
500.0,500,1451.059942
500.0,500,1455.851103
500.0,500,1460.815122
500.0,500,1465.617027
500.0,500,1470.615226
500.0,500,1475.36537
500.0,500,1480.284466
500.0,500,1484.992618
500.0,500,1489.886321
27.0,27,1489.982027
233.0,233,1493.877653
500.0,500,1498.674674
452.0,452,1503.207039
25.0,25,1503.279307
500.0,500,1508.242349
500.0,500,1512.893858
500.0,500,1517.647909
500.0,500,1522.588489
500.0,500,1527.32008
500.0,500,1532.185462
500.0,500,1533.726525
500.0,500,1538.520616
500.0,500,1543.427015
500.0,500,1548.158604
500.0,500,1553.04059
500.0,500,1557.778039
500.0,500,1562.644398
500.0,500,1567.449233
500.0,500,1572.599779
500.0,500,1577.35676
17.0,17,1577.409496
500.0,500,1582.307106
500.0,500,1587.067017
500.0,500,1591.915798
500.0,500,1596.69524
500.0,500,1601.590898
500.0,500,1606.385965
500.0,500,1611.400767
500.0,500,1616.2515
500.0,500,1621.081725
500.0,500,1625.890466
500.0,500,1630.887689
500.0,500,1635.668108
73.0,73,1635.885888
90.0,90,1636.179842
500.0,500,1652.100249
85.0,85,1652.353186
500.0,500,1657.198061
500.0,500,1662.005824
500.0,500,1666.771595
500.0,500,1671.669205
500.0,500,1676.398841
500.0,500,1681.145079
500.0,500,1685.934289
436.0,436,1690.598493
500.0,500,1695.434578
483.0,483,1700.21695
500.0,500,1705.040339
500.0,500,1709.826618
500.0,500,1714.638289
500.0,500,1719.42066
500.0,500,1724.211823
500.0,500,1728.904348
500.0,500,1733.760941
500.0,500,1738.457373
19.0,19,1738.512063
245.0,245,1739.234741
500.0,500,1744.051294
500.0,500,1748.856128
335.0,335,1753.370914
500.0,500,1758.241179
500.0,500,1763.197385
500.0,500,1768.051049
438.0,438,1772.645915
500.0,500,1777.549385
500.0,500,1782.356172
500.0,500,1787.284057
70.0,70,1787.50965
306.0,306,1788.459874
144.0,144,1792.173854
500.0,500,1797.020682
500.0,500,1801.835282
500.0,500,1806.720197
500.0,500,1811.490849
122.0,122,1811.887346
500.0,500,1816.77519
500.0,500,1821.569355
500.0,500,1826.518725
500.0,500,1831.410476
500.0,500,1836.325665
500.0,500,1841.111943
500.0,500,1845.916777
500.0,500,1850.65043
500.0,500,1855.479465
261.0,261,1856.270503
176.0,176,1860.059757
500.0,500,1864.767909
500.0,500,1866.352918
500.0,500,1871.058722
500.0,500,1875.974887
500.0,500,1880.847106
500.0,500,1885.760342
160.0,160,1889.512409
500.0,500,1905.331251
500.0,500,1910.233744
183.0,183,1910.780636
154.0,154,1911.256237
500.0,500,1916.089391
500.0,500,1920.794613
241.0,241,1924.765437
274.0,274,1925.622885
500.0,500,1930.518542
500.0,500,1935.207162
500.0,500,1940.138953
500.0,500,1944.875425
500.0,500,1949.739831
500.0,500,1954.460678
500.0,500,1959.245983
500.0,500,1964.009365
500.0,500,1968.921624
500.0,500,1973.682511
500.0,500,1978.563519
500.0,500,1983.309757
500.0,500,1988.206391
500.0,500,1993.156738
500.0,500,1998.049464
500.0,500,2002.828907
500.0,500,2007.723588
500.0,500,2012.528422
500.0,500,2017.332279
500.0,500,2022.228913
500.0,500,2026.999566
500.0,500,2031.913778
495.0,495,2036.70201
500.0,500,2041.628919
500.0,500,2046.307771
500.0,500,2051.267884
500.0,500,2055.967246
500.0,500,2060.798448
500.0,500,2065.867938
500.0,500,2070.757735
500.0,500,2075.534248
38.0,38,2075.646557
115.0,115,2075.99813
500.0,500,2080.970937
92.0,92,2081.259032
40.0,40,2081.380129
32.0,32,2081.475836
93.0,93,2081.77565
63.0,63,2081.969014
500.0,500,2086.713299
294.0,294,2091.186092
500.0,500,2096.152064
71.0,71,2096.384493
500.0,500,2101.281127
500.0,500,2106.176785
500.0,500,2111.098809
500.0,500,2115.871415
500.0,500,2120.656718
500.0,500,2125.422488
500.0,500,2130.286894
500.0,500,2135.042898
500.0,500,2139.73933
272.0,272,2140.722759
500.0,500,2145.505131
500.0,500,2161.507571
396.0,396,2165.934464
500.0,500,2170.907272
387.0,387,2175.541203
500.0,500,2180.306973
500.0,500,2185.264155
500.0,500,2190.074849
500.0,500,2194.946093
500.0,500,2199.710885
500.0,500,2204.692482
500.0,500,2209.480713
500.0,500,2214.370511
235.0,235,2215.088306
500.0,500,2219.888259
500.0,500,2224.740945
489.0,489,2229.53113
500.0,500,2234.472687
335.0,335,2238.812662
500.0,500,2243.735664
500.0,500,2248.440885
500.0,500,2253.310174
500.0,500,2258.16731
300.0,300,2259.082377
15.0,15,2259.127301
500.0,500,2264.005379
500.0,500,2268.839511
208.0,208,2272.78299
293.0,293,2273.714659
341.0,341,2278.027291
500.0,500,2282.868259
500.0,500,2287.652584
500.0,500,2292.381244
402.0,402,2296.934881
500.0,500,2301.686977
500.0,500,2303.339371
500.0,500,2308.126845
500.0,500,2312.858433
156.0,156,2316.70523
500.0,500,2321.48858
500.0,500,2326.361775
500.0,500,2331.121685
500.0,500,2335.910894
500.0,500,2340.692291
500.0,500,2345.524468
500.0,500,2350.341998
500.0,500,2355.254257
500.0,500,2360.142102
500.0,500,2365.074869
500.0,500,2366.743865
500.0,500,2371.509635
500.0,500,2376.435567
500.0,500,2381.24626
37.0,37,2381.359545
315.0,315,2385.676083
500.0,500,2390.422321
438.0,438,2395.187115
156.0,156,2395.674435
156.0,156,2399.41869
36.0,36,2399.525138
500.0,500,2415.704341
500.0,500,2420.436908
279.0,279,2421.398851
500.0,500,2426.306227
500.0,500,2431.055395
14.0,14,2431.096412
500.0,500,2435.952029
500.0,500,2440.72073
500.0,500,2445.507985
500.0,500,2450.435869
500.0,500,2455.225077
500.0,500,2460.081671
290.0,290,2464.167733
247.0,247,2464.910919
10.0,10,2464.942171
244.0,244,2469.110266
484.0,484,2470.626914
500.0,500,2475.350691
418.0,418,2479.986574
371.0,371,2484.447648
500.0,500,2489.481004
437.0,437,2494.252635
500.0,500,2499.73327
500.0,500,2504.641623
500.0,500,2509.724786
500.0,500,2514.828456
500.0,500,2519.841305
500.0,500,2524.693992
500.0,500,2529.61504
500.0,500,2534.765588
67.0,67,2534.984345
500.0,500,2539.936646
500.0,500,2544.804957
500.0,500,2549.933043
26.0,26,2550.012146
432.0,432,2554.55623
500.0,500,2559.395245
500.0,500,2564.123905
500.0,500,2565.652272
500.0,500,2570.543046
17.0,17,2573.8576
500.0,500,2575.417217
500.0,500,2580.323617
500.0,500,2585.056183
500.0,500,2590.04364
500.0,500,2594.810388
500.0,500,2599.74706
500.0,500,2603.738393
500.0,500,2607.625231
500.0,500,2611.723011
500.0,500,2615.774892
500.0,500,2619.801383
500.0,500,2623.841545
15.0,15,2623.885492
213.0,213,2626.913904
500.0,500,2630.997036
500.0,500,2635.014737
500.0,500,2639.072479
500.0,500,2643.117523
500.0,500,2647.110809
340.0,340,2648.186037
500.0,500,2663.590804
500.0,500,2667.570417
500.0,500,2671.661361
149.0,149,2672.13208
500.0,500,2676.084348
500.0,500,2680.033687
500.0,500,2684.060178
500.0,500,2687.968499
500.0,500,2692.052608
161.0,161,2694.961877
500.0,500,2698.94442
500.0,500,2702.994348
500.0,500,2707.025721
500.0,500,2710.978966
130.0,130,2711.424293
15.0,15,2711.618634
12.0,12,2711.669417
114.0,114,2712.02099
161.0,161,2712.513193
25.0,25,2712.585461
500.0,500,2716.572887
500.0,500,2720.51246
500.0,500,2724.638562
369.0,369,2728.285157
500.0,500,2732.338016
500.0,500,2736.246338
500.0,500,2740.230834
500.0,500,2744.226074
500.0,500,2748.191038
500.0,500,2752.039788
25.0,25,2752.113032
500.0,500,2756.12585
500.0,500,2760.036126
500.0,500,2764.10168
500.0,500,2768.124263
173.0,173,2768.655529
297.0,297,2771.92223
500.0,500,2775.94872
500.0,500,2779.974234
500.0,500,2784.069085
499.0,499,2788.058464
195.0,195,2788.639537
500.0,500,2792.481451
72.0,72,2792.699231
500.0,500,2796.761854
500.0,500,2800.67213
359.0,359,2804.268919
500.0,500,2808.291502
500.0,500,2812.33756
500.0,500,2816.404573
301.0,301,2817.297178
500.0,500,2821.312926
500.0,500,2825.412982
500.0,500,2829.294936
500.0,500,2833.212667
500.0,500,2837.384668
500.0,500,2841.410181
500.0,500,2845.530424
500.0,500,2849.414331
500.0,500,2853.396875
500.0,500,2857.676882
500.0,500,2861.68384
500.0,500,2876.902077
500.0,500,2880.908059
500.0,500,2884.874
500.0,500,2888.966898
500.0,500,2892.923074
257.0,257,2896.266926
446.0,446,2897.64742
13.0,13,2897.686484
500.0,500,2901.629493
500.0,500,2905.592504
243.0,243,2908.88069
71.0,71,2909.085775
500.0,500,2913.026909
321.0,321,2916.633465
500.0,500,2920.584757
500.0,500,2924.591581
500.0,500,2928.593656
500.0,500,2930.153273
500.0,500,2934.09187
500.0,500,2938.143751
500.0,500,2942.066722
500.0,500,2946.07954
140.0,140,2949.047404
500.0,500,2953.011392
500.0,500,2956.976356
500.0,500,2961.074138
500.0,500,2965.030315
459.0,459,2966.531336
500.0,500,2970.747284
500.0,500,2974.680998
224.0,224,2977.834415
119.0,119,2978.267045
500.0,500,2982.231033
500.0,500,2986.181348
500.0,500,2990.378742
279.0,279,2993.626888
155.0,155,2994.098582
72.0,72,2994.317338
188.0,188,2994.887668
345.0,345,2998.411213
176.0,176,2998.981543
500.0,500,3002.901585
500.0,500,3006.928074
500.0,500,3011.021949
344.0,344,3014.489829
288.0,288,3017.7077
500.0,500,3021.788879
65.0,65,3021.986151
295.0,295,3022.919773
500.0,500,3026.925754
500.0,500,3030.931736
500.0,500,3034.845917
500.0,500,3038.817718
500.0,500,3042.919405
56.0,56,3043.097147
338.0,338,3046.679286
500.0,500,3050.739957
271.0,271,3051.572013
496.0,496,3055.574088
500.0,500,3059.596672
263.0,263,3062.976658
500.0,500,3066.917208
500.0,500,3070.979832
500.0,500,3074.94089
500.0,500,3089.872009
500.0,500,3094.068426
500.0,500,3098.035343
500.0,500,3102.235666
500.0,500,3106.17231
500.0,500,3110.046452
500.0,500,3114.120795
500.0,500,3118.092595
500.0,500,3122.215768
500.0,500,3126.154365
396.0,396,3127.365339
322.0,322,3130.774622
500.0,500,3134.893889
500.0,500,3138.954559
500.0,500,3143.13828
500.0,500,3147.066134
500.0,500,3151.078952
500.0,500,3155.13474
500.0,500,3159.062594
500.0,500,3163.259988
500.0,500,3167.195654
500.0,500,3171.059053
500.0,500,3175.213477
500.0,500,3179.186254
500.0,500,3183.278176
500.0,500,3187.216773
500.0,500,3191.073335
500.0,500,3195.186742
500.0,500,3199.053071
500.0,500,3202.99069
500.0,500,3207.095308
500.0,500,3208.634418
500.0,500,3212.673603
500.0,500,3216.863184
500.0,500,3220.783226
500.0,500,3224.803856
500.0,500,3228.711201
500.0,500,3232.642962
500.0,500,3236.852076
500.0,500,3240.793601
500.0,500,3244.98515
381.0,381,3248.536025
500.0,500,3252.421885
234.0,234,3253.140657
500.0,500,3257.256994
500.0,500,3261.213169
273.0,273,3264.563857
500.0,500,3268.582534
500.0,500,3272.504528
500.0,500,3276.640397
500.0,500,3280.566298
500.0,500,3284.530285
500.0,500,3288.600722
500.0,500,3303.447854
253.0,253,3304.237917
500.0,500,3308.295658
326.0,326,3311.802601
436.0,436,3315.603498
500.0,500,3319.663192
500.0,500,3323.644759
500.0,500,3327.86852
500.0,500,3331.818836
500.0,500,3335.806263
500.0,500,3339.935837
500.0,500,3344.021502
405.0,405,3345.275446
500.0,500,3349.367368
500.0,500,3353.213188
353.0,353,3356.865644
500.0,500,3360.781778
500.0,500,3364.762368
500.0,500,3368.918745
500.0,500,3372.828044
500.0,500,3376.792032
500.0,500,3380.902509
500.0,500,3384.895795
500.0,500,3389.052171
500.0,500,3392.974166
500.0,500,3396.932296
500.0,500,3401.002731
245.0,245,3401.776191
500.0,500,3405.819283
500.0,500,3409.824289
500.0,500,3413.721868
500.0,500,3417.627261
298.0,298,3421.081468
500.0,500,3425.002486
500.0,500,3429.160815
500.0,500,3433.180469
500.0,500,3437.23821
500.0,500,3441.363336
500.0,500,3445.307792
500.0,500,3449.368536
500.0,500,3453.266115
500.0,500,3457.324832
500.0,500,3458.860074
500.0,500,3463.046725
500.0,500,3467.039034
133.0,133,3469.898497
218.0,218,3470.559649
500.0,500,3474.469924
339.0,339,3477.923155
500.0,500,3482.084414
500.0,500,3485.973205
146.0,146,3486.408765
463.0,463,3490.28779
500.0,500,3494.274239
500.0,500,3498.288033
500.0,500,3502.451248
500.0,500,3517.583544
500.0,500,3521.633471
500.0,500,3525.660938
250.0,250,3526.496901
500.0,500,3530.450147
500.0,500,3534.560623
500.0,500,3538.560746
500.0,500,3542.563797
500.0,500,3546.606889
500.0,500,3550.549392
500.0,500,3554.634478
500.0,500,3558.557448
500.0,500,3562.610306
500.0,500,3566.549879
500.0,500,3570.65645
500.0,500,3574.717121
500.0,500,3578.621537
500.0,500,3582.721271
500.0,500,3586.66182
500.0,500,3590.820151
500.0,500,3594.8525
500.0,500,3598.772542
170.0,170,3599.32041
51.0,51,3599.479594
500.0,500,3603.576399
500.0,500,3607.593123
281.0,281,3610.871543
500.0,500,3614.961511
500.0,500,3619.028042
500.0,500,3623.117033
500.0,500,3627.079068
500.0,500,3631.045986
500.0,500,3635.118376
500.0,500,3639.11998
259.0,259,3639.957896
356.0,356,3643.69558
500.0,500,3647.844143
500.0,500,3651.805063
500.0,500,3655.853038
500.0,500,3659.785775
231.0,231,3660.481109
500.0,500,3664.641392
318.0,318,3668.025284
500.0,500,3671.998828
500.0,500,3676.146415
500.0,500,3680.080128
500.0,500,3684.047046
500.0,500,3688.041309
500.0,500,3691.968186
500.0,500,3695.966354
500.0,500,3699.937179
500.0,500,3704.026171
500.0,500,3708.043871
500.0,500,3709.621068
172.0,172,3712.621232
500.0,500,3716.707293
500.0,500,3731.58763
500.0,500,3735.626815
500.0,500,3739.597641
465.0,465,3743.4835
500.0,500,3747.517803
500.0,500,3751.49937
500.0,500,3755.627425
500.0,500,3759.573834
500.0,500,3763.565167
500.0,500,3767.665878
500.0,500,3769.21573
449.0,449,3772.993189
500.0,500,3777.065578
500.0,500,3781.082302
500.0,500,3784.997461
500.0,500,3789.017114
500.0,500,3793.051417
500.0,500,3797.130643
500.0,500,3801.132718
500.0,500,3805.110379
500.0,500,3809.190581
499.0,499,3813.187773
255.0,255,3816.365605
53.0,53,3816.531625
493.0,493,3820.654798
500.0,500,3824.594371
500.0,500,3828.679456
500.0,500,3832.711805
351.0,351,3833.777268
500.0,500,3837.953176
500.0,500,3841.920094
500.0,500,3845.90752
500.0,500,3850.017022
500.0,500,3853.929249
500.0,500,3858.016288
500.0,500,3861.944143
500.0,500,3865.901294
500.0,500,3870.043998
500.0,500,3874.249204
500.0,500,3878.32843
500.0,500,3882.330506
500.0,500,3886.350159
500.0,500,3890.365907
500.0,500,3894.347473
500.0,500,3898.268492
500.0,500,3902.377992
500.0,500,3906.307799
500.0,500,3910.410463
500.0,500,3914.42328
500.0,500,3918.338439
500.0,500,3922.394227
500.0,500,3926.36798
500.0,500,3930.500919
500.0,500,3945.343169
500.0,500,3949.332547
500.0,500,3953.40982
500.0,500,3957.373809
500.0,500,3961.477449
500.0,500,3965.376005
500.0,500,3969.298
500.0,500,3973.428009
500.0,500,3977.356839
389.0,389,3978.546329
500.0,500,3982.621648
203.0,203,3985.695961
500.0,500,3989.600377
500.0,500,3993.74894
500.0,500,3997.743203
500.0,500,4001.872235
500.0,500,4005.777628
500.0,500,4009.759194
500.0,500,4011.408658
500.0,500,4015.293543
500.0,500,4019.236045
500.0,500,4023.276208
500.0,500,4027.239219
500.0,500,4031.298914
413.0,413,4035.031448
500.0,500,4038.956373
500.0,500,4043.129352
500.0,500,4047.064042
500.0,500,4051.013382
469.0,469,4055.088561
500.0,500,4058.968128
500.0,500,4063.125047
500.0,500,4067.141772
500.0,500,4071.012007
500.0,500,4075.13518
190.0,190,4075.714298
332.0,332,4079.198817
500.0,500,4083.457736
500.0,500,4087.533057
500.0,500,4091.596656
500.0,500,4095.639748
500.0,500,4099.62617
150.0,150,4100.076379
500.0,500,4104.165921
500.0,500,4108.138699
500.0,500,4112.023583
500.0,500,4116.080347
126.0,126,4116.464148
500.0,500,4120.37247
500.0,500,4124.510291
500.0,500,4128.495765
500.0,500,4132.510244
500.0,500,4136.529897
500.0,500,4140.43822
500.0,500,4144.45444
500.0,500,4159.395397
500.0,500,4163.34376
500.0,500,4167.553487
500.0,500,4171.445207
500.0,500,4175.540164
500.0,500,4179.466065
500.0,500,4183.411498
127.0,127,4183.78651
500.0,500,4187.905776
500.0,500,4191.875623
500.0,500,4195.990374
151.0,151,4196.43863
500.0,500,4200.451447
500.0,500,4204.434643
500.0,500,4208.642778
500.0,500,4212.641923
500.0,500,4216.611771
500.0,500,4220.482006
500.0,500,4224.521192
500.0,500,4228.618973
435.0,435,4232.341742
500.0,500,4236.421945
500.0,500,4240.341986
500.0,500,4244.244449
500.0,500,4248.361761
500.0,500,4252.293522
500.0,500,4256.428414
143.0,143,4256.878623
500.0,500,4260.845498
500.0,500,4264.805292
500.0,500,4268.881588
500.0,500,4272.836355
500.0,500,4276.900932
500.0,500,4280.810231
500.0,500,4284.66777
500.0,500,4288.779224
46.0,46,4288.913993
500.0,500,4292.80962
500.0,500,4296.75896
500.0,500,4300.840138
500.0,500,4304.72514
500.0,500,4308.895515
500.0,500,4312.82887
500.0,500,4316.824652
500.0,500,4320.893286
500.0,500,4324.826059
500.0,500,4328.924817
500.0,500,4332.816538
500.0,500,4336.777673
500.0,500,4340.939908
500.0,500,4344.919563
500.0,500,4349.010508
500.0,500,4352.950081
500.0,500,4356.990243
500.0,500,4371.907296
500.0,500,4375.822455
500.0,500,4379.973516
37.0,37,4380.093637
500.0,500,4384.006843
355.0,355,4385.095744
500.0,500,4389.138836
500.0,500,4393.145793
500.0,500,4397.051288
341.0,341,4400.637336
477.0,477,4404.515383
500.0,500,4408.450073
500.0,500,4412.487306
500.0,500,4416.390747
500.0,500,4420.380124
500.0,500,4424.275751
500.0,500,4428.27099
72.0,72,4428.490723
500.0,500,4432.616826
500.0,500,4436.599369
500.0,500,4440.639531
500.0,500,4444.630863
500.0,500,4448.623173
326.0,326,4449.636876
500.0,500,4453.679968
500.0,500,4457.779702
500.0,500,4461.902875
500.0,500,4465.914715
500.0,500,4469.837687
500.0,500,4473.886638
500.0,500,4477.872112
500.0,500,4481.87321
500.0,500,4485.735632
500.0,500,4489.623446
500.0,500,4493.725133
500.0,500,4497.678379
500.0,500,4501.858194
500.0,500,4505.794837
500.0,500,4509.7891
500.0,500,4513.921062
351.0,351,4517.374292
500.0,500,4521.266012
500.0,500,4525.274923
500.0,500,4529.246724
500.0,500,4533.492948
500.0,500,4537.362206
385.0,385,4538.564391
500.0,500,4542.614319
500.0,500,4546.614441
500.0,500,4550.711246
500.0,500,4554.661561
500.0,500,4558.69977
500.0,500,4562.74384
500.0,500,4566.809393
236.0,236,4569.962809
500.0,500,4584.808965
500.0,500,4588.877447
500.0,500,4592.881476
500.0,500,4596.897223
500.0,500,4600.939339
500.0,500,4604.993174
500.0,500,4606.538142
500.0,500,4610.414237
500.0,500,4614.435844
500.0,500,4618.481865
500.0,500,4622.481988
500.0,500,4626.677394
500.0,500,4630.686306
273.0,273,4633.858911
500.0,500,4637.933832
500.0,500,4641.961299
500.0,500,4645.965327
500.0,500,4649.862907
270.0,270,4650.668596
500.0,500,4654.733173
500.0,500,4658.678605
500.0,500,4662.660172
500.0,500,4666.762836
500.0,500,4670.712175
500.0,500,4674.63124
500.0,500,4678.665543
500.0,500,4682.55824
