#{"t_start": 1603353469.3247125, "env_id": "LunarLander-v2"}
r,l,t
-126.564569,78,1.689537
-54.236626,64,1.889719
-57.606736,64,2.087899
-72.619221,73,2.321111
-196.365056,84,2.573341
-65.813758,74,2.791539
-135.881569,56,2.959692
-28.759409,112,5.572068
-134.468342,73,5.789266
-113.11057,110,6.125572
-67.932139,77,6.36479
-54.189146,86,6.642042
-122.8859,83,9.159332
-171.033317,88,9.427576
-76.156084,63,9.616748
-259.921845,82,9.866976
-136.455011,85,10.12521
-322.04933,98,10.423482
-271.106258,116,13.043865
-83.196678,62,13.230035
-194.616725,102,13.537314
-105.84988,85,13.791547
-156.383551,112,14.15988
-139.175241,73,14.385085
-91.737198,104,17.010474
-60.490343,69,17.246688
-126.399221,96,17.545961
-130.969117,99,17.847235
-257.977888,85,18.10547
-100.026271,84,18.362704
-136.671383,87,20.878993
-92.155348,72,21.109202
-134.610594,89,21.378448
-71.009929,82,21.64569
-85.915241,69,21.857883
-73.152817,70,22.084089
-106.491631,101,24.630405
-64.363862,124,25.008749
-60.066523,100,25.314027
-51.859914,87,25.577266
-34.170805,97,25.869532
-58.679873,73,28.371809
-81.97784,96,28.666076
-172.023717,91,28.941326
-109.900237,95,29.238597
-130.432431,89,29.512846
75.186778,1000,37.534143
-46.143505,121,37.909484
10.300231,113,40.508849
-9.330491,103,40.820132
-67.491727,102,41.132416
-12.89335,113,41.486738
-56.273688,101,41.805028
-73.890357,119,44.439424
-107.91518,155,44.91786
-52.937465,146,45.371272
-24.095694,117,48.00667
33.708782,157,48.497116
19.620539,111,48.837425
12.342664,147,49.301848
-44.538093,131,51.95426
-51.389262,171,52.494752
0.32577,181,53.058265
-370.566734,306,56.444345
-17.716477,118,56.969822
15.364928,1000,65.825878
-175.141523,324,69.384115
9.160256,100,69.803497
-101.301675,133,70.383024
-41.805002,294,73.83016
54.135877,1000,83.046543
37.099374,1000,91.602326
-130.765569,553,95.993321
129.710616,1000,104.749285
55.408448,1000,113.503249
97.771672,1000,121.955937
-144.227143,640,126.613174
181.763603,483,130.911083
-51.059124,100,131.29143
-4.267357,1000,139.485883
6.780769,363,143.057132
89.720772,1000,151.49781
148.769329,1000,159.983529
100.228385,1000,166.193178
128.078328,1000,174.555785
122.854777,1000,183.13659
133.266784,1000,191.585276
118.956619,1000,199.9669
208.269535,477,203.877458
194.784829,467,208.114312
230.937609,404,211.77264
230.761533,414,215.414953
201.41008,396,216.84125
245.619972,332,220.176284
236.784444,330,223.54735
214.454749,329,224.639344
165.256557,514,228.626971
247.913139,260,231.74781
16.281243,320,235.116875
-2.845647,214,235.866557
9.603529,300,239.093492
-5.809151,205,239.750089
225.066788,335,243.106142
-1.962909,249,243.970929
194.193483,864,251.500778
231.42445,293,252.53572
313.414521,292,255.795685
242.331889,415,259.427989
248.616552,302,260.442913
-32.122724,252,263.509703
246.498795,267,264.402514
38.022668,252,267.539368
148.029136,1000,275.545651
239.114938,374,279.179957
97.862456,1000,285.105347
-6.847578,191,287.980963
-14.911313,187,288.651573
-16.760183,188,291.554213
283.6695,270,292.45203
100.16532,1000,301.036839
128.447068,1000,309.424251
263.92673,282,312.552095
-11.391914,183,313.165654
213.900469,292,314.267656
255.019912,279,317.588677
6.115217,222,318.356375
290.019811,263,321.503238
41.179858,217,322.234904
39.644651,186,325.117526
22.800919,198,325.792139
21.393667,212,328.701786
278.979577,272,329.569575
41.659802,226,332.595328
101.225004,1000,340.878863
223.162575,375,342.231093
218.423018,310,345.615171
224.877692,331,346.71217
33.418108,160,349.511716
59.212085,178,350.093245
78.789467,128,350.499614
262.118194,246,353.548388
35.609719,171,354.115904
113.227125,1000,362.188247
-8.945396,100,362.492524
48.827748,128,365.156948
45.161813,142,365.601352
52.006145,113,365.95067
55.160683,125,366.364046
44.229509,130,369.017459
-23.509697,149,369.477878
23.10158,139,369.924284
232.436991,328,373.219282
28.116068,191,373.838845
-15.550059,81,374.092076
5.994033,151,376.815553
23.309875,149,377.282978
-10.228947,243,378.149766
209.432336,389,381.741034
226.034457,646,386.194084
1.866634,158,389.000637
19.30428,161,389.6192
233.854917,381,393.134398
-8.808092,131,393.567791
2.474222,98,393.888083
16.043578,143,396.606556
35.892387,174,397.158058
7.538324,119,397.572434
6.732146,156,398.14996
217.657145,278,401.426941
49.414519,180,402.031491
231.010303,301,405.270437
51.909594,139,405.696825
233.003026,275,408.827673
32.690736,157,409.388182
37.334899,132,409.863615
279.147215,302,413.227675
36.480271,158,413.772171
5.255254,93,414.065437
225.926742,272,417.354429
128.046763,1000,425.442787
88.046586,1000,433.842427
302.591413,270,434.770272
301.538701,225,437.86809
-10.005904,242,438.768909
278.259727,240,441.821686
289.912605,235,442.639431
242.1199,368,446.273736
205.583012,299,447.430788
67.72199,1000,455.550174
218.683041,373,459.12943
264.020152,328,462.579568
209.553203,399,466.359006
238.003724,387,467.732255
-101.848454,113,470.36465
230.549398,292,471.467653
293.23675,259,474.54245
-59.285671,105,474.945818
32.233018,181,475.637447
147.766981,407,479.387858
251.745834,324,482.716887
290.891047,255,483.543638
237.159028,378,487.077853
237.593574,323,488.163841
235.21151,333,491.573943
13.063828,125,491.962297
263.351426,390,495.607612
271.952958,216,498.542282
261.289152,277,499.459116
270.355785,282,502.632002
7.44084,325,503.698972
229.126384,305,507.072041
32.878663,161,507.705617
182.076481,527,511.968495
219.077032,481,515.893065
157.585665,343,519.249118
262.552278,210,519.968773
265.026462,230,522.970503
277.981511,235,523.74821
239.676638,294,526.934108
102.020238,1000,535.04849
214.775356,267,535.959318
260.944562,334,539.32438
273.058915,269,540.352314
288.153896,230,543.427111
251.567314,266,544.290897
172.486038,864,552.477344
251.39162,308,555.80337
246.930344,283,556.767246
240.610521,305,560.048231
-1.30308,162,560.599732
225.74322,318,563.925758
17.708656,218,564.647415
140.89077,1000,572.635681
226.503671,347,576.124855
258.755227,321,577.184819
258.157949,402,580.713029
274.905054,307,583.933959
278.088735,226,584.725679
224.004815,237,587.720403
196.108704,736,592.427685
262.711839,247,595.492473
258.102034,263,596.398297
266.29131,300,599.620228
261.283941,285,600.578099
-230.119529,550,604.724771
289.943539,201,607.616401
269.386189,302,608.577276
278.725699,241,611.593019
151.715546,1000,619.379101
289.319357,206,620.123779
237.140411,320,623.624964
280.161818,242,624.622871
263.80693,286,627.947896
119.123504,1000,635.910139
230.434514,262,636.761913
239.401477,365,640.159004
285.325524,242,640.951725
244.044464,254,644.082573
229.070427,223,644.808233
138.349459,1000,652.812515
275.00723,216,655.748184
7.73659,143,656.307693
284.370458,278,659.695776
273.156974,227,660.522528
246.51548,210,661.258197
222.100263,586,667.719074
275.492782,231,668.489775
264.882815,240,669.267483
267.985937,195,672.11207
259.14157,196,672.750651
236.407416,470,676.680225
284.174302,205,679.546833
273.402181,168,680.103339
15.164995,120,680.475678
267.995292,204,683.363305
224.209014,467,684.917719
259.113256,370,688.419904
288.393972,244,691.444656
0.324234,106,691.799979
258.814516,208,692.448569
288.876571,166,695.268134
269.822664,224,695.975778
299.794882,321,699.23274
-1.044361,103,699.548027
243.957855,210,700.197618
20.932404,173,702.99216
252.519853,239,703.810905
243.743768,250,707.000807
243.428827,266,707.900625
-25.766123,117,708.270962
276.84942,253,711.301719
-40.925878,85,711.608999
-54.940889,115,711.968326
-2.718295,112,712.311638
18.220378,82,714.794897
277.987146,223,715.489528
14.925342,182,716.061048
-26.819663,112,718.685435
262.459045,260,719.506182
271.737684,210,720.168785
-28.958005,108,722.734119
9.174205,132,723.138486
261.728975,233,723.871153
130.000758,1000,731.678255
282.345765,232,734.650959
272.017925,240,735.415654
274.670592,193,738.283263
262.161666,228,738.987904
297.116089,300,742.174803
251.650657,218,742.870435
45.67717,204,745.783085
240.799761,216,746.477717
261.90628,221,747.195369
246.091917,233,750.265162
231.01198,250,751.061888
257.624413,232,754.038595
266.038983,235,754.787276
268.644756,236,757.747969
261.361311,237,758.532683
233.96487,220,761.510391
233.550812,254,762.322129
19.620929,93,762.613395
-1.33909,119,762.98173
261.153781,220,765.97245
46.553036,132,766.497928
259.051014,235,769.63278
277.932197,258,770.598659
71.605803,117,770.954983
275.743277,232,774.03078
242.095371,265,774.88756
266.9096,217,777.819227
270.079143,249,778.715042
298.712742,231,781.712768
267.948427,248,782.515499
280.830356,273,785.718412
279.885654,230,786.456083
279.739596,298,789.617959
269.754665,278,790.51978
255.290467,299,793.715687
260.714519,252,794.593486
270.257035,205,797.657273
244.956086,234,798.570103
280.996998,201,801.564827
259.713045,200,802.231433
228.859377,344,805.582482
240.994041,229,806.340171
305.246472,221,809.287853
268.240055,209,809.952457
289.260449,229,810.674114
287.195174,234,813.681849
20.01452,165,814.191313
239.681358,201,817.077939
300.284232,222,817.790587
286.742045,262,820.889406
253.549348,252,821.676121
269.115919,229,822.414793
242.798218,197,825.377488
305.30718,273,826.326352
263.341415,288,829.63336
251.319938,200,830.269939
111.518305,1000,838.284229
266.822142,190,841.312984
271.682999,277,842.238826
253.656438,201,845.072404
141.797675,1000,852.88451
139.18296,1000,858.74384
246.999005,191,861.577418
246.738852,198,862.205989
14.521865,80,862.482241
247.875757,220,865.391887
251.447166,173,865.924372
247.399361,227,868.9231
123.958884,1000,876.73921
245.963273,313,877.774151
25.683944,108,878.120466
274.577707,205,881.098174
23.315049,76,881.330386
280.096001,185,881.914918
-22.05585,86,882.217193
278.602416,188,885.032754
-39.749884,78,885.282981
255.884691,233,886.041672
-14.68982,167,888.823202
-64.603779,76,889.059417
250.82013,221,889.746041
-16.112181,77,892.24031
-13.278681,77,892.494542
272.059087,165,893.110101
270.358056,184,893.674614
281.243877,218,896.577255
236.77814,207,897.227847
6.614093,95,897.547137
-31.764101,107,900.131488
-51.714877,79,900.371707
50.931679,147,900.858149
301.341955,268,903.954211
126.879839,1000,909.743478
288.700324,268,912.851305
156.422856,1000,920.934658
156.8244,1000,928.74176
245.888147,218,929.442397
266.186693,250,932.529205
259.8565,235,933.299906
118.446427,1000,941.316198
303.46296,251,944.531122
275.530007,249,945.317838
267.817474,256,948.383627
255.300868,238,949.182353
276.19222,236,952.182082
289.752962,341,953.275076
143.122492,1000,961.102196
256.380372,215,964.075901
270.625447,242,964.881634
288.869891,286,968.154611
282.415303,246,969.022401
274.715978,242,972.062166
244.15144,220,972.855889
252.134616,226,975.961713
247.129638,210,976.705389
269.975415,224,977.423043
162.182287,1000,985.279189
237.875934,213,988.24889
234.048601,218,988.960538
252.790941,230,991.935244
269.911851,220,992.646891
261.401671,211,993.328511
270.243374,233,996.301215
241.528906,235,997.063909
289.492051,196,999.958542
261.580391,211,1000.619143
286.050909,189,1003.466733
265.06306,248,1004.288481
266.359057,224,1005.008136
259.721382,186,1007.859729
290.338374,190,1008.461277
287.148502,228,1011.498039
255.073642,216,1012.177657
285.517389,215,1012.858276
275.361793,212,1015.748906
291.192399,190,1016.340444
264.926417,232,1019.296133
155.829531,1000,1027.200323
292.619491,215,1027.88995
291.978773,207,1030.786585
267.318533,191,1031.472208
249.853416,217,1032.188861
257.546819,199,1035.166569
290.699595,306,1036.201511
259.580573,204,1039.106152
265.892909,202,1039.749738
252.912222,219,1042.701423
-130.215101,102,1043.018712
295.447735,300,1043.975582
269.085303,219,1046.900243
265.524737,229,1047.652927
285.795965,234,1050.787779
289.25748,219,1051.589508
269.00553,208,1052.272129
283.278152,196,1055.128728
283.826423,382,1058.620905
270.476712,184,1059.202434
290.259311,221,1059.916082
-44.021035,81,1062.382326
294.657078,185,1062.954847
300.864748,204,1063.604437
266.839422,223,1066.594157
0.248719,95,1066.925459
266.105815,230,1067.639108
305.306418,247,1070.689883
264.640094,201,1071.317454
281.323634,225,1074.307173
256.432192,204,1074.939749
242.483606,201,1075.571323
-12.483309,82,1078.049578
282.219075,251,1078.86532
23.18578,95,1079.188614
150.130885,1000,1087.076789
21.191962,127,1089.875335
287.686939,182,1090.48489
301.252471,184,1091.111459
73.73384,147,1093.827931
277.301436,243,1094.603636
244.041283,203,1095.317285
248.709008,208,1098.371063
50.060044,184,1099.123748
275.275096,195,1102.17152
-10.105236,106,1102.517835
263.642196,223,1103.224479
261.026825,196,1106.071068
261.594854,169,1106.604553
310.871041,180,1107.176073
57.102063,134,1107.585445
279.209816,238,1110.587176
281.047142,395,1114.078351
270.347435,201,1114.721937
277.744787,422,1118.346234
135.074317,1000,1126.627767
140.633918,1000,1135.215579
278.256016,239,1136.027317
238.025564,245,1139.106118
274.32929,392,1142.654346
284.787301,499,1146.549889
299.876902,186,1147.141427
259.465775,216,1147.819043
271.998751,260,1150.867817
271.890877,285,1151.79466
249.146869,203,1154.676282
275.198045,220,1155.357902
277.037917,222,1158.287566
237.966213,220,1158.989205
301.102194,230,1161.955904
264.837243,196,1162.573465
280.928816,236,1163.328152
261.363457,194,1166.188753
287.474486,236,1166.922421
10.02811,120,1167.296762
265.872261,189,1170.17538
277.626659,240,1170.9671
283.998407,219,1173.968831
275.094936,226,1174.705501
281.178273,209,1177.641171
256.049609,218,1178.359825
296.766019,213,1179.140536
280.025863,223,1182.291401
269.362017,207,1183.102141
4.05525,116,1183.464469
294.959178,197,1186.439174
317.027407,230,1187.157828
225.614234,201,1190.071479
266.016578,198,1190.726095
288.387785,186,1191.308604
260.213452,189,1194.138178
276.349957,226,1194.864839
281.628839,195,1197.766478
36.252457,165,1198.274941
302.657089,221,1198.984586
266.749602,188,1201.836872
290.824231,234,1202.575545
258.147108,200,1205.47318
255.44027,192,1206.104755
285.358231,190,1206.837421
312.099399,212,1209.937241
277.041488,189,1210.731964
11.897826,98,1211.122319
301.162906,212,1214.226142
292.787715,200,1214.855715
265.760711,191,1217.699302
287.896581,230,1218.438975
154.021964,1000,1226.329152
279.484275,191,1226.922691
42.598971,95,1227.251992
270.657549,213,1230.270737
267.288821,206,1231.004405
269.272291,262,1234.222332
251.10852,178,1234.996036
273.59025,182,1237.846629
296.519018,203,1238.4742
267.010076,197,1239.103772
-10.245889,123,1241.730162
281.160159,177,1242.31069
241.204794,188,1242.923247
289.936909,204,1245.800865
280.257503,197,1246.419427
80.651026,101,1246.764741
283.180772,195,1249.615334
35.546325,139,1250.059739
125.814628,1000,1257.816795
271.312592,200,1258.505421
271.414319,194,1261.364021
290.783094,250,1262.160746
294.812318,216,1265.04537
255.807159,184,1265.635907
265.452574,196,1266.262477
41.714742,93,1266.545735
301.273979,205,1269.399331
280.681437,187,1269.999877
308.167322,173,1272.765393
246.483215,209,1273.416986
57.304324,131,1273.822354
287.501559,184,1276.622901
264.987898,200,1277.245468
60.454447,100,1277.580773
242.474825,190,1280.45739
0.250913,112,1280.833731
274.258342,209,1281.482322
281.007998,242,1284.494062
300.006641,199,1285.097611
55.420355,122,1285.492971
281.297646,209,1288.41663
54.003422,111,1288.762945
297.055549,199,1289.39552
18.484417,120,1289.770861
265.151454,200,1292.625458
253.454398,213,1293.305077
282.794058,211,1296.261766
56.95344,108,1296.594069
307.82599,202,1297.22264
17.926585,111,1299.807992
288.860078,192,1300.408539
290.173455,188,1301.013088
52.396307,122,1303.668504
36.398861,109,1304.008814
34.340724,148,1304.469232
292.977734,223,1305.160861
268.779767,171,1307.924375
59.64252,121,1308.295713
266.592719,184,1308.874239
315.073982,185,1311.695806
173.407424,1000,1319.477885
289.445296,204,1320.119468
293.06276,205,1320.756048
152.79556,1000,1329.082622
159.558312,1000,1337.054874
-22.929854,100,1339.686268
277.718035,183,1340.265795
266.551753,191,1340.894367
268.376127,231,1343.884086
-0.88787,121,1344.260428
291.085996,191,1344.858973
172.627608,1000,1352.728131
270.862574,181,1355.543693
302.77224,211,1356.208297
74.342891,118,1356.584639
272.154917,177,1359.470264
259.469508,236,1360.269991
286.430574,190,1363.177636
315.731132,178,1363.81922
141.828046,1000,1371.818497
262.491572,211,1372.49311
252.532204,217,1375.439791
125.55264,1000,1383.547166
245.436583,199,1384.172734
262.964648,182,1384.73925
285.62624,207,1387.722964
275.160439,177,1388.281472
253.485648,211,1391.168098
236.844654,182,1391.759636
296.814558,201,1392.42324
255.851773,210,1395.381931
4.536721,161,1395.946445
282.526662,188,1396.555999
248.874802,166,1399.345537
264.140981,189,1399.936073
252.551359,185,1400.586665
276.511404,171,1403.337167
251.770624,200,1403.970744
285.076285,177,1404.525248
279.424957,165,1407.280755
286.224531,176,1407.831256
53.854743,169,1408.378754
278.681142,178,1411.192313
276.507641,229,1411.91397
294.130044,178,1414.742542
258.817702,199,1415.364108
300.484989,231,1416.08176
246.037632,186,1418.937358
261.282811,171,1419.461835
285.18675,209,1422.344458
255.766587,177,1422.917979
152.050569,1000,1430.880222
290.147928,176,1431.426719
298.184762,184,1434.264301
255.90613,181,1434.822809
275.574352,183,1435.394328
281.996033,167,1438.137824
269.905782,230,1438.866487
272.254701,159,1439.380955
276.550596,206,1442.287599
280.157868,176,1442.832095
253.409984,176,1443.391603
296.273204,193,1446.241195
16.089008,115,1446.649567
311.709716,207,1447.364217
263.304589,182,1450.200797
21.717554,111,1450.584146
276.526685,185,1451.210715
282.709977,175,1453.982237
251.779772,155,1454.476687
288.218341,182,1455.039198
16.279923,90,1457.565496
311.950018,170,1458.109992
267.712518,150,1458.568408
253.508994,191,1461.398984
271.126488,169,1461.951486
287.226736,184,1462.525008
246.551131,192,1465.357585
249.167454,177,1465.919096
49.149516,154,1466.395529
250.264108,165,1469.157041
308.96381,176,1469.704538
245.124633,172,1470.235021
291.79405,199,1473.144668
302.592314,154,1473.638117
269.961753,215,1474.316734
295.282891,185,1477.234388
295.039601,215,1477.900995
277.344052,201,1480.839668
267.771227,159,1481.376156
256.415574,162,1481.961689
267.93565,145,1482.501179
288.788965,179,1485.365785
295.731406,206,1486.074429
274.395062,159,1488.820928
286.142611,247,1489.583622
270.920854,410,1493.210922
276.859046,165,1493.736399
291.530613,193,1496.575983
275.844717,190,1497.189541
270.66602,197,1497.8051
273.332125,209,1500.730762
266.559788,309,1501.747711
266.364694,167,1504.531131
291.181659,219,1505.257791
241.597223,158,1505.776263
159.554723,1000,1513.934684
176.028734,1000,1521.760803
62.95751,147,1524.515309
290.586278,585,1528.77118
151.60212,1000,1536.780466
298.7635,282,1537.695297
260.316391,168,1540.444799
274.995107,203,1541.071369
158.953866,1000,1548.979563
46.613306,96,1549.275832
297.096045,202,1549.906406
273.289018,199,1552.819056
286.825016,203,1553.462641
287.462288,180,1556.282206
248.601482,184,1556.859731
270.024357,178,1557.428248
295.066671,181,1560.258823
289.19826,168,1560.784301
303.272366,165,1561.331799
269.835159,148,1564.020245
12.190372,87,1564.28949
264.889142,247,1565.09222
31.793508,122,1565.480573
294.092224,213,1568.365196
254.260763,182,1568.952732
264.028665,238,1571.944453
10.010237,102,1572.272752
274.639249,182,1572.846274
51.508744,107,1573.178576
34.639749,122,1575.819978
51.265526,123,1576.202326
277.236074,197,1576.818887
270.673119,202,1579.705513
279.419084,169,1580.235996
279.059743,219,1580.92262
42.552358,114,1583.549009
273.50578,176,1584.095506
13.423821,130,1584.504878
249.770472,200,1587.497601
288.426024,225,1588.195236
287.146482,212,1591.117893
25.565947,93,1591.404154
260.699642,187,1592.031725
273.336385,215,1594.946377
272.072277,200,1595.572946
18.909064,97,1595.87322
301.848775,170,1596.448743
154.968173,1000,1604.277865
255.882847,214,1607.316629
285.622926,166,1607.954209
272.760613,200,1610.885876
291.42094,158,1611.374321
260.478616,193,1612.021909
278.96292,212,1614.961584
277.094989,196,1615.579145
30.187481,138,1616.011539
244.436231,164,1618.747027
256.42585,179,1619.325553
297.748422,168,1619.846026
295.814606,188,1622.750669
309.923121,186,1623.405264
265.503621,216,1624.068868
319.488771,229,1627.038569
287.89028,213,1627.717187
261.030027,303,1630.933112
315.785723,441,1634.589438
293.375449,224,1635.287073
246.274633,175,1638.08762
285.924884,198,1638.709185
18.164027,92,1638.989441
37.784277,127,1639.381797
289.045485,158,1642.104274
252.389893,168,1642.636758
272.91658,180,1643.198269
297.828314,189,1646.094904
1.384208,102,1646.432211
279.694167,192,1647.064786
30.908263,128,1647.479163
277.398255,175,1650.327754
294.681019,222,1651.0374
246.975353,163,1653.866974
285.980066,215,1654.530578
301.959146,177,1655.08208
286.958831,188,1657.922663
289.269592,207,1658.560243
256.618513,164,1659.074711
286.479853,206,1661.960335
275.41672,175,1662.513839
257.64678,187,1665.378445
280.975822,172,1665.912931
306.715078,211,1666.564524
276.601045,197,1669.421123
258.581166,205,1670.071715
297.387879,225,1673.025402
272.732935,200,1673.663982
263.792621,170,1674.198468
260.428323,162,1676.944967
272.639173,157,1677.434412
274.630925,178,1677.985914
45.88332,110,1678.336232
175.726109,1000,1686.262443
281.257341,144,1689.030961
280.65138,195,1689.726594
178.57801,1000,1697.861994
291.808577,164,1698.454533
254.626252,162,1701.359175
283.88863,171,1701.950714
256.617767,179,1702.609313
257.983135,176,1705.482927
251.966559,166,1706.020416
280.676047,720,1710.57656
267.036933,175,1713.387116
273.89801,176,1713.96364
285.380967,171,1714.499128
307.331372,177,1717.285663
288.199301,225,1718.032342
267.354887,216,1720.97602
296.252927,189,1721.55955
296.563149,244,1722.396312
260.935475,182,1725.341991
147.484148,1000,1733.55246
272.056104,240,1734.310149
290.373197,220,1737.232808
65.261157,165,1737.768295
278.897427,190,1738.375848
305.196381,257,1741.404603
263.885179,168,1741.934084
259.962492,348,1745.324168
235.55981,201,1745.954742
261.823129,210,1748.832359
244.140834,179,1749.431904
294.409353,216,1750.10852
14.339979,94,1752.655837
38.01471,150,1753.134272
296.77547,238,1753.913982
278.687999,209,1756.823629
250.188803,162,1757.332091
42.436353,156,1757.835549
287.758313,256,1760.896333
159.308686,1000,1768.821543
289.746534,171,1769.345019
56.037347,94,1769.63228
269.945876,163,1772.38078
282.8759,196,1772.995339
263.700188,171,1773.55685
289.381943,222,1776.4705
275.293273,176,1777.021001
294.241542,188,1779.859583
272.041953,189,1780.437109
34.855991,114,1780.793433
289.460167,218,1783.751123
252.793779,159,1784.258585
266.127931,178,1784.821096
31.981625,108,1785.150396
44.437354,90,1787.663682
259.211201,158,1788.187158
269.882791,173,1788.721644
29.404257,81,1788.981881
31.469159,87,1791.506177
27.580404,123,1791.883521
52.883427,99,1792.208817
24.955611,105,1792.529108
-16.061742,77,1792.771328
3.374709,76,1795.275606
299.028064,143,1795.716007
-19.353003,116,1796.084343
15.901303,80,1796.365598
286.585695,198,1799.258229
291.394289,185,1799.844763
-19.633829,93,1800.129021
-5.837696,94,1800.436301
47.3173,108,1803.017535
59.905161,113,1803.377863
259.711749,167,1803.895334
265.719495,182,1804.497882
284.332716,193,1807.335463
306.406433,175,1807.897974
241.124111,181,1810.752571
265.936655,174,1811.306075
69.24188,108,1811.68542
-48.656162,139,1812.13683
65.189717,122,1814.810262
49.028367,121,1815.204621
268.444158,185,1815.838198
68.408674,115,1816.205532
32.737339,121,1818.823914
284.856936,217,1819.524551
271.015416,152,1819.992977
262.589756,185,1822.81054
261.937838,175,1823.368047
278.152112,179,1823.94257
292.453236,181,1826.755128
298.561185,179,1827.316638
299.963893,212,1830.216277
300.84385,155,1830.692709
275.630861,199,1831.305267
261.639199,140,1831.730654
287.569139,247,1834.774423
268.693136,214,1835.440028
20.367236,86,1837.941304
269.959647,185,1838.512823
56.286164,126,1838.917191
263.587157,196,1841.852862
254.066923,180,1842.413372
299.080539,195,1843.029932
291.517979,159,1845.781435
141.353746,1000,1853.798728
269.730216,168,1854.370248
274.617716,165,1854.923752
278.854645,188,1857.764336
293.430746,177,1858.319843
261.087907,181,1858.887357
273.759184,165,1861.662882
305.143564,173,1862.204375
26.077158,84,1862.463611
275.954121,194,1863.061154
0.198485,117,1865.658517
272.210138,159,1866.14596
249.760634,199,1866.773531
278.115124,184,1869.617117
258.944855,195,1870.218665
274.83379,158,1870.728128
267.787587,190,1873.536683
292.206696,149,1874.020123
307.888971,206,1876.999833
46.85548,107,1877.351153
278.040645,163,1877.855612
294.732727,145,1878.305021
281.398012,160,1881.025495
285.45015,150,1881.493921
277.632076,164,1882.003385
57.298113,135,1884.653796
288.368476,207,1885.330411
297.46684,165,1885.839875
295.328269,154,1888.540331
292.322103,149,1889.002752
286.542092,163,1889.524226
284.267963,185,1892.370816
36.001707,116,1892.73815
27.336771,116,1893.093473
296.157838,213,1893.77109
298.151815,185,1896.583648
280.797822,177,1897.161173
267.574866,181,1897.715678
290.227311,146,1900.437153
14.557782,111,1900.816498
264.549681,162,1901.326962
260.378858,162,1904.073461
1.488623,118,1904.448802
14.911748,106,1904.782106
3.856003,101,1905.091387
244.046585,156,1907.806857
276.728211,203,1908.440433
29.411172,100,1908.743709
23.380526,102,1909.058996
12.522264,121,1911.718415
35.399108,89,1911.993665
257.559823,160,1912.49312
-7.08769,83,1912.745349
270.357101,198,1915.631975
46.519444,112,1915.983295
33.852146,104,1916.301584
45.740326,115,1916.691939
257.273157,205,1919.600586
263.677431,158,1920.10104
297.158854,244,1920.910777
26.065245,103,1923.495128
301.149828,187,1924.080661
268.748253,176,1924.624155
242.64516,170,1927.489776
280.911674,229,1928.198406
298.223666,233,1931.183121
284.24155,190,1931.767653
263.238808,185,1932.343176
264.824244,187,1935.229802
58.398493,102,1935.558101
4.678937,113,1935.906418
279.061481,225,1938.911151
313.579839,230,1939.622798
59.01164,122,1940.013154
261.918315,176,1942.883765
292.846504,194,1943.485312
57.398621,82,1943.753556
276.308924,177,1944.314067
248.646228,167,1947.121619
68.241752,140,1947.553012
273.275204,200,1948.186589
272.19133,188,1951.141276
-18.425746,74,1951.372487
280.236917,193,1951.989048
276.026918,178,1954.806611
52.410958,109,1955.154927
275.479143,170,1955.712434
256.564757,193,1958.592054
298.541531,157,1959.076494
49.934465,103,1959.396786
251.410058,189,1960.000335
15.67266,100,1962.56767
266.668067,192,1963.229272
269.445422,155,1963.708708
264.237572,203,1966.672404
286.21036,155,1967.154843
9.545155,113,1967.502159
285.707061,225,1970.453845
263.729718,148,1970.929276
288.988349,173,1971.524818
32.572872,112,1974.150206
260.071319,195,1974.840835
284.449331,238,1975.652573
276.001709,223,1978.584239
245.878262,223,1979.280873
270.808137,202,1982.158491
279.36013,169,1982.676963
275.978216,179,1983.233469
261.005399,185,1986.035018
58.693528,137,1986.457401
266.571042,199,1987.093981
64.934598,122,1989.744392
258.802829,172,1990.312909
241.683541,204,1990.948487
297.212491,233,1993.952219
270.05074,190,1994.575787
278.765021,187,1995.16232
300.406889,205,1998.133022
283.780314,187,1998.713551
292.931418,161,2001.498083
268.374784,200,2002.177702
323.56134,205,2002.843307
270.156864,171,2005.632844
262.47828,195,2006.267422
264.645102,183,2006.866967
264.73424,194,2009.742583
43.782347,84,2010.009826
262.123264,179,2010.615377
271.947144,176,2013.431939
270.38751,174,2013.988445
304.620569,157,2014.472886
277.925125,180,2017.313469
296.687178,212,2017.981077
286.935039,207,2018.630668
312.578164,192,2021.459241
246.986091,150,2021.929669
266.488004,192,2024.81129
273.090597,185,2025.391819
294.331998,198,2026.025395
283.924987,186,2028.893004
249.870877,162,2029.395462
264.383544,168,2029.921939
280.80851,177,2032.752515
23.381217,74,2033.010749
288.659567,198,2033.618301
267.790082,180,2036.453881
292.651084,210,2037.111479
284.009548,164,2037.62895
299.513711,170,2040.530589
166.367354,1000,2048.4568
282.23374,161,2048.95225
277.579097,177,2049.50175
271.235803,192,2052.322316
24.637633,104,2052.644609
282.422427,159,2053.146065
292.931894,163,2053.650524
300.350148,165,2056.529142
295.230956,156,2057.010581
281.233367,200,2057.627141
6.778245,107,2060.18747
272.701356,160,2060.685923
292.163319,172,2061.230419
292.761502,134,2063.88083
258.201171,153,2064.370275
154.688479,1000,2072.447623
284.595155,209,2073.101218
285.174879,202,2075.974831
8.207397,114,2076.333157
160.166329,1000,2084.239349
259.924408,143,2084.683754
271.650493,207,2085.338349
268.257617,185,2088.170926
262.210609,187,2088.810508
292.347453,167,2091.623066
48.541,99,2091.952365
287.455491,184,2092.635987
248.337504,157,2093.143449
250.853197,156,2095.87093
23.937301,106,2096.199229
265.92544,199,2096.830803
272.823177,177,2099.588311
-9.872625,89,2099.869567
300.816999,211,2100.528166
293.450192,201,2103.430398
278.24928,175,2103.987905
294.467296,178,2104.540407
274.619099,209,2107.58818
290.871532,170,2108.109654
276.993342,192,2108.735223
270.374118,183,2111.572804
40.071755,109,2111.912113
297.353873,286,2115.057975
301.064998,150,2115.530404
52.292697,105,2115.862707
259.80081,180,2116.426219
264.261913,186,2119.245784
287.615252,150,2119.71421
277.440624,190,2120.313756
-7.037373,75,2122.904112
35.116923,83,2123.183366
279.936254,227,2123.997106
289.965736,197,2126.995834
184.644905,1000,2132.551888
294.878384,173,2135.333418
262.34775,185,2135.936968
20.983208,88,2136.213218
292.231169,168,2138.968725
280.109941,277,2139.840518
275.311602,212,2142.76718
261.048183,161,2143.263632
270.157253,191,2143.862178
307.048261,202,2146.760813
174.478062,1000,2154.523875
261.053846,172,2155.056359
289.115193,188,2155.648898
300.105218,180,2158.448445
297.49656,166,2158.980929
267.292446,194,2159.581475
183.652063,1000,2167.398586
159.200687,1000,2175.408873
56.544386,104,2177.996226
316.48475,177,2178.551732
298.610779,169,2179.070203
268.996599,156,2181.835719
256.39802,170,2182.366202
169.581244,1000,2190.550647
286.978071,159,2191.0491
306.541718,195,2193.903697
41.878162,95,2194.201968
283.631949,183,2194.765481
298.039774,205,2195.399057
-1.658396,117,2197.999422
294.574034,221,2198.682043
247.328193,160,2199.172491
272.575693,166,2201.957022
254.987167,170,2202.49351
274.137272,166,2203.006977
305.222015,161,2205.80152
285.977052,156,2206.315989
290.083715,183,2206.880502
262.135396,175,2209.732095
253.660392,172,2210.261577
72.86704,143,2210.70498
23.377219,127,2213.350387
277.119596,199,2214.065037
286.646813,185,2214.747657
262.55539,173,2217.75139
256.172448,181,2218.361959
307.087931,164,2218.922457
247.373403,164,2221.817088
270.579108,156,2222.392612
251.450849,149,2222.903076
291.00131,149,2225.66659
304.514901,235,2226.428283
281.23211,171,2226.979784
309.608483,245,2229.994527
292.32923,193,2230.59107
262.535256,159,2233.310543
69.375299,136,2233.726922
41.301442,94,2234.015184
257.476246,173,2234.553674
303.115894,181,2237.366232
287.685687,157,2237.907725
248.125629,176,2238.613367
308.995379,187,2241.6181
273.835859,201,2242.413824
281.924743,187,2243.047401
296.424791,200,2245.932024
269.842785,185,2246.511551
268.277464,199,2249.446221
280.42218,162,2250.01674
134.038174,1000,2258.074069
269.128443,181,2258.636581
252.807839,172,2261.400096
279.293598,195,2262.040678
282.517835,189,2262.643226
30.709174,91,2262.92248
286.734824,188,2265.728032
275.437553,176,2266.278533
292.158191,156,2266.784993
255.065925,155,2269.480445
24.542132,95,2269.775714
38.598063,114,2270.133039
273.95294,149,2270.590456
276.568,184,2273.474078
57.061161,109,2273.848418
45.886831,123,2274.281813
300.756628,227,2277.345599
295.277683,171,2277.990186
256.149049,171,2278.540687
45.604325,78,2281.209114
272.832172,205,2281.838687
284.1972,183,2282.415211
263.631395,185,2285.24979
29.875356,84,2285.513029
289.069743,159,2286.000473
261.96389,201,2288.854069
303.537606,172,2289.402568
-2.446642,116,2289.765898
34.484858,112,2290.111212
17.752105,108,2292.708575
23.737117,85,2292.971814
302.161244,253,2293.764535
19.38927,92,2294.047793
55.609582,87,2296.552071
32.632329,114,2296.920406
66.447894,85,2297.180643
-8.344844,89,2297.483919
293.253464,192,2298.086467
19.882642,108,2300.79393
6.64016,106,2301.125232
35.072835,119,2301.492565
5.55729,125,2301.923958
15.146829,77,2304.416225
269.859579,153,2304.887654
303.723244,211,2305.558264
54.426701,84,2305.817499
46.260026,138,2308.495936
273.321283,170,2309.014408
47.982539,123,2309.39075
271.477648,187,2312.240342
180.397073,1000,2320.105496
262.41154,189,2320.683022
269.182724,152,2321.156453
279.582385,153,2323.869921
65.067813,138,2324.302314
266.622099,213,2324.969921
279.746478,227,2327.908594
301.937839,178,2328.472108
281.958147,178,2329.017604
56.834758,104,2331.562919
258.223301,199,2332.182482
268.154614,190,2332.790035
278.050001,221,2335.749727
58.43099,102,2336.084031
262.618467,204,2336.72061
169.022228,1000,2344.644819
160.071016,1000,2352.60506
271.430917,159,2355.390594
257.541422,174,2355.932086
247.135279,188,2356.51862
279.782382,152,2359.254107
13.514519,114,2359.606428
-10.173875,113,2359.953744
186.532111,1000,2368.026088
273.85107,197,2368.673677
285.437698,162,2371.431185
273.668177,174,2371.965671
291.316634,296,2375.140559
280.300228,185,2375.718085
262.369761,199,2376.33965
168.818697,1000,2384.303895
261.841885,185,2387.297618
294.337374,152,2387.887154
282.398079,152,2388.397619
286.139388,217,2391.403352
258.77318,171,2391.930832
34.897152,93,2392.217093
276.980085,161,2392.706538
266.33063,170,2395.510089
279.182372,195,2396.122646
266.733614,189,2398.961227
262.39566,167,2399.509726
254.958689,911,2406.981523
257.935358,187,2407.6151
251.100322,190,2408.330751
257.462413,196,2411.269425
257.454996,180,2411.923018
40.830992,139,2412.435485
265.383502,198,2415.372156
173.728258,1000,2423.169249
134.740482,1000,2431.089453
291.44126,220,2431.787087
281.043853,178,2432.343594
283.969349,174,2435.106107
296.944895,816,2440.013571
286.395262,166,2442.766075
183.066557,1000,2450.693286
288.778702,184,2451.33487
305.81024,239,2454.423679
173.478113,1000,2460.061808
278.870514,157,2462.832328
285.176636,189,2463.467906
275.999455,169,2464.025414
284.360893,186,2466.897026
267.15334,159,2467.388473
264.309073,187,2470.293115
269.204726,193,2470.917684
289.602029,194,2471.51923
37.858282,117,2474.138613
146.87893,1000,2479.724694
278.584759,152,2482.499218
249.474209,160,2483.014687
272.786753,195,2483.635252
287.804654,156,2486.343716
151.030697,1000,2494.23089
287.775503,135,2494.641263
282.20942,177,2495.189762
290.071575,247,2498.206507
258.346526,162,2498.736989
25.341132,81,2498.992221
281.676346,150,2501.723706
287.46633,135,2502.160103
310.188387,156,2502.700595
261.839031,165,2503.291131
313.43085,177,2506.199778
-22.630041,116,2506.633172
168.826498,1000,2514.626443
275.254571,173,2515.178946
263.784998,143,2517.848374
271.377788,156,2518.365844
273.956636,137,2518.786227
272.398709,198,2521.640824
14.542056,76,2521.889049
281.76977,199,2522.498604
263.413557,172,2523.027085
254.199755,184,2525.837641
282.925117,166,2526.347105
248.801186,175,2526.900608
286.308898,187,2529.817261
280.666674,204,2530.460847
278.607807,143,2530.92427
-0.726597,93,2533.517627
296.0115,165,2534.077136
286.614114,143,2534.516536
279.148819,192,2537.413171
155.795543,1000,2545.479508
255.79509,146,2546.009991
285.42016,169,2546.609537
266.641461,152,2549.436108
164.058959,1000,2555.376511
289.869,202,2558.362227
65.81631,100,2558.718551
279.731241,187,2559.304084
268.409249,257,2562.409909
269.024935,168,2562.946397
257.987206,185,2565.772969
69.572645,83,2566.028201
284.343982,243,2566.802907
290.576124,155,2569.583435
241.052649,156,2570.085892
-9.983739,75,2570.322107
286.298955,180,2570.912644
44.140766,95,2573.468969
275.148744,179,2574.059506
268.17489,171,2574.663055
256.086694,173,2577.481619
267.733952,162,2578.079163
260.457897,149,2578.553595
268.417527,172,2581.343132
50.755017,81,2581.592358
-10.819494,72,2581.814561
266.837102,146,2582.27498
301.166655,168,2582.795453
265.745026,178,2585.640041
264.738783,180,2586.219568
164.113338,1000,2594.256879
295.829522,197,2594.883449
301.518532,161,2597.641959
55.54272,108,2597.983269
57.901586,124,2598.377628
284.081394,168,2601.190186
284.288755,209,2601.853789
259.486996,150,2602.314208
293.537652,157,2605.109751
169.662645,1000,2612.829774
258.24323,178,2613.390284
280.350149,188,2613.965807
250.332414,156,2616.691288
268.64334,185,2617.258803
291.879058,161,2617.760259
281.410304,171,2620.582826
291.602821,156,2621.069269
283.124175,237,2621.824956
261.370328,150,2624.614494
298.466981,210,2625.263084
251.923505,179,2625.829599
298.949736,143,2628.658172
284.576708,217,2629.458901
263.775049,206,2630.212586
253.19222,161,2633.035154
301.044303,185,2633.658721
177.965684,1000,2641.497852
302.193691,186,2642.114413
282.091963,141,2644.845897
49.488904,87,2645.121149
269.541849,217,2645.845807
280.967947,150,2648.594307
175.112471,1000,2656.530526
306.568886,212,2657.204139
294.622446,203,2657.85373
296.953183,161,2660.603231
289.932995,192,2661.212786
167.099499,1000,2669.016884
285.817236,169,2669.552372
286.919635,160,2672.357924
296.356034,209,2672.993502
299.78346,228,2675.978217
305.210463,175,2676.526716
299.727064,223,2677.268391
283.646571,232,2680.260112
284.587735,197,2680.867664
270.972462,177,2681.406154
57.183323,123,2684.024536
262.924453,157,2684.505974
-2.701541,125,2684.885319
258.9388,190,2687.723902
67.62956,91,2688.002154
301.861509,208,2688.636732
298.646082,157,2691.448289
298.947389,160,2691.93273
277.982664,146,2692.390146
46.183225,82,2692.644377
49.906939,112,2695.278774
24.624859,116,2695.640103
283.902878,201,2696.272678
270.47158,210,2699.175318
29.002714,132,2699.612716
276.754109,162,2700.116174
277.443817,162,2700.645655
147.877755,1000,2708.456761
181.411722,1000,2716.384973
308.744279,175,2719.180516
268.101856,192,2719.778059
272.178567,147,2720.223465
30.120148,125,2722.873876
277.561955,174,2723.41737
274.133159,163,2723.919827
283.495494,187,2726.710366
288.857477,170,2727.232841
267.43818,165,2727.738301
269.361519,219,2730.652952
258.450591,155,2731.15641
256.466489,161,2731.67288
46.481937,143,2734.362326
283.243245,178,2734.911826
286.72088,205,2735.554411
21.143531,89,2738.065696
271.896071,176,2738.603184
286.557154,182,2739.19272
305.334976,200,2742.10637
281.890257,235,2742.837035
19.443792,111,2743.176344
47.650874,89,2743.444588
289.150211,189,2746.335217
302.179186,196,2746.937765
50.808284,93,2747.232033
283.932325,206,2750.120661
313.316869,187,2750.712199
281.840619,163,2751.218659
281.543161,149,2753.959152
265.990483,187,2754.553693
41.353279,109,2754.906014
88.260152,99,2757.483359
277.231251,166,2758.039864
304.73968,220,2758.787545
275.491629,167,2761.58609
313.757496,225,2762.31175
271.745068,152,2762.788184
63.305369,137,2765.468622
277.262028,196,2766.09319
256.671042,158,2766.581635
288.471366,195,2769.568351
273.667481,207,2770.261982
263.118541,170,2770.796468
273.515193,191,2773.630046
246.794837,165,2774.168536
46.51321,108,2774.502841
295.458964,170,2777.267354
267.410185,167,2777.773815
295.49543,205,2778.417401
299.649223,173,2781.224955
44.718321,138,2781.666356
202.856371,1000,2789.459445
268.846967,165,2789.981921
291.941703,196,2792.884561
249.170099,160,2793.375007
272.957971,198,2793.996572
263.401228,155,2796.754081
80.153097,105,2797.090387
279.747661,189,2797.698941
274.547375,179,2800.573555
271.457297,153,2801.080016
292.761216,209,2801.810681
304.942517,163,2804.643258
290.497341,174,2805.179746
274.784676,153,2805.650173
278.521406,193,2808.520785
270.013343,188,2809.110321
272.434502,161,2809.622787
54.490694,91,2809.910048
263.989577,170,2812.678567
256.785035,179,2813.229067
278.529225,169,2813.769559
157.144352,1000,2821.694768
300.368014,221,2824.715516
278.662276,194,2825.337082
267.600749,150,2828.053553
253.481579,186,2828.648093
36.294664,129,2829.049458
305.642009,228,2832.017158
45.972238,141,2832.446549
248.143287,165,2832.973028
273.699263,185,2835.805605
289.07285,181,2836.376123
265.738163,203,2837.0107
293.6041,189,2839.839273
265.310112,223,2840.550921
287.241404,211,2843.541641
271.146506,180,2844.102151
296.091314,179,2844.700696
271.547787,167,2847.568304
287.089604,153,2848.049742
316.637702,233,2848.766393
288.802274,200,2851.606978
292.179169,191,2852.212529
57.702213,109,2852.553839
264.365713,168,2855.320356
38.921467,128,2855.711711
37.01216,102,2856.027999
268.589417,180,2856.604524
289.138275,164,2859.39306
23.740918,127,2859.784416
31.329247,103,2860.103707
254.70214,196,2862.964309
248.567432,183,2863.528822
266.884466,195,2864.144382
274.965727,175,2866.943929
28.341913,125,2867.342292
299.725603,196,2867.948843
42.329966,112,2870.543204
283.325305,210,2871.1988
259.391301,167,2871.726279
289.65284,185,2874.538838
258.365512,193,2875.14539
282.166041,204,2875.786973
283.763087,193,2878.653581
44.763397,122,2879.039932
284.949724,264,2882.111727
265.366354,153,2882.587159
290.216283,201,2883.226741
24.245908,116,2883.595076
296.266249,149,2886.273512
3.029096,119,2886.653858
279.998331,191,2887.2494
262.51612,182,2890.037937
53.280316,96,2890.351222
53.299386,129,2890.756591
271.835222,184,2891.337119
259.726565,201,2894.203726
28.975564,83,2894.459959
23.597069,121,2894.838303
298.184863,166,2897.64886
16.803729,108,2897.997177
296.122064,186,2898.596722
0.060755,119,2898.959052
289.962315,210,2901.973794
152.158809,1000,2909.960059
32.926994,98,2910.25733
36.222939,105,2910.594637
24.262846,101,2910.919932
31.123906,104,2913.53331
38.196449,124,2913.917659
324.299214,228,2914.628305
288.209699,165,2917.44787
54.483515,112,2917.795186
273.808478,196,2918.433767
257.488592,168,2921.180265
283.791723,153,2921.6577
304.868221,203,2922.312296
253.418707,153,2922.821759
25.785253,109,2925.409112
39.215853,95,2925.705382
259.559124,190,2926.291915
16.148789,117,2926.653245
280.680355,157,2929.393737
264.450847,169,2929.967259
62.56592,139,2930.412664
282.880018,172,2933.266259
289.358564,164,2933.821765
268.203066,210,2934.502384
272.356891,202,2937.424042
20.56893,83,2937.689283
41.623913,138,2938.115671
276.861636,155,2940.873179
278.454979,168,2941.416673
263.559215,157,2941.922133
292.232306,205,2944.895838
293.241802,178,2945.588468
74.138348,99,2945.94179
241.463131,180,2948.890472
266.949742,175,2949.467997
294.41331,168,2949.989472
273.998258,147,2950.439882
269.468046,198,2953.30749
308.496103,208,2953.950075
46.149794,109,2954.287381
283.60821,194,2957.15499
309.625093,226,2957.861633
259.749794,162,2960.636157
285.447683,192,2961.257722
62.539198,121,2961.642071
258.952911,176,2964.456632
263.062518,151,2964.933065
309.322994,187,2965.505586
268.400059,169,2968.282112
251.410653,175,2968.831612
304.083486,196,2969.447171
299.606366,227,2972.414871
276.60672,157,2972.903316
276.787783,186,2973.47984
295.37296,178,2976.267376
273.007297,191,2976.866921
315.78747,178,2977.454455
300.346221,176,2980.283028
268.692457,179,2980.835531
287.647377,203,2983.707144
57.736465,138,2984.13253
274.623809,176,2984.69304
296.708432,179,2987.5076
262.984608,192,2988.174207
48.891821,96,2988.470476
264.815309,160,2988.966928
268.815215,169,2991.76147
287.720475,196,2992.401051
259.760217,169,2992.987585
280.837345,166,2995.832173
290.8489,215,2996.615885
263.116293,161,2999.497507
295.912403,176,3000.057016
272.260875,195,3000.669573
262.042974,146,3003.377863
273.330866,183,3004.022449
297.766054,146,3004.510894
270.236602,205,3007.493607
288.694882,182,3008.160214
259.928499,175,3008.784781
267.243106,177,3011.581326
43.924045,103,3011.908623
266.037882,167,3012.435102
254.82702,160,3012.935559
281.875133,147,3015.675049
282.402335,179,3016.273594
289.696462,226,3019.301349
276.321089,160,3019.837836
302.196667,158,3020.38033
289.77203,186,3023.275964
288.578696,152,3023.771414
295.619393,177,3024.376965
285.102261,189,3027.223554
299.01684,183,3027.880152
278.216681,187,3028.502718
274.558627,173,3031.3403
257.769421,198,3032.004904
280.289259,366,3035.490074
305.696505,179,3036.036571
264.317564,162,3036.54103
262.874982,187,3039.426656
274.152824,141,3039.866055
318.517165,163,3040.379522
275.889914,179,3043.216102
295.916352,192,3043.816648
272.662209,189,3044.399179
294.401084,165,3047.154685
272.209054,143,3047.618107
275.992075,167,3048.147588
298.638333,179,3050.948136
298.24088,189,3051.534669
263.663687,146,3051.996089
283.140103,180,3054.803643
44.471502,105,3055.123934
277.372665,187,3055.698457
289.142184,188,3058.523026
281.960362,180,3059.073527
265.92423,173,3059.600006
-8.469972,80,3059.852236
271.350799,171,3062.712838
278.787946,174,3063.256332
301.115821,143,3063.688725
281.955793,159,3066.396188
304.257964,202,3067.019755
30.341809,120,3067.394096
277.011475,186,3070.210659
30.855636,103,3070.524945
56.843954,135,3070.939321
289.358858,185,3073.782907
47.145965,81,3074.035136
-0.769131,120,3074.4345
282.67619,173,3074.97299
293.29933,132,3077.672446
281.64654,153,3078.157887
42.215367,88,3078.430135
4.72145,117,3078.785458
291.647768,144,3081.455887
279.993463,181,3082.03041
274.187818,191,3082.643968
307.217551,174,3085.424497
70.19052,110,3085.763806
289.193308,181,3086.32932
252.602069,155,3086.806755
267.063804,157,3089.527229
257.191051,154,3090.014673
24.900297,113,3090.356984
269.384485,180,3093.14452
249.669162,168,3093.674001
243.304039,152,3094.139425
290.191133,141,3096.874913
300.356841,195,3097.475459
280.124185,199,3098.112039
-143.458913,88,3098.379282
260.645805,143,3101.089747
297.398387,156,3101.569183
241.277123,153,3102.04962
-8.951371,110,3104.637975
278.831046,161,3105.144437
294.630846,167,3105.681924
277.72289,183,3108.499487
264.961224,145,3108.937886
287.112511,156,3109.413319
295.115704,188,3112.234886
310.950776,195,3112.859453
294.566829,220,3113.547079
33.666959,88,3116.093395
12.844743,111,3116.435707
244.950878,169,3116.962186
47.487792,126,3117.353542
254.3452,178,3120.216146
291.285133,194,3120.856729
175.294891,1000,3128.924067
161.577222,1000,3136.698138
295.555372,149,3137.167565
43.15762,128,3137.569932
279.874218,169,3140.333445
318.555878,185,3140.922982
281.260148,186,3143.776577
293.678845,172,3144.343093
257.565565,166,3144.905605
283.589893,145,3145.376033
305.405318,189,3148.260656
279.14294,194,3148.889228
261.41011,167,3151.658747
287.290917,153,3152.151196
263.342626,140,3152.590595
293.316374,186,3153.177128
289.338446,174,3155.934637
254.40045,175,3156.470124
275.429978,143,3156.909524
288.777838,179,3159.683047
289.851322,187,3160.290599
273.755929,161,3160.78605
292.937803,195,3163.669673
18.500602,99,3163.974951
54.490658,84,3164.268218
18.868107,114,3164.620538
260.643473,160,3167.428092
269.111621,156,3167.910531
179.115282,1000,3175.695612
289.329146,181,3176.287151
282.335786,194,3179.193795
291.141052,185,3179.864405
77.025357,148,3180.43092
290.216028,198,3183.339566
279.32883,192,3183.932104
295.501383,175,3184.478602
180.526455,1000,3192.400809
264.164858,173,3195.199354
278.903708,178,3195.768872
275.223997,141,3196.212276
275.412812,176,3199.026836
298.162795,216,3199.696445
278.837573,188,3202.511005
278.558698,173,3203.060505
293.91351,207,3203.709095
255.96861,150,3206.433573
277.390945,176,3206.975066
263.700343,148,3207.432482
286.478476,192,3210.336123
275.902802,136,3210.766515
280.628301,182,3211.328026
276.016788,179,3214.123569
287.481369,160,3214.64204
247.87992,167,3215.150503
268.330098,182,3217.947047
256.072416,141,3218.42348
248.550786,162,3218.946956
264.409167,183,3219.506465
258.17916,182,3222.299005
242.63621,156,3222.795457
299.005238,201,3225.738134
276.306159,184,3226.303648
255.217192,148,3226.754058
266.58093,167,3229.500556
279.848287,176,3230.057062
280.868346,166,3230.59255
279.327425,165,3233.336046
-3.512192,87,3233.609294
36.168852,130,3234.01166
277.991116,161,3234.527129
283.278124,166,3237.34269
26.65877,80,3237.591917
54.896601,131,3237.990279
292.935336,203,3238.653883
284.364767,171,3241.521491
273.592403,171,3242.044967
82.86846,130,3242.444331
173.120878,1000,3250.169358
290.836791,147,3252.880825
61.550947,94,3253.175092
282.49293,167,3253.696566
67.293307,105,3254.026867
309.395193,159,3256.780371
50.364309,122,3257.15271
255.747188,169,3257.70221
263.730274,175,3258.330782
258.950197,154,3261.117316
266.278283,183,3261.861994
278.295496,199,3264.898757
286.657905,147,3265.355171
284.850166,196,3265.966728
288.375596,137,3266.389112
165.744207,1000,3274.267279
54.226871,116,3276.953722
297.514306,164,3277.477198
62.334677,134,3277.897581
252.614197,223,3280.833251
258.709269,350,3281.933252
288.455914,157,3284.682753
286.94641,197,3285.302316
308.679253,221,3285.996948
182.148613,1000,3293.811057
25.327764,98,3296.382396
288.674447,140,3296.807783
272.756748,145,3297.260194
297.804317,172,3300.043726
295.989229,177,3300.613244
317.1724,158,3301.106693
270.182261,192,3303.962291
317.975375,283,3304.86311
251.255587,147,3305.321527
296.115313,204,3308.212156
281.806811,174,3308.75465
40.472396,91,3309.042912
246.328573,177,3311.809429
274.455421,173,3312.346918
279.698512,149,3312.814343
322.871952,200,3315.675946
284.273268,178,3316.222443
279.481803,150,3316.684864
296.480959,161,3319.427359
279.644762,161,3319.921808
311.59451,173,3320.466304
32.449667,115,3320.830635
270.741742,164,3323.59515
258.161496,157,3324.124631
276.927878,183,3324.740191
154.068355,1000,3332.772498
233.616434,155,3335.530006
278.492201,173,3336.082509
277.115457,159,3336.596977
273.97708,147,3339.291428
264.731175,185,3339.888972
26.984509,123,3340.29434
296.70386,188,3343.201985
268.20488,164,3343.763496
259.218338,739,3348.543844
36.429299,107,3351.120188
52.062189,144,3351.565593
305.762453,169,3352.086067
270.285012,181,3354.912638
287.783997,165,3355.422101
313.757843,163,3355.9706
268.151731,146,3356.453039
301.428683,196,3359.335661
33.670738,134,3359.775062
40.710159,78,3360.029292
-2.795928,79,3360.305543
286.004872,194,3363.17115
281.287147,184,3363.759685
68.464373,96,3364.065964
283.966158,212,3367.010643
56.444547,87,3367.308914
18.448629,104,3367.635211
33.70599,84,3367.895448
300.555962,163,3370.685986
254.82688,164,3371.223475
298.886576,160,3371.736942
48.066757,151,3374.484442
277.650136,178,3375.151048
59.024729,79,3375.462331
271.724435,192,3376.201003
36.414437,126,3378.992542
177.176112,1000,3386.892729
-12.029955,124,3387.275076
265.633353,213,3387.957697
263.428222,878,3395.461523
259.086538,188,3396.127128
252.141414,185,3399.017758
299.543516,149,3399.603291
224.865801,593,3404.029317
-34.912652,69,3404.250518
297.745569,209,3407.179182
270.973577,142,3407.619583
277.396228,187,3408.217126
276.60531,667,3414.978276
261.065341,168,3415.49875
277.87188,172,3416.041244
283.24751,175,3418.875822
244.446086,165,3419.476368
278.98465,206,3420.207033
122.651215,1000,3428.321414
284.171386,198,3431.215046
243.387977,200,3431.84562
269.258923,185,3434.740253
318.480371,217,3435.424876
189.440521,1000,3443.337073
8.760694,90,3443.614325
278.909401,175,3444.175836
172.549285,1000,3452.147087
262.375406,174,3454.929618
309.351804,168,3455.480119
275.927083,205,3456.122704
269.687819,189,3458.967292
306.319837,841,3464.2541
49.097639,93,3466.850462
272.900494,146,3467.339907
273.317569,150,3467.800331
261.562793,184,3470.61889
46.916211,137,3471.037271
261.973504,165,3471.554741
308.323939,225,3474.484407
262.867525,168,3475.014889
242.378414,148,3475.481314
21.419264,95,3475.779585
111.890708,1000,3483.610708
247.484721,178,3486.432276
251.432832,158,3486.914714
38.580664,108,3487.252021
258.349528,163,3490.052568
262.32931,163,3490.566035
295.134338,200,3491.194607
266.185286,153,3493.999158
274.08211,184,3494.578685
283.567056,168,3495.10016
288.326503,170,3497.886695
259.857815,156,3498.403164
74.462024,110,3498.74047
297.13057,220,3499.461127
247.207635,178,3502.34475
41.225125,87,3502.651028
301.761142,149,3503.200528
282.070345,170,3506.064133
255.837548,273,3506.984971
287.263158,186,3509.844572
286.007839,229,3510.556219
257.371041,166,3511.089704
285.664534,201,3513.975329
275.19811,152,3514.440753
58.034292,89,3514.721008
256.034827,179,3517.525559
278.808376,153,3518.005996
50.291405,121,3518.378334
291.285735,163,3518.877789
287.327669,158,3521.647308
252.678998,160,3522.150766
172.159883,1000,3530.037941
163.997927,1000,3537.855052
274.8902,183,3538.448591
284.537245,194,3541.315199
301.227987,161,3541.830668
263.937323,164,3542.348139
294.438452,198,3545.26279
248.985244,166,3545.899369
287.617879,181,3546.574984
263.558666,190,3549.536678
297.504206,180,3550.100191
290.087933,174,3550.74878
265.38268,210,3553.721485
288.340107,164,3554.368073
269.051031,163,3554.981631
179.580686,1000,3563.15907
298.823083,195,3566.166806
241.057081,225,3566.975541
191.721299,1000,3574.825682
278.477289,181,3577.623227
284.14911,200,3578.250798
257.80954,158,3578.749251
283.233642,185,3581.563812
295.419984,196,3582.171364
283.729144,168,3582.704849
258.49228,155,3585.471366
240.105939,148,3585.943795
263.208768,165,3586.490293
268.977334,156,3589.245799
291.11224,147,3589.758265
262.806909,197,3590.458903
267.314791,164,3593.25945
289.660074,169,3593.790934
263.186561,167,3594.306403
278.987668,167,3594.834883
260.626322,182,3597.701491
270.0153,163,3598.273011
272.990558,166,3598.852538
294.689483,183,3601.754178
284.372765,201,3602.438303
172.485852,1000,3610.227712
-266.315884,127,3610.619068
275.061966,183,3613.442636
56.506734,88,3613.730899
86.211051,106,3614.061199
300.231068,158,3614.550645
275.299081,133,3617.248098
40.029767,140,3617.6895
290.01989,166,3618.224987
249.179052,160,3620.993505
243.899584,151,3621.469939
259.483747,189,3622.100512
259.539577,157,3624.858021
294.701467,273,3625.720806
260.425169,176,3628.510343
33.966968,132,3628.937732
285.524393,157,3629.424174
33.415833,127,3629.833546
65.980383,84,3630.092783
44.773251,111,3632.682138
315.782588,228,3633.441829
54.02776,113,3633.789145
298.535946,155,3636.551658
288.100862,213,3637.221267
295.080818,189,3637.816809
288.517144,155,3640.526273
263.366279,174,3641.056756
292.427815,181,3641.632279
290.327424,161,3644.408805
183.811373,1000,3652.398072
271.048413,163,3652.919547
266.530574,184,3653.49507
299.215189,149,3656.202533
64.283057,81,3656.470777
36.850586,107,3656.843116
279.106334,209,3657.581788
51.858317,130,3660.271235
293.747165,177,3660.927832
269.963372,166,3661.535384
271.676301,174,3664.331928
271.710844,161,3664.836387
36.072973,123,3665.239754
292.463921,142,3667.947217
312.157793,200,3668.570784
292.328595,158,3669.070238
282.383018,187,3671.895809
305.264259,209,3672.543398
262.710769,292,3675.887439
291.941147,137,3676.37188
145.811629,1000,3684.255051
26.911001,77,3684.512285
286.914752,159,3685.046771
44.603473,127,3687.785263
255.278729,152,3688.306738
287.825033,158,3688.844226
281.777649,202,3691.775892
173.122948,1000,3697.484085
286.920423,197,3700.353695
266.591473,169,3700.87517
297.302276,195,3703.771805
284.995704,171,3704.311296
48.031701,147,3704.828767
139.949525,1000,3713.083275
170.861268,1000,3720.913398
280.011834,186,3721.596019
305.815363,159,3724.547703
278.041981,150,3725.095201
70.47097,106,3725.424501
252.82305,276,3728.585376
50.677156,111,3728.956715
277.694943,193,3729.566269
157.489916,1000,3737.545527
152.856503,1000,3745.503767
259.903959,198,3748.462457
273.451976,162,3748.969919
275.550443,219,3749.668555
45.631018,132,3752.354998
298.463996,194,3752.955545
279.957773,154,3753.431978
247.728912,172,3756.198495
268.267994,169,3756.791034
246.014765,169,3757.322517
273.180567,150,3760.019971
263.067181,169,3760.542446
274.796397,168,3761.070927
303.398673,154,3763.820428
305.702839,187,3764.417972
42.545588,98,3764.731257
306.660393,200,3767.596863
-6.718338,141,3768.053279
272.926952,216,3768.789949
256.64953,184,3771.655555
300.275032,192,3772.303144
274.250338,171,3772.868659
281.223997,157,3775.588133
273.383467,131,3775.9925
289.06103,188,3776.58604
323.891682,187,3779.428626
280.391342,173,3779.98213
274.096646,204,3780.614705
286.374399,173,3783.426262
267.940954,192,3784.021805
23.066017,134,3784.437183
260.08298,174,3787.287775
182.831714,1000,3794.966761
57.171597,127,3795.36212
285.356769,191,3795.961665
291.014469,182,3798.77022
292.277188,202,3799.406799
-7.060196,76,3799.647018
288.771977,201,3802.572679
280.890522,140,3803.015082
271.456826,166,3803.543562
280.015209,152,3804.013991
48.722795,135,3806.678414
252.076148,151,3807.171863
260.110831,149,3807.694338
27.321158,97,3808.027642
42.76797,118,3810.672047
287.975318,168,3811.219545
33.92816,98,3811.547843
294.223269,176,3814.345388
29.536198,88,3814.627645
260.25879,152,3815.100075
277.717741,153,3815.574507
261.905815,164,3818.335017
291.469181,226,3819.040659
270.502001,165,3819.555127
284.835265,153,3822.266594
291.636109,184,3822.86714
39.026357,87,3823.137386
302.18492,198,3826.024012
293.374754,157,3826.517461
303.238028,197,3827.232111
276.016053,184,3830.172786
285.442581,197,3830.949492
285.674602,183,3831.643123
260.991361,161,3834.395627
39.631641,116,3834.753953
270.231712,209,3835.477611
277.415146,181,3838.295174
264.442501,193,3838.910734
294.559188,157,3839.40118
275.080379,184,3842.212738
272.32799,162,3842.720199
301.344361,211,3845.689901
276.809852,168,3846.210374
20.104978,84,3846.471612
284.436448,148,3846.94204
318.392035,219,3849.898729
25.340854,90,3850.173981
283.843299,162,3850.685445
265.452773,176,3853.503008
265.846662,173,3854.038495
284.926096,152,3854.52694
279.601679,198,3857.476623
251.316428,161,3857.995095
271.142161,144,3858.468525
261.038377,151,3858.94696
278.322683,154,3861.679446
280.780181,161,3862.180902
270.999971,165,3862.696371
