#{"t_start": 1604345651.7627103, "env_id": "SparseMountainCar-v0"}
r,l,t
0,200,2.072551
0,200,2.806479
0,200,15.435153
0,200,16.188145
0,200,16.92805
0,200,21.840031
0,200,22.573998
0,200,27.459245
0,200,28.197117
0,200,28.93311
0,200,33.842622
0,200,34.595218
0,200,39.521272
0,200,40.284611
0,200,41.017565
0,200,45.906129
0,200,46.628436
0,200,51.508828
0,200,52.266234
0,200,52.992467
0,200,57.882416
0,200,58.609079
0,200,59.323945
0,200,64.207401
0,200,64.948242
0,200,69.883881
0,200,70.652607
0,200,71.412903
0,200,76.317362
0,200,77.059645
0,200,81.99888
0,200,82.710383
0,200,83.425755
0,200,88.297467
0,200,89.038777
0,200,93.864956
0,200,94.624782
0,200,95.397417
0,200,100.236229
0,200,100.965782
0,200,105.820116
0,200,106.567831
0,200,107.319808
0,200,112.178332
0,200,112.91769
0,200,113.649663
0,200,118.489015
0,200,119.209815
3.71,181,123.969501
0,200,124.690263
0,200,125.415047
0,200,130.279222
0,200,131.02393
0,200,135.908984
0,200,136.643381
6.77,147,137.183005
0,200,142.02241
0,200,142.742195
0,200,143.48309
6.59,149,148.126755
6.32,152,148.681026
6.5,150,149.210921
0,200,154.08233
0,200,154.79821
0,200,155.568894
6.77,147,160.237269
0,200,160.979592
6.86,146,161.49773
7.04,144,166.164443
2.45,195,166.870088
2.63,193,167.561628
0,200,172.383015
6.68,148,172.912874
6.86,146,173.434961
6.95,145,178.082826
6.95,145,178.607798
6.5,150,179.136174
6.5,150,183.763136
6.86,146,184.298383
6.41,151,184.87215
6.14,154,185.431849
6.68,148,190.081202
6.86,146,190.622271
6.68,148,191.201465
7.04,144,195.801983
6.68,148,196.339653
6.14,154,196.907091
6.95,145,197.436441
7.22,142,202.115596
0,200,202.855421
7.31,141,203.360826
7.31,141,208.000058
6.86,146,208.525031
5.96,156,209.09692
6.95,145,213.775038
6.23,153,214.319507
0,200,215.04183
6.68,148,219.675158
6.68,148,220.205991
6.59,149,220.748039
7.04,144,221.270117
6.86,146,225.924207
6.59,149,226.48194
6.86,146,227.018671
6.86,146,231.6319
6.95,145,232.17203
0,200,232.910334
7.04,144,237.686131
6.95,145,238.21548
6.68,148,238.762915
7.04,144,239.297619
7.31,141,243.961658
7.13,143,244.483665
6.95,145,244.994027
7.13,143,245.515136
6.86,146,250.163462
6.77,147,250.712813
7.31,141,251.2222
6.86,146,255.855776
6.95,145,256.385163
6.95,145,256.923265
6.86,146,257.464334
6.86,146,262.12241
7.13,143,262.663442
6.59,149,263.214277
6.77,147,267.980781
0,200,268.725994
6.77,147,269.26898
6.77,147,273.913128
7.13,143,274.440017
6.77,147,274.967959
6.95,145,275.490003
6.59,149,280.155157
5.33,163,280.754328
7.13,143,281.27249
6.59,149,285.934803
0,200,286.679043
6.95,145,287.205031
6.95,145,291.866759
6.41,151,292.438106
6.95,145,292.995312
7.67,137,293.492904
6.77,147,298.117412
6.95,145,298.652663
6.95,145,299.195254
7.04,144,303.800591
7.04,144,304.319707
7.04,144,304.851517
7.4,140,305.35505
6.68,148,310.068362
6.68,148,310.603065
7.04,144,311.126125
7.04,144,322.875412
3.89,179,323.585977
6.95,145,324.107513
6.95,145,324.663779
7.13,143,329.636491
7.4,140,330.154094
6.77,147,330.70001
6.86,146,335.451465
4.34,174,336.10586
6.95,145,336.635718
5.96,156,337.207137
7.04,144,341.880079
6.5,150,342.418725
7.13,143,342.96522
7.31,141,347.619812
6.23,153,348.163775
6.23,153,348.742967
9.29,119,349.177551
5.15,165,353.917954
6.95,145,354.43367
7.04,144,354.975679
6.32,152,359.601443
6.86,146,360.123486
7.49,139,360.629943
6.86,146,361.168551
7.4,140,365.78159
9.65,115,366.198669
6.95,145,366.728563
4.25,175,371.484489
6.77,147,372.020639
6.68,148,372.552018
7.04,144,373.098479
7.22,142,377.719967
9.2,120,378.185369
6.5,150,378.71714
9.74,114,379.123403
6.59,149,383.767068
6.68,148,384.299892
7.4,140,384.820489
9.38,118,389.380862
2.63,193,390.071351
6.14,154,390.62566
10.19,109,391.013912
7.31,141,395.626585
10.1,110,396.050426
10.28,108,396.455786
9.47,117,396.889467
10.01,111,401.417644
8.12,132,401.910391
7.13,143,402.424118
6.68,148,402.972107
6.14,154,407.643994
6.5,150,408.223188
10.01,111,408.63824
7.31,141,413.258441
6.59,149,413.834198
7.67,137,414.326436
6.86,146,414.851453
6.95,145,419.554218
10.01,111,420.019115
6.59,149,420.61198
10.19,109,421.048337
6.95,145,425.76667
9.38,118,426.20129
10.28,108,426.600717
2.0,200,427.331753
9.47,117,431.995808
7.04,144,432.517309
10.28,108,432.926578
7.58,138,433.422296
10.1,110,438.014246
9.56,116,438.450313
6.95,145,438.996809
8.03,133,439.478817
10.1,110,444.03161
10.01,111,444.42959
10.01,111,444.837373
7.49,139,445.332505
10.19,109,449.834265
10.19,109,450.24834
9.47,117,450.672733
9.83,113,451.075594
9.65,115,451.495529
6.95,145,456.148304
10.28,108,456.547266
6.68,148,457.07814
7.22,142,461.743181
7.04,144,462.267143
6.95,145,462.808758
9.83,113,463.232167
10.01,111,467.812042
7.13,143,468.342331
9.92,112,468.756406
3.62,182,469.419079
9.92,112,473.968853
6.59,149,474.539221
6.59,149,475.120408
6.23,153,475.711753
10.1,110,480.350857
6.86,146,480.922279
6.95,145,481.464794
10.1,110,481.879847
10.1,110,486.38607
5.87,157,486.937845
9.74,114,487.317739
9.83,113,487.695683
9.56,116,492.058118
10.19,109,492.431176
10.01,111,492.814977
9.65,115,493.213427
10.1,110,497.55145
8.93,123,497.959665
10.01,111,498.331747
9.56,116,498.746798
7.04,144,503.209825
10.01,111,503.582884
10.19,109,503.956918
9.92,112,504.347557
9.83,113,504.742098
9.83,113,509.074262
6.5,150,509.580136
9.74,114,509.963937
6.77,147,510.462
10.28,108,514.782444
9.83,113,515.163315
6.5,150,515.667236
9.83,113,516.040294
10.01,111,520.364645
10.1,110,520.751375
9.83,113,521.134199
10.1,110,521.51312
6.68,148,522.019969
6.23,153,526.55331
9.74,114,526.939064
10.01,111,527.311145
9.92,112,527.69397
10.01,111,532.028086
9.74,114,532.405051
6.41,151,532.921668
9.83,113,533.295703
10.1,110,537.595639
10.1,110,537.982369
9.83,113,538.361287
9.83,113,538.755831
9.65,115,543.139753
10.1,110,543.514765
10.01,111,543.888799
6.86,146,544.388814
6.68,148,548.855749
9.56,116,549.250291
9.92,112,549.630186
6.32,152,550.143873
10.19,109,550.512048
10.19,109,554.829563
9.92,112,555.224106
10.01,111,555.596187
9.83,113,555.983895
9.92,112,560.282854
10.19,109,560.657865
5.15,165,561.20964
5.87,157,561.757508
9.92,112,566.108227
10.19,109,566.482262
10.01,111,566.869969
7.04,144,567.349476
10.28,108,571.753906
9.56,116,572.155286
6.41,151,572.661161
10.1,110,573.031289
5.33,163,577.52752
10.28,108,577.887882
10.37,107,578.249222
10.19,109,578.61349
10.01,111,578.991432
6.59,149,583.427114
6.23,153,583.944708
10.28,108,584.309953
10.1,110,584.682035
10.01,111,589.023964
10.1,110,589.390186
6.05,155,589.913639
6.41,151,590.421468
9.92,112,594.725309
10.1,110,595.100321
5.78,158,595.64233
9.83,113,596.028084
6.86,146,600.480368
9.92,112,600.861239
6.59,149,601.374926
5.24,164,605.902408
9.92,112,606.27742
10.01,111,606.647548
9.92,112,607.026466
9.92,112,607.399524
9.92,112,611.790283
6.95,145,612.291275
9.92,112,612.666286
9.83,113,613.05497
5.78,158,624.03675
9.92,112,624.410785
10.1,110,624.790679
9.83,113,625.176433
9.56,116,629.566216
9.74,114,629.968572
10.01,111,630.33284
9.65,115,630.732267
5.96,156,635.203106
9.92,112,635.592766
10.01,111,635.980473
10.19,109,636.346695
9.92,112,636.719754
10.01,111,641.088051
9.65,115,641.472828
9.83,113,641.873231
3.26,186,642.515831
6.23,153,647.014013
9.83,113,647.392931
3.8,180,647.996464
9.92,112,652.350113
10.01,111,652.736845
9.74,114,653.110878
10.01,111,653.475147
9.83,113,653.856019
9.74,114,658.236035
10.01,111,658.623742
9.47,117,659.019262
9.56,116,659.405015
9.92,112,663.772336
9.56,116,664.165903
9.65,115,664.577048
9.65,115,664.981358
10.28,108,665.348557
10.1,110,669.748104
5.06,166,670.300856
5.33,163,670.853607
9.74,114,671.225688
9.65,115,675.583243
9.92,112,675.966067
9.83,113,676.355728
10.28,108,676.728786
9.65,115,681.077551
9.47,117,681.477954
9.92,112,681.864685
10.01,111,682.23286
9.65,115,682.620567
9.56,116,686.96738
6.32,152,687.479113
9.74,114,687.863891
10.46,106,688.23695
9.92,112,692.563253
9.47,117,692.968539
9.92,112,693.345503
9.92,112,693.720515
10.37,107,698.047796
9.65,115,698.441362
9.74,114,698.823209
9.47,117,699.20994
6.14,154,699.735346
9.92,112,704.057744
9.92,112,704.429826
9.56,116,704.836088
9.65,115,705.233561
9.83,113,709.570607
9.29,119,709.981752
9.29,119,710.38997
9.65,115,710.793301
5.06,166,715.303203
10.1,110,715.669426
9.83,113,716.054203
9.92,112,716.436051
9.92,112,716.828641
9.74,114,721.153968
9.47,117,721.548511
9.2,120,721.945008
9.56,116,722.332715
9.56,116,726.698082
6.05,155,727.226418
9.65,115,727.614125
9.47,117,728.00281
10.01,111,732.405287
5.51,161,732.950226
9.47,117,733.341839
9.11,121,733.736383
10.01,111,738.125188
3.44,184,738.753137
9.83,113,739.141821
9.65,115,739.581288
6.59,149,744.297251
9.92,112,744.683982
9.47,117,745.076572
9.65,115,745.467209
9.65,115,749.797419
9.29,119,750.204658
9.65,115,750.598225
9.56,116,751.002534
9.56,116,751.389264
5.69,159,756.031008
10.1,110,756.417738
9.92,112,756.83279
9.11,121,757.294718
9.56,116,761.674734
9.74,114,762.068301
9.65,115,762.459914
10.01,111,762.849575
9.65,115,767.202248
9.65,115,767.601674
9.47,117,767.995239
9.74,114,768.382946
9.65,115,768.781396
9.83,113,773.117466
9.74,114,773.502243
5.78,158,774.040346
10.28,108,774.399732
9.65,115,778.791466
9.65,115,779.169408
9.47,117,779.561998
9.74,114,779.941892
10.01,111,784.259407
9.38,118,784.660786
9.83,113,785.044587
9.47,117,785.443037
9.65,115,785.823908
9.92,112,790.115054
9.56,116,790.512529
10.01,111,790.893398
10.01,111,791.277199
9.56,116,795.652333
9.29,119,796.043946
9.65,115,796.431653
9.65,115,796.823267
9.74,114,797.228552
9.2,120,801.587084
5.15,165,802.147648
6.14,154,802.680867
9.38,118,807.014983
9.56,116,807.435895
9.29,119,807.851923
9.29,119,808.263068
9.83,113,808.653705
9.83,113,813.021026
4.52,172,813.612841
0,200,814.285713
9.47,117,818.673542
9.74,114,819.05246
5.51,161,819.602281
9.56,116,819.986082
9.92,112,824.321175
9.65,115,824.729391
9.56,116,825.116121
9.65,115,825.512617
9.74,114,829.881891
9.83,113,830.259833
9.65,115,830.663165
9.92,112,831.042083
6.41,151,835.533431
9.92,112,835.911372
9.65,115,836.294196
9.47,117,836.697529
9.65,115,837.080353
9.83,113,841.443767
9.65,115,841.828544
5.51,161,842.393991
5.06,166,842.963345
4.97,167,847.472271
9.74,114,847.866814
6.14,154,848.377572
2.99,189,852.977322
9.47,117,853.360146
9.65,115,853.746876
9.38,118,854.146302
5.6,160,858.651323
9.56,116,859.062468
9.74,114,859.449198
6.23,153,859.968745
9.74,114,864.299933
9.47,117,864.708148
9.83,113,865.091949
9.29,119,865.483562
9.38,118,869.816703
9.74,114,870.212223
9.47,117,870.612625
9.56,116,871.003262
9.38,118,871.396828
9.47,117,875.711413
9.47,117,876.104979
9.02,122,876.521008
9.56,116,876.929224
9.2,120,881.261387
9.47,117,881.651047
9.47,117,882.038754
9.56,116,882.431344
9.74,114,886.775227
9.65,115,887.156098
9.2,120,887.552594
6.05,155,888.08972
9.65,115,892.404305
9.11,121,892.828145
9.56,116,893.219759
9.2,120,893.625045
6.14,154,898.064633
9.47,117,898.471872
9.65,115,898.874228
9.74,114,899.266819
9.38,118,899.667222
9.74,114,903.998408
9.56,116,904.383185
9.38,118,904.807026
5.33,163,905.350988
9.56,116,916.176514
6.59,149,916.698991
9.38,118,917.104276
9.38,118,917.522258
9.56,116,921.870047
9.2,120,922.278262
9.56,116,922.678665
9.38,118,923.084927
9.56,116,927.410254
9.11,121,927.822376
9.47,117,928.227662
8.12,132,928.680801
9.38,118,933.150664
9.02,122,933.554973
9.47,117,933.958305
9.2,120,934.361638
9.47,117,934.751298
9.38,118,939.110806
9.65,115,939.494607
9.56,116,939.921378
9.47,117,940.335453
9.47,117,944.66371
9.56,116,945.064113
9.56,116,945.452796
9.2,120,945.858083
9.02,122,950.240052
5.96,156,950.772295
9.65,115,951.164884
9.74,114,951.554545
9.38,118,951.952018
9.65,115,956.289064
9.56,116,956.684584
9.56,116,957.076198
5.78,158,957.603558
9.47,117,961.95037
9.47,117,962.338077
9.47,117,962.739456
9.56,116,963.132046
9.47,117,967.55015
3.89,179,968.152707
9.38,118,968.566782
9.65,115,968.978904
9.11,121,973.348178
9.83,113,973.740768
9.65,115,974.133358
9.47,117,974.523995
9.38,118,978.848346
5.42,162,979.399143
5.15,165,979.957756
9.56,116,980.353274
10.46,106,984.756729
9.56,116,985.161038
9.02,122,985.57902
9.65,115,985.973563
9.74,114,990.317445
9.47,117,990.716871
4.43,173,991.297944
9.38,118,991.70323
9.47,117,996.025627
9.83,113,996.408451
9.56,116,996.816666
9.83,113,997.216093
9.65,115,997.601847
9.38,118,1001.951593
9.65,115,1002.356875
9.38,118,1002.777786
9.92,112,1003.16647
4.43,173,1007.686138
9.02,122,1008.091424
9.02,122,1008.507453
9.47,117,1008.924457
9.56,116,1013.287872
9.29,119,1013.683392
9.2,120,1014.108209
8.93,123,1014.530097
9.47,117,1018.910114
9.47,117,1019.310516
9.2,120,1019.709943
9.38,118,1020.113276
9.47,117,1020.516608
4.88,168,1025.028465
9.47,117,1025.454258
9.56,116,1025.844895
9.47,117,1030.196591
9.74,114,1030.59211
9.29,119,1031.007162
9.56,116,1031.403658
5.33,163,1035.901843
9.29,119,1036.301268
9.38,118,1036.699718
9.56,116,1037.095238
9.47,117,1037.487829
9.38,118,1041.812179
10.1,110,1042.186214
10.01,111,1042.556342
12.08,88,1042.870805
9.47,117,1043.257535
5.42,162,1047.761579
5.51,161,1048.303587
5.69,159,1048.850479
11.54,94,1053.125023
5.15,165,1053.69047
9.47,117,1054.09185
9.47,117,1054.497136
9.29,119,1058.849808
9.56,116,1059.25021
9.38,118,1059.652566
9.83,113,1060.034415
9.47,117,1064.363647
9.2,120,1064.779676
9.2,120,1065.184962
9.2,120,1065.591224
12.53,83,1065.877365
9.38,118,1070.203669
9.38,118,1070.604072
9.38,118,1071.010334
9.11,121,1071.430269
12.26,86,1071.7252
9.29,119,1076.069082
9.02,122,1076.498783
9.47,117,1076.903092
9.11,121,1077.310331
9.11,121,1081.663979
9.29,119,1082.062429
9.74,114,1082.450136
9.29,119,1082.854445
9.47,117,1087.336028
9.29,119,1087.738384
9.38,118,1088.138786
10.37,107,1088.505008
9.47,117,1088.900541
9.56,116,1093.264919
9.38,118,1093.664345
9.11,121,1094.094046
9.56,116,1094.490542
4.79,169,1098.991656
9.2,120,1099.391082
9.38,118,1099.814923
8.93,123,1100.222162
9.29,119,1104.604131
9.29,119,1105.019184
9.47,117,1105.406891
9.65,115,1105.796551
9.47,117,1110.243952
9.74,114,1110.641425
9.47,117,1111.053547
9.56,116,1111.442231
9.11,121,1111.844587
9.56,116,1116.194329
9.29,119,1116.598638
10.01,111,1116.987321
9.56,116,1117.377959
9.11,121,1121.833172
9.83,113,1122.210137
9.11,121,1122.620306
11.99,89,1122.927932
9.2,120,1127.305019
9.47,117,1127.695656
9.2,120,1128.102895
9.2,120,1128.521852
9.65,115,1128.932998
9.56,116,1133.23684
9.02,122,1133.644079
9.38,118,1134.048389
8.93,123,1134.468323
8.84,124,1138.817088
9.38,118,1139.214561
9.02,122,1139.625707
9.29,119,1140.041735
9.29,119,1144.373899
9.2,120,1144.796763
9.02,122,1145.214744
9.47,117,1145.608311
9.38,118,1145.998948
9.29,119,1150.359432
12.17,87,1150.660223
9.2,120,1151.069415
9.29,119,1151.476654
9.47,117,1155.794168
9.2,120,1156.204337
11.99,89,1156.51587
9.11,121,1156.937758
9.47,117,1157.324489
9.47,117,1161.653723
9.74,114,1162.038499
9.56,116,1162.429136
8.84,124,1162.852001
9.02,122,1167.147053
12.53,83,1167.430265
9.38,118,1167.825786
9.65,115,1168.230095
9.29,119,1168.628545
9.65,115,1172.987075
9.47,117,1173.380642
9.92,112,1173.757607
9.2,120,1174.182425
9.47,117,1178.533143
9.38,118,1178.92085
11.54,94,1179.237266
9.47,117,1179.633762
9.2,120,1180.047837
9.65,115,1184.47766
8.93,123,1184.91908
9.11,121,1185.330225
9.11,121,1185.745277
9.38,118,1190.090136
9.47,117,1190.487608
9.65,115,1190.881176
9.56,116,1191.274742
9.11,121,1195.632297
9.83,113,1196.011214
9.56,116,1196.42822
9.38,118,1196.85792
9.29,119,1197.252463
9.56,116,1208.276237
9.11,121,1208.708867
9.38,118,1209.114153
12.35,85,1209.405178
12.44,84,1209.678623
9.56,116,1214.00395
12.08,88,1214.31353
9.65,115,1214.716863
12.26,86,1215.021559
9.29,119,1215.422939
5.24,164,1219.902568
9.29,119,1220.296134
9.56,116,1220.69556
9.74,114,1221.093034
3.8,180,1225.65372
9.38,118,1226.064865
9.83,113,1226.454525
6.05,155,1230.938061
12.17,87,1231.236897
6.14,154,1231.764257
12.53,83,1232.043563
4.34,174,1236.579834
11.99,89,1236.903086
11.45,95,1237.223409
4.7,170,1237.796668
9.02,122,1242.202076
9.2,120,1242.6308
9.29,119,1243.040968
12.08,88,1243.332969
9.11,121,1243.746068
9.56,116,1248.096786
9.2,120,1248.505002
9.56,116,1248.897592
12.44,84,1249.173968
11.9,90,1249.489407
9.38,118,1253.840125
12.26,86,1254.127245
9.38,118,1254.52374
9.29,119,1254.927073
4.07,177,1259.460414
9.47,117,1259.864723
9.38,118,1260.260243
9.2,120,1260.682131
9.47,117,1265.049452
5.96,156,1265.592437
5.51,161,1266.129563
12.08,88,1266.429376
5.78,158,1270.946115
11.72,92,1271.266438
12.08,88,1271.564298
5.69,159,1272.111191
9.11,121,1276.497066
4.79,169,1277.080091
9.38,118,1277.476588
12.26,86,1277.76566
9.47,117,1278.148484
9.38,118,1282.543149
4.88,168,1283.128128
11.9,90,1283.417199
12.26,86,1283.716036
9.11,121,1288.100951
9.2,120,1288.500362
9.65,115,1288.891975
9.2,120,1289.293355
9.29,119,1293.644073
9.38,118,1294.044476
4.25,175,1294.629455
9.02,122,1295.055249
9.38,118,1299.418663
8.84,124,1299.837621
11.72,92,1300.163804
9.29,119,1300.577878
4.88,168,1305.213762
9.11,121,1305.609282
9.02,122,1306.032146
12.08,88,1306.32317
4.16,176,1310.900458
11.9,90,1311.195389
8.75,125,1311.62216
9.11,121,1312.030376
8.75,125,1312.438591
12.08,88,1316.74341
12.35,85,1317.026621
11.99,89,1317.323506
8.39,129,1317.761019
11.99,89,1318.060833
8.93,123,1322.380301
8.93,123,1322.794376
8.66,126,1323.208451
8.93,123,1323.624481
8.84,124,1327.975199
12.08,88,1328.273058
5.42,162,1328.833622
9.02,122,1329.245744
9.02,122,1333.623807
9.02,122,1334.044718
8.84,124,1334.4627
8.66,126,1334.909979
5.06,166,1339.408163
2.99,189,1340.050761
9.2,120,1340.443351
9.11,121,1340.866216
8.75,125,1345.255022
8.93,123,1345.677886
12.44,84,1345.963051
5.87,157,1346.49627
3.98,178,1351.016915
8.93,123,1351.433921
3.98,178,1352.036478
9.11,121,1356.444816
9.2,120,1356.86475
12.44,84,1357.147962
9.11,121,1357.549341
4.88,168,1362.042642
12.26,86,1362.340503
4.25,175,1362.936224
9.11,121,1363.329791
4.25,175,1367.864109
9.2,120,1368.269395
3.71,181,1368.906133
9.38,118,1369.300676
8.57,127,1373.66995
3.98,178,1374.266648
4.43,173,1374.856509
9.38,118,1379.204298
8.66,126,1379.624243
9.29,119,1380.028542
8.84,124,1380.442617
11.72,92,1384.709349
8.93,123,1385.129283
12.17,87,1385.418355
12.08,88,1385.714262
9.02,122,1386.125408
11.99,89,1390.413625
9.29,119,1390.805238
11.45,95,1391.120677
8.39,129,1391.549401
9.11,121,1391.955663
8.84,124,1396.316148
8.48,128,1396.768311
5.15,165,1397.347429
9.29,119,1397.755646
3.89,179,1402.288986
5.33,163,1402.85834
8.75,125,1403.289016
9.29,119,1407.67001
9.29,119,1408.070412
9.02,122,1408.477651
12.26,86,1408.768676
9.38,118,1409.174938
9.11,121,1413.595972
12.26,86,1413.885043
8.93,123,1414.299118
10.19,109,1414.670223
12.08,88,1418.940861
8.93,123,1419.353959
4.34,174,1419.935032
9.29,119,1420.341294
9.29,119,1424.734983
9.2,120,1425.155894
12.08,88,1425.446919
3.26,186,1426.07682
9.29,119,1430.431445
9.11,121,1430.847474
5.24,164,1431.397295
4.52,172,1431.981297
9.38,118,1436.366197
12.17,87,1436.660151
8.57,127,1437.096688
9.11,121,1437.497091
9.29,119,1441.896638
9.02,122,1442.302901
9.2,120,1442.735531
9.29,119,1443.15156
9.02,122,1447.533529
8.84,124,1447.958346
9.02,122,1448.362656
12.08,88,1448.677119
8.84,124,1449.097053
8.84,124,1453.569846
11.9,90,1453.867707
8.57,127,1454.297407
8.93,123,1454.711483
5.96,156,1458.252606
8.93,123,1458.685236
8.93,123,1459.093451
9.02,122,1459.505574
8.84,124,1462.952945
4.79,169,1463.516438
3.62,182,1464.128762
8.66,126,1467.583945
8.93,123,1468.00974
9.29,119,1468.407212
9.11,121,1468.817381
12.26,86,1469.107429
5.06,166,1472.656365
8.93,123,1473.069464
8.57,127,1473.506977
4.52,172,1477.130136
8.75,125,1477.567648
8.93,123,1477.989536
8.93,123,1478.40654
12.26,86,1478.71319
9.29,119,1482.150796
8.84,124,1482.565847
12.08,88,1482.87152
9.11,121,1483.282666
8.66,126,1493.19996
8.75,125,1493.64431
9.2,120,1494.046665
8.84,124,1494.462693
8.48,128,1497.912018
9.02,122,1498.336836
8.12,132,1498.801694
9.02,122,1499.207956
5.96,156,1502.715875
8.93,123,1503.137763
8.39,129,1503.582113
8.66,126,1504.004
8.75,125,1507.42891
8.93,123,1507.846891
5.15,165,1508.417221
8.84,124,1508.854734
8.57,127,1512.364607
8.39,129,1512.80798
8.39,129,1513.235727
8.3,130,1513.690819
8.39,129,1517.120611
8.39,129,1517.553241
8.93,123,1517.968294
5.33,163,1518.512255
11.45,95,1521.879545
8.48,128,1522.304363
8.75,125,1522.732111
4.07,177,1523.331738
11.63,93,1526.76153
8.66,126,1527.19709
9.02,122,1527.612142
11.72,92,1527.921721
8.21,131,1531.356396
4.16,176,1531.945282
11.99,89,1532.257792
11.81,91,1532.574207
8.75,125,1536.004976
8.48,128,1536.439559
8.57,127,1536.887815
8.84,124,1537.297984
8.93,123,1537.726708
11.18,98,1541.11353
8.75,125,1541.560809
9.29,119,1541.959259
8.84,124,1542.365521
8.48,128,1545.812892
12.08,88,1546.108799
4.97,167,1546.6762
12.35,85,1546.958435
9.02,122,1550.380414
9.11,121,1550.804255
8.93,123,1551.219306
8.39,129,1551.669516
9.11,121,1555.114933
8.57,127,1555.54561
8.48,128,1555.982147
11.36,96,1556.291727
9.2,120,1556.701896
12.08,88,1560.01059
8.75,125,1560.418806
12.26,86,1560.715692
12.08,88,1561.012574
8.57,127,1561.441298
8.57,127,1564.904295
8.93,123,1565.315439
8.93,123,1565.730491
9.02,122,1566.143589
8.66,126,1569.632955
9.02,122,1570.046052
9.02,122,1570.464034
11.9,90,1570.784356
4.43,173,1574.393841
9.02,122,1574.817682
8.93,123,1575.258125
3.89,179,1575.870449
8.75,125,1579.347117
4.7,170,1579.920377
8.39,129,1580.355937
9.11,121,1583.801354
9.02,122,1584.208593
8.66,126,1584.655872
9.2,120,1585.068971
9.11,121,1585.484999
11.99,89,1588.832758
8.84,124,1589.257575
3.71,181,1589.864039
9.02,122,1590.279091
5.15,165,1593.861231
4.97,167,1594.434491
5.42,162,1594.992125
6.05,155,1598.537155
8.84,124,1598.963926
9.02,122,1599.376048
5.42,162,1602.924984
9.02,122,1603.332223
9.47,117,1603.744345
9.2,120,1604.151584
5.15,165,1607.74349
9.11,121,1608.145846
4.97,167,1608.746451
4.97,167,1609.318734
8.66,126,1612.78466
9.2,120,1613.194829
4.07,177,1613.803245
3.98,178,1617.428356
12.26,86,1617.72524
9.11,121,1618.138339
8.93,123,1618.563156
5.15,165,1622.168735
12.08,88,1622.469525
8.93,123,1622.895319
5.87,157,1623.420726
8.84,124,1626.86712
9.02,122,1627.2685
9.02,122,1627.6816
8.75,125,1628.100556
9.11,121,1631.50691
4.34,174,1632.088959
8.84,124,1632.500104
3.44,184,1633.124147
9.02,122,1636.559798
8.66,126,1636.984617
8.93,123,1637.393808
12.08,88,1637.700458
8.93,123,1641.137086
8.3,130,1641.575576
9.02,122,1641.984768
11.99,89,1642.292395
4.34,174,1645.899927
12.35,85,1646.182162
11.99,89,1646.494672
8.66,126,1646.918513
9.02,122,1647.330634
9.02,122,1650.76238
9.29,119,1651.15497
8.75,125,1651.582717
9.11,121,1651.990933
12.35,85,1655.30158
9.02,122,1655.70589
9.2,120,1656.103363
8.66,126,1656.5399
9.02,122,1659.979458
9.29,119,1660.373024
8.75,125,1660.793936
8.75,125,1661.21387
9.2,120,1661.614273
9.2,120,1665.024533
8.93,123,1665.439585
4.97,167,1666.006985
8.84,124,1669.457286
9.2,120,1669.872337
9.11,121,1670.284459
9.29,119,1670.702441
12.08,88,1670.994442
9.38,118,1674.611739
8.93,123,1675.034604
8.66,126,1675.452585
9.2,120,1675.865684
9.29,119,1679.261295
9.02,122,1679.679276
9.11,121,1680.089446
9.2,120,1680.510356
9.11,121,1683.91964
9.11,121,1684.328832
12.44,84,1684.610091
9.2,120,1685.026119
5.33,163,1685.580824
11.99,89,1688.900261
9.02,122,1689.306524
10.1,110,1689.695207
4.25,175,1690.284092
9.74,114,1693.689469
9.11,121,1694.095732
8.66,126,1694.523479
11.99,89,1694.828176
5.96,156,1698.356604
9.11,121,1698.771655
8.84,124,1699.19159
9.11,121,1699.605666
8.75,125,1703.150695
9.11,121,1703.587232
8.93,123,1704.0267
11.81,91,1704.346044
8.93,123,1704.79137
8.66,126,1708.285617
11.99,89,1708.585431
8.93,123,1709.003412
8.84,124,1709.424324
9.02,122,1712.247652
9.11,121,1712.667587
9.2,120,1713.082638
8.57,127,1713.513316
8.66,126,1716.375708
9.02,122,1716.792712
12.44,84,1717.068111
8.57,127,1717.485116
12.08,88,1717.781024
11.99,89,1720.649275
8.48,128,1721.106321
8.93,123,1721.538951
8.75,125,1721.950097
8.84,124,1724.772448
4.79,169,1725.334965
11.99,89,1725.635756
12.08,88,1725.92678
8.84,124,1726.346714
9.11,121,1735.620434
8.57,127,1736.052089
4.34,174,1736.649763
11.9,90,1736.952507
8.75,125,1739.79732
8.93,123,1740.219208
8.75,125,1740.647932
9.2,120,1741.053217
8.84,124,1743.895101
12.35,85,1744.174407
8.84,124,1744.617779
9.11,121,1745.025995
12.17,87,1745.313113
9.11,121,1748.159879
12.08,88,1748.449928
8.75,125,1748.894277
8.84,124,1749.296633
9.11,121,1752.123868
8.93,123,1752.551615
8.66,126,1752.995965
8.57,127,1753.412969
11.99,89,1756.119106
5.06,166,1756.694319
8.75,125,1757.107418
8.75,125,1757.520517
8.3,130,1760.37705
11.99,89,1760.682722
12.08,88,1760.982537
8.93,123,1761.388799
9.2,120,1761.790178
8.75,125,1764.640851
8.93,123,1765.063715
5.78,158,1765.594981
12.26,86,1765.889912
8.84,124,1768.718124
8.66,126,1769.150754
8.57,127,1769.584361
8.84,124,1770.001365
9.11,121,1772.850085
5.33,163,1773.390141
8.93,123,1773.800309
8.75,125,1774.220244
8.84,124,1777.101191
8.66,126,1777.520149
4.79,169,1778.08462
8.93,123,1778.495765
9.11,121,1781.327883
8.84,124,1781.74977
8.93,123,1782.149197
4.52,172,1785.170773
9.11,121,1785.589731
9.02,122,1786.018456
8.66,126,1786.446203
3.8,180,1789.502937
8.57,127,1789.933613
9.02,122,1790.362338
8.48,128,1790.796921
9.29,119,1793.603647
8.48,128,1794.036278
11.99,89,1794.338045
9.02,122,1794.75212
8.57,127,1795.175962
8.57,127,1798.0364
8.48,128,1798.465124
5.24,164,1799.023735
8.57,127,1801.83925
8.66,126,1802.266997
8.57,127,1802.698651
11.99,89,1803.008231
8.93,123,1803.441838
8.57,127,1806.313996
8.75,125,1806.751509
8.84,124,1807.17242
8.66,126,1807.600168
9.02,122,1810.422519
8.75,125,1810.84636
12.17,87,1811.136408
8.84,124,1811.549507
8.84,124,1814.401158
8.84,124,1814.83574
8.84,124,1815.258605
8.66,126,1815.676586
8.66,126,1818.50675
9.11,121,1818.921804
8.75,125,1819.346619
9.2,120,1819.744093
9.02,122,1820.154261
8.84,124,1823.02056
8.66,126,1823.443424
5.15,165,1823.996175
9.11,121,1826.846848
4.97,167,1827.417178
8.93,123,1827.828323
12.26,86,1828.114465
4.97,167,1831.124322
8.93,123,1831.528631
4.25,175,1832.139003
8.48,128,1832.578468
8.84,124,1835.410587
9.2,120,1835.809036
8.84,124,1836.227993
8.75,125,1836.665507
4.61,171,1839.662668
4.79,169,1840.222256
4.16,176,1840.832627
9.02,122,1843.728222
8.66,126,1844.14425
4.61,171,1844.726299
8.75,125,1845.15307
4.25,175,1848.21957
3.62,182,1848.84166
5.24,164,1849.401247
9.11,121,1852.2402
4.88,168,1852.819319
8.66,126,1853.24609
9.2,120,1856.13192
9.11,121,1856.544043
5.33,163,1857.113396
0,200,1857.785291
8.75,125,1860.668191
9.11,121,1861.073477
8.84,124,1861.497318
8.57,127,1861.925066
2.99,189,1865.009144
4.7,170,1865.591193
8.75,125,1866.014057
8.57,127,1868.8618
8.93,123,1869.270016
9.11,121,1869.687998
9.02,122,1870.105002
0,200,1873.208612
8.75,125,1873.638314
8.84,124,1874.051412
8.84,124,1874.47623
9.47,117,1877.290768
9.11,121,1877.697031
8.57,127,1878.122825
5.69,159,1878.66874
8.84,124,1881.493045
8.84,124,1881.911026
8.84,124,1882.320219
8.57,127,1882.751873
9.11,121,1885.589849
8.93,123,1886.000995
8.84,124,1886.417023
9.02,122,1886.836958
11.09,99,1889.597785
3.26,186,1890.22085
8.84,124,1890.650551
12.08,88,1890.959154
8.84,124,1893.80592
8.84,124,1894.219019
9.11,121,1894.636024
8.75,125,1895.069631
8.93,123,1897.907608
8.84,124,1898.331449
9.02,122,1898.756267
9.02,122,1899.164482
9.29,119,1901.955583
11.72,92,1902.259303
9.65,115,1902.64701
8.66,126,1903.084523
8.93,123,1903.500551
12.35,85,1906.193993
3.8,180,1906.814129
9.11,121,1907.236017
9.2,120,1907.637397
8.66,126,1910.465608
8.75,125,1910.885542
9.2,120,1911.295711
11.99,89,1911.613104
9.02,122,1914.444245
9.47,117,1914.84953
8.75,125,1915.260675
9.11,121,1915.664985
9.2,120,1916.075154
8.93,123,1918.917037
4.34,174,1919.518618
8.75,125,1919.929763
9.02,122,1922.778484
8.84,124,1923.200371
9.11,121,1923.60175
9.02,122,1924.013872
9.02,122,1926.844036
9.74,114,1927.239556
8.84,124,1927.672187
9.02,122,1928.07552
9.2,120,1928.481782
8.84,124,1931.319759
9.02,122,1931.736764
9.11,121,1932.148886
9.47,117,1932.542452
8.84,124,1935.391172
9.02,122,1935.803294
9.02,122,1936.219323
9.2,120,1936.620702
9.56,116,1939.410826
4.43,173,1940.006547
8.75,125,1940.429411
9.02,122,1940.837628
8.66,126,1950.174826
9.02,122,1950.613316
9.02,122,1951.037157
8.84,124,1951.446349
12.17,87,1954.166158
12.08,88,1954.467927
9.02,122,1954.894696
9.02,122,1955.311701
9.2,120,1955.719917
11.72,92,1958.447538
9.02,122,1958.867474
9.2,120,1959.26983
11.81,91,1959.572573
9.29,119,1959.972976
8.75,125,1962.831462
8.93,123,1963.252373
9.11,121,1963.664495
8.93,123,1964.077593
9.11,121,1966.899945
8.66,126,1967.329646
9.11,121,1967.754463
12.08,88,1968.043535
8.75,125,1970.894208
9.29,119,1971.286798
8.57,127,1971.724311
9.29,119,1972.121784
9.29,119,1974.920697
11.27,97,1975.248832
9.29,119,1975.653141
8.84,124,1976.074053
9.11,121,1976.490081
8.84,124,1979.331964
9.02,122,1979.752877
8.75,125,1980.167928
8.66,126,1980.588839
9.83,113,1983.395565
9.11,121,1983.805734
9.2,120,1984.208089
9.2,120,1984.622165
9.02,122,1987.445493
8.57,127,1987.907421
8.84,124,1988.313684
8.57,127,1988.75901
9.11,121,1991.608707
9.02,122,1992.024734
9.56,116,1992.407558
12.35,85,1992.69663
9.65,115,1993.079453
8.93,123,1995.877391
8.84,124,1996.296349
4.07,177,1996.895
9.02,122,1997.307122
9.11,121,2000.155841
8.93,123,2000.564057
8.75,125,2000.986924
8.75,125,2001.418576
3.8,180,2004.427456
8.84,124,2004.849344
8.93,123,2005.272209
8.84,124,2005.686283
9.56,116,2008.501799
8.93,123,2008.906108
8.66,126,2009.329949
9.02,122,2009.739141
8.75,125,2012.59372
8.84,124,2013.029281
9.02,122,2013.438473
8.93,123,2013.855479
9.2,120,2016.689548
9.2,120,2017.091905
9.11,121,2017.495237
3.62,182,2018.112443
8.66,126,2020.96214
9.11,121,2021.36645
9.65,115,2021.759039
9.29,119,2022.168232
9.02,122,2024.975934
9.02,122,2025.389032
8.84,124,2025.811897
9.38,118,2026.20351
8.66,126,2029.059066
9.02,122,2029.49072
3.89,179,2030.086441
8.84,124,2030.501493
8.93,123,2033.351189
8.66,126,2033.77503
8.75,125,2034.193989
8.75,125,2034.613923
12.35,85,2037.324943
12.35,85,2037.605225
9.11,121,2038.018323
9.56,116,2038.418726
12.17,87,2038.714634
8.66,126,2041.611206
9.38,118,2041.997937
9.02,122,2042.415919
8.84,124,2042.84269
8.75,125,2045.699221
8.84,124,2046.106461
11.81,91,2046.415064
9.2,120,2046.829139
8.84,124,2047.245167
12.17,87,2049.987439
8.66,126,2050.40835
5.15,165,2050.98747
9.11,121,2051.392755
9.02,122,2054.238544
8.75,125,2054.656526
8.84,124,2055.080367
8.84,124,2055.503232
8.84,124,2058.340232
10.01,111,2058.72208
8.84,124,2059.142014
8.84,124,2059.565855
9.02,122,2062.392113
8.93,123,2062.832556
9.11,121,2063.248585
8.75,125,2063.669496
8.75,125,2066.507473
8.75,125,2066.936197
8.75,125,2067.352225
9.11,121,2067.764348
8.75,125,2070.615997
8.66,126,2071.040815
3.8,180,2071.65802
5.24,164,2072.204912
8.66,126,2075.053632
5.24,164,2075.60736
9.11,121,2076.018505
8.84,124,2076.433557
8.48,128,2079.26958
8.57,127,2079.711977
5.24,164,2080.263752
4.34,174,2083.286304
11.63,93,2083.598814
9.02,122,2084.011913
4.16,176,2084.628143
8.75,125,2087.493464
4.52,172,2088.088209
9.11,121,2088.495449
8.75,125,2088.942727
8.84,124,2091.769962
8.57,127,2092.208452
8.57,127,2092.643036
4.97,167,2095.627501
11.63,93,2095.940988
8.66,126,2096.371664
8.48,128,2096.816991
8.84,124,2097.235949
8.93,123,2100.097364
8.66,126,2100.537807
4.88,168,2101.112043
9.02,122,2103.978342
9.29,119,2104.381674
8.75,125,2104.827
12.17,87,2105.119001
4.43,173,2105.716676
11.72,92,2108.479456
11.72,92,2108.802707
9.11,121,2109.209947
4.61,171,2109.791019
12.26,86,2112.507898
4.52,172,2113.098737
3.71,181,2113.712037
8.75,125,2116.570523
4.34,174,2117.169173
8.84,124,2117.593014
5.51,161,2118.143813
2.81,191,2121.222031
8.93,123,2121.631223
8.93,123,2122.046275
9.02,122,2124.890112
12.26,86,2125.175277
8.93,123,2125.591305
8.66,126,2126.00831
9.02,122,2126.427268
8.93,123,2129.258409
11.72,92,2129.570919
11.9,90,2129.883428
4.52,172,2130.467431
8.84,124,2133.336659
8.57,127,2133.780031
12.26,86,2134.068126
8.75,125,2134.500757
9.02,122,2134.925574
9.29,119,2137.754762
8.84,124,2138.180556
5.06,166,2138.749909
8.84,124,2141.597652
4.34,174,2142.175795
8.57,127,2142.619168
8.75,125,2143.054728
8.84,124,2145.886845
8.66,126,2146.322406
9.02,122,2146.733552
8.84,124,2147.148603
11.72,92,2147.45037
8.75,125,2150.319598
8.66,126,2150.753205
8.84,124,2151.186812
12.08,88,2151.488579
9.29,119,2154.341205
8.75,125,2154.765046
9.11,121,2155.168378
8.66,126,2155.58929
8.93,123,2164.932348
8.93,123,2165.350329
8.75,125,2165.806398
8.39,129,2166.234146
9.02,122,2169.10142
8.66,126,2169.540887
8.75,125,2169.968634
8.75,125,2170.386616
11.45,95,2170.72647
4.34,174,2173.772461
8.75,125,2174.19728
4.88,168,2174.771515
8.48,128,2177.627071
8.93,123,2178.03724
4.7,170,2178.617335
8.93,123,2179.0402
8.48,128,2181.920171
12.17,87,2182.214125
8.75,125,2182.640895
8.93,123,2183.061807
8.84,124,2185.932011
8.84,124,2186.341204
8.93,123,2186.763091
4.61,171,2187.332447
4.34,174,2190.376483
8.39,129,2190.829622
8.39,129,2191.251509
8.93,123,2194.105112
8.93,123,2194.527
4.16,176,2195.136394
8.3,130,2195.583673
8.66,126,2198.461691
9.11,121,2198.880649
8.57,127,2199.309372
8.57,127,2199.752745
9.02,122,2202.601465
8.48,128,2203.044837
8.75,125,2203.45989
8.84,124,2203.89545
8.57,127,2206.763701
8.66,126,2207.191449
11.99,89,2207.485403
8.75,125,2207.915103
3.44,184,2211.027503
5.42,162,2211.583184
12.08,88,2211.874208
3.98,178,2212.470906
11.09,99,2215.262007
9.11,121,2215.677059
8.66,126,2216.105783
12.17,87,2216.403643
8.48,128,2219.24162
8.84,124,2219.667414
8.3,130,2220.107858
8.93,123,2220.522909
11.9,90,2220.830537
12.08,88,2223.523978
8.48,128,2223.957585
8.75,125,2224.37752
11.81,91,2224.693935
8.66,126,2227.542654
5.69,159,2228.078804
8.93,123,2228.492879
8.84,124,2228.933322
8.93,123,2231.780089
8.75,125,2232.191234
12.26,86,2232.480305
11.81,91,2232.796721
9.02,122,2233.20982
9.11,121,2236.039008
12.17,87,2236.331985
8.75,125,2236.761686
11.99,89,2237.074195
12.53,83,2237.360337
12.08,88,2240.107491
8.75,125,2240.537191
8.66,126,2240.964939
9.02,122,2241.381944
12.08,88,2241.690547
8.66,126,2244.58126
9.11,121,2245.00803
8.93,123,2245.421129
5.6,160,2245.969974
5.42,162,2248.932955
4.16,176,2249.512074
8.93,123,2249.918338
12.26,86,2252.654749
9.29,119,2253.049291
5.96,156,2253.571769
12.26,86,2253.851074
9.11,121,2254.265149
9.2,120,2257.114845
12.08,88,2257.412706
4.52,172,2258.006474
8.93,123,2258.421525
8.93,123,2261.25169
8.57,127,2261.689203
4.34,174,2262.270276
8.93,123,2265.104347
9.11,121,2265.513539
9.02,122,2265.920778
8.84,124,2266.334853
8.57,127,2266.773343
4.7,170,2269.785153
4.88,168,2270.394547
9.2,120,2270.811551
3.62,182,2273.85852
5.06,166,2274.413224
12.08,88,2274.714991
8.93,123,2275.152504
8.93,123,2278.004153
11.99,89,2278.296155
8.39,129,2278.74441
12.17,87,2279.044225
8.57,127,2281.885131
8.48,128,2282.313855
12.26,86,2282.613669
8.57,127,2283.048253
8.57,127,2283.47893
12.26,86,2286.190927
8.93,123,2286.605002
8.75,125,2287.044468
8.66,126,2287.466357
8.48,128,2290.336561
8.48,128,2290.793606
3.17,187,2291.431321
8.75,125,2291.856138
8.39,129,2294.717553
11.99,89,2295.019321
9.02,122,2295.436325
8.84,124,2295.846495
8.57,127,2298.70791
8.84,124,2299.127845
9.02,122,2299.539966
8.66,126,2299.956971
8.84,124,2302.827176
3.8,180,2303.42778
12.08,88,2303.727594
8.66,126,2304.141669
12.08,88,2306.901519
3.44,184,2307.515795
8.84,124,2307.93573
8.84,124,2308.350782
12.35,85,2311.075474
9.02,122,2311.492479
8.84,124,2311.912414
11.81,91,2312.219064
9.02,122,2312.635092
12.26,86,2315.316814
12.26,86,2315.620534
8.84,124,2316.030703
12.26,86,2316.32954
9.02,122,2316.759241
8.93,123,2319.606984
9.02,122,2320.01227
12.26,86,2320.306224
8.75,125,2320.741785
9.11,121,2323.585621
5.51,161,2324.120794
9.02,122,2324.539753
5.42,162,2325.091526
8.93,123,2327.905089
12.08,88,2328.198066
9.02,122,2328.670737
9.02,122,2329.098485
8.66,126,2331.967713
12.26,86,2332.252877
12.08,88,2332.555622
8.66,126,2332.986299
9.02,122,2333.390607
11.99,89,2336.146551
8.75,125,2336.575275
8.39,129,2337.008882
4.79,169,2337.570422
4.52,172,2340.567585
8.75,125,2341.01584
8.84,124,2341.440657
8.75,125,2341.869382
8.57,127,2344.72982
5.51,161,2345.275735
8.75,125,2345.696646
9.02,122,2348.529741
4.16,176,2349.131322
8.66,126,2349.548326
9.02,122,2349.964355
8.39,129,2352.844325
3.44,184,2353.457626
9.11,121,2353.868771
3.98,178,2356.940154
9.11,121,2357.338603
5.24,164,2357.900144
8.66,126,2358.341563
8.66,126,2361.227393
8.48,128,2361.657094
8.21,131,2362.113163
8.75,125,2362.53505
8.93,123,2365.365215
8.75,125,2365.794915
8.57,127,2366.224616
8.75,125,2366.657246
5.06,166,2369.694448
12.08,88,2369.995239
4.7,170,2370.576311
5.15,165,2371.141758
8.75,125,2380.453565
8.84,124,2380.902798
8.84,124,2381.336404
8.84,124,2381.758293
8.39,129,2384.625567
11.72,92,2384.931241
11.72,92,2385.236914
3.53,183,2385.867793
4.07,177,2388.937222
8.84,124,2389.371806
3.35,185,2389.992918
8.66,126,2392.985197
8.48,128,2393.435406
8.39,129,2393.880733
8.57,127,2394.30555
11.99,89,2397.091768
8.48,128,2397.570298
8.75,125,2397.993162
8.57,127,2398.416027
8.48,128,2401.390727
4.61,171,2401.976682
8.3,130,2402.422985
8.75,125,2402.853662
8.93,123,2405.708241
8.21,131,2406.149661
9.11,121,2406.573502
11.72,92,2406.894801
11.9,90,2407.198521
9.11,121,2410.029662
8.93,123,2410.443737
8.84,124,2410.867578
12.08,88,2411.169345
9.02,122,2414.000487
5.15,165,2414.562027
8.21,131,2415.003447
11.81,91,2415.313026
8.3,130,2418.210576
8.39,129,2418.657855
8.93,123,2419.082673
8.57,127,2419.541671
8.57,127,2422.472424
8.84,124,2422.907984
8.84,124,2423.331827
8.75,125,2423.75469
8.84,124,2426.624894
8.75,125,2427.052642
8.66,126,2427.483319
8.93,123,2427.899348
8.48,128,2430.770529
8.66,126,2431.198276
8.84,124,2431.618211
8.84,124,2432.053771
9.02,122,2432.46101
8.66,126,2435.311683
11.99,89,2435.61345
11.99,89,2435.915217
4.43,173,2436.496289
8.66,126,2439.383097
11.81,91,2439.690722
8.66,126,2440.11847
8.75,125,2440.548171
11.63,93,2443.278723
12.08,88,2443.595138
9.11,121,2444.014096
8.57,127,2444.435984
8.66,126,2444.866662
9.02,122,2447.713428
8.48,128,2448.155824
8.84,124,2448.574782
8.84,124,2449.023038
11.9,90,2451.865899
8.48,128,2452.346381
9.38,118,2452.770223
4.7,170,2453.363991
9.02,122,2456.287908
4.07,177,2456.925623
8.93,123,2457.333838
8.75,125,2457.772328
11.99,89,2460.579055
8.48,128,2461.005825
8.75,125,2461.432597
8.93,123,2461.860343
8.84,124,2464.742267
12.08,88,2465.05966
11.99,89,2465.379982
8.66,126,2465.829215
8.75,125,2466.284306
12.26,86,2469.095916
4.97,167,2469.672105
8.84,124,2470.084227
11.9,90,2470.385017
11.63,93,2473.148773
11.45,95,2473.466166
9.11,121,2473.873405
4.52,172,2474.443736
8.57,127,2477.347145
8.93,123,2477.760242
8.93,123,2478.17627
8.66,126,2478.604994
8.66,126,2479.036648
9.02,122,2481.878532
8.57,127,2482.326787
8.84,124,2482.751605
9.02,122,2483.165681
8.66,126,2486.031003
11.99,89,2486.336675
8.66,126,2486.781025
12.08,88,2487.084745
4.34,174,2490.088743
8.48,128,2490.517467
9.29,119,2490.928612
11.81,91,2491.236238
11.63,93,2491.544842
8.84,124,2494.388679
8.66,126,2494.818379
8.93,123,2495.23929
11.27,97,2495.558636
8.75,125,2498.390754
11.72,92,2498.705216
9.02,122,2499.144683
8.75,125,2499.565594
8.48,128,2502.413337
9.11,121,2502.835226
8.75,125,2503.25223
8.57,127,2503.681931
11.36,96,2504.005183
8.48,128,2506.907615
8.39,129,2507.353918
4.61,171,2507.93206
5.06,166,2510.95559
8.93,123,2511.365759
8.93,123,2511.790576
8.66,126,2512.208557
8.84,124,2515.066067
12.08,88,2515.363927
5.15,165,2515.913751
8.84,124,2516.321965
12.08,88,2519.085721
8.75,125,2519.533976
8.75,125,2519.983209
4.43,173,2520.623853
5.33,163,2523.692306
11.54,94,2524.003839
8.75,125,2524.43647
9.11,121,2524.858358
8.93,123,2527.689498
8.66,126,2528.112363
8.84,124,2528.530344
4.25,175,2529.138761
12.26,86,2531.868337
3.8,180,2532.503121
9.02,122,2532.936728
11.81,91,2533.243378
